País Português,22/01/20,23/01/20,24/01/20,25/01/20,26/01/20,27/01/20,28/01/20,29/01/20,30/01/20,31/01/20,01/02/20,02/02/20,03/02/20,04/02/20,05/02/20,06/02/20,07/02/20,08/02/20,09/02/20,10/02/20,11/02/20,12/02/20,13/02/20,14/02/20,15/02/20,16/02/20,17/02/20,18/02/20,19/02/20,20/02/20,21/02/20,22/02/20,23/02/20,24/02/20,25/02/20,26/02/20,27/02/20,28/02/20,29/02/20,01/03/20,02/03/20,03/03/20,04/03/20,05/03/20,06/03/20,07/03/20,08/03/20,09/03/20,10/03/20,11/03/20,12/03/20,13/03/20,14/03/20,15/03/20,16/03/20,17/03/20,18/03/20,19/03/20,20/03/20,21/03/20,22/03/20,23/03/20,24/03/20,25/03/20,26/03/20,27/03/20,28/03/20,29/03/20,30/03/20,31/03/20,01/04/20,02/04/20,03/04/20,04/04/20,05/04/20,06/04/20,07/04/20,08/04/20,09/04/20,10/04/20,11/04/20,12/04/20,13/04/20,14/04/20,15/04/20,16/04/20,17/04/20,18/04/20
Afeganistão,0.0,0.0,0.0,0.0,0.0,0.0,0.0,0.0,0.0,0.0,0.0,0.0,0.0,0.0,0.0,0.0,0.0,0.0,0.0,0.0,0.0,0.0,0.0,0.0,0.0,0.0,0.0,0.0,0.0,0.0,0.0,0.0,0.0,0.0026,0.0026,0.0026,0.0026,0.0026,0.0026,0.0026,0.0026,0.0026,0.0026,0.0026,0.0026,0.0026,0.0103,0.0103,0.0128,0.018,0.018,0.018,0.0283,0.0411,0.0539,0.0565,0.0565,0.0565,0.0617,0.0617,0.1028,0.1028,0.1901,0.2158,0.2415,0.2826,0.2826,0.3083,0.4367,0.447,0.6088,0.7013,0.7218,0.7681,0.8965,0.9428,1.0866,1.1406,1.2433,1.3384,1.4257,1.5593,1.7083,1.8341,2.014,2.1578,2.3274,2.3967
Albânia,0.0,0.0,0.0,0.0,0.0,0.0,0.0,0.0,0.0,0.0,0.0,0.0,0.0,0.0,0.0,0.0,0.0,0.0,0.0,0.0,0.0,0.0,0.0,0.0,0.0,0.0,0.0,0.0,0.0,0.0,0.0,0.0,0.0,0.0,0.0,0.0,0.0,0.0,0.0,0.0,0.0,0.0,0.0,0.0,0.0,0.0,0.0,0.0695,0.3475,0.417,0.7992,1.1467,1.3205,1.4594,1.7722,1.9112,2.0502,2.2239,2.4324,2.6409,3.0926,3.6139,4.2741,5.0733,6.0463,6.4633,6.8455,7.3667,7.749,8.444,8.9999,9.6254,10.5636,11.5714,12.5443,13.1003,13.3088,13.8995,14.2123,14.4555,15.0462,15.498,16.2277,16.5057,17.1659,17.9999,18.7296,19.0423
Argélia,0.0,0.0,0.0,0.0,0.0,0.0,0.0,0.0,0.0,0.0,0.0,0.0,0.0,0.0,0.0,0.0,0.0,0.0,0.0,0.0,0.0,0.0,0.0,0.0,0.0,0.0,0.0,0.0,0.0,0.0,0.0,0.0,0.0,0.0,0.0023,0.0023,0.0023,0.0023,0.0023,0.0023,0.0068,0.0114,0.0274,0.0274,0.0388,0.0388,0.0433,0.0456,0.0456,0.0456,0.0547,0.0593,0.0844,0.1095,0.1231,0.1368,0.1688,0.1984,0.2052,0.317,0.4584,0.5245,0.602,0.6887,0.8369,0.9327,1.0353,1.1653,1.3318,1.6328,1.9315,2.2485,2.6704,2.8528,3.0102,3.2451,3.3477,3.5849,3.7992,4.0159,4.1618,4.3648,4.5221,4.7205,4.9258,5.1721,5.5141,5.7787
Andorra,0.0,0.0,0.0,0.0,0.0,0.0,0.0,0.0,0.0,0.0,0.0,0.0,0.0,0.0,0.0,0.0,0.0,0.0,0.0,0.0,0.0,0.0,0.0,0.0,0.0,0.0,0.0,0.0,0.0,0.0,0.0,0.0,0.0,0.0,0.0,0.0,0.0,0.0,0.0,0.0,1.2942,1.2942,1.2942,1.2942,1.2942,1.2942,1.2942,1.2942,1.2942,1.2942,1.2942,1.2942,1.2942,1.2942,2.5885,50.4756,50.4756,68.5951,97.0685,113.8937,146.2499,172.1349,212.2565,243.3184,289.9113,345.564,398.6281,432.2785,478.8714,486.6369,504.7564,553.9377,568.1745,603.1191,648.4178,679.4797,705.3647,729.9553,754.546,777.8425,777.8425,825.7296,836.0836,852.9088,871.0283,871.0283,900.796,911.1499
Angola,0.0,0.0,0.0,0.0,0.0,0.0,0.0,0.0,0.0,0.0,0.0,0.0,0.0,0.0,0.0,0.0,0.0,0.0,0.0,0.0,0.0,0.0,0.0,0.0,0.0,0.0,0.0,0.0,0.0,0.0,0.0,0.0,0.0,0.0,0.0,0.0,0.0,0.0,0.0,0.0,0.0,0.0,0.0,0.0,0.0,0.0,0.0,0.0,0.0,0.0,0.0,0.0,0.0,0.0,0.0,0.0,0.0,0.0,0.003,0.0061,0.0061,0.0091,0.0091,0.0091,0.0122,0.0122,0.0152,0.0213,0.0213,0.0213,0.0243,0.0243,0.0243,0.0304,0.0426,0.0487,0.0517,0.0578,0.0578,0.0578,0.0578,0.0578,0.0578,0.0578,0.0578,0.0578,0.0578,0.073
Antígua e Barbuda,0.0,0.0,0.0,0.0,0.0,0.0,0.0,0.0,0.0,0.0,0.0,0.0,0.0,0.0,0.0,0.0,0.0,0.0,0.0,0.0,0.0,0.0,0.0,0.0,0.0,0.0,0.0,0.0,0.0,0.0,0.0,0.0,0.0,0.0,0.0,0.0,0.0,0.0,0.0,0.0,0.0,0.0,0.0,0.0,0.0,0.0,0.0,0.0,0.0,0.0,0.0,1.0211,1.0211,1.0211,1.0211,1.0211,1.0211,1.0211,1.0211,1.0211,1.0211,3.0634,3.0634,3.0634,7.148,7.148,7.148,7.148,7.148,7.148,7.148,9.1903,15.3172,15.3172,15.3172,15.3172,19.4018,19.4018,19.4018,19.4018,21.4441,21.4441,23.4864,23.4864,23.4864,23.4864,23.4864,23.4864
Argentina,0.0,0.0,0.0,0.0,0.0,0.0,0.0,0.0,0.0,0.0,0.0,0.0,0.0,0.0,0.0,0.0,0.0,0.0,0.0,0.0,0.0,0.0,0.0,0.0,0.0,0.0,0.0,0.0,0.0,0.0,0.0,0.0,0.0,0.0,0.0,0.0,0.0,0.0,0.0,0.0,0.0,0.0022,0.0022,0.0022,0.0044,0.0177,0.0266,0.0266,0.0376,0.042,0.042,0.0686,0.0752,0.0996,0.1239,0.1505,0.1748,0.2146,0.2832,0.3496,0.5886,0.666,0.8563,0.8563,1.1107,1.3032,1.5267,1.6484,1.8143,2.3321,2.3321,2.5069,2.7989,3.2105,3.2105,3.4384,3.6021,3.7946,3.9716,4.3699,4.3699,4.7394,4.8854,5.0381,5.4054,5.6886,5.9054,6.1023
Arménia,0.0,0.0,0.0,0.0,0.0,0.0,0.0,0.0,0.0,0.0,0.0,0.0,0.0,0.0,0.0,0.0,0.0,0.0,0.0,0.0,0.0,0.0,0.0,0.0,0.0,0.0,0.0,0.0,0.0,0.0,0.0,0.0,0.0,0.0,0.0,0.0,0.0,0.0,0.0,0.0337,0.0337,0.0337,0.0337,0.0337,0.0337,0.0337,0.0337,0.0337,0.0337,0.0337,0.135,0.27,0.6074,0.8774,1.7548,2.6323,2.8347,3.8809,4.5896,5.3995,6.5469,7.9305,8.403,8.9429,9.7866,11.1027,13.735,14.3086,16.266,17.9533,19.2694,22.3741,24.8377,25.985,27.7399,28.1111,28.786,29.7309,31.0808,31.6208,32.6332,34.1855,35.0629,36.0078,37.4927,39.1126,40.5299,42.116
Austrália,0.0,0.0,0.0,0.0,0.0157,0.0196,0.0196,0.0235,0.0353,0.0353,0.0471,0.0471,0.0471,0.051,0.051,0.0549,0.0588,0.0588,0.0588,0.0588,0.0588,0.0588,0.0588,0.0588,0.0588,0.0588,0.0588,0.0588,0.0588,0.0588,0.0588,0.0588,0.0588,0.0588,0.0588,0.0588,0.0588,0.0588,0.098,0.1059,0.1176,0.1529,0.2039,0.2157,0.2353,0.2471,0.298,0.3569,0.4196,0.502,0.502,0.7843,0.9804,1.1647,1.4784,1.7726,2.2275,2.6706,3.102,4.2,6.0745,6.5961,8.0157,9.2706,11.0197,12.3255,14.2746,15.6236,17.102,17.8785,19.0668,20.0628,20.9021,21.7648,22.3021,22.7334,23.1178,23.5687,23.9531,24.3727,24.7178,24.7648,24.906,25.157,25.255,25.3413,25.5766,25.6746
Áustria,0.0,0.0,0.0,0.0,0.0,0.0,0.0,0.0,0.0,0.0,0.0,0.0,0.0,0.0,0.0,0.0,0.0,0.0,0.0,0.0,0.0,0.0,0.0,0.0,0.0,0.0,0.0,0.0,0.0,0.0,0.0,0.0,0.0,0.0,0.0222,0.0222,0.0333,0.0333,0.0999,0.1554,0.1999,0.2332,0.322,0.4552,0.6107,0.8772,1.1547,1.4545,2.0208,2.7314,3.3532,5.596,7.2726,9.5488,11.3031,14.7895,18.2759,22.3508,26.5145,31.2445,39.7717,49.6758,58.6583,62.0448,76.7121,85.0173,91.8347,97.5751,106.7908,113.0308,118.9266,123.5677,127.9535,130.807,133.8049,136.5363,140.3336,143.6978,147.051,150.5041,153.291,154.8344,155.9003,157.9544,159.1757,160.7302,162.0515,162.8953
Azerbaijão,0.0,0.0,0.0,0.0,0.0,0.0,0.0,0.0,0.0,0.0,0.0,0.0,0.0,0.0,0.0,0.0,0.0,0.0,0.0,0.0,0.0,0.0,0.0,0.0,0.0,0.0,0.0,0.0,0.0,0.0,0.0,0.0,0.0,0.0,0.0,0.0,0.0,0.0,0.0,0.0296,0.0296,0.0296,0.0296,0.0592,0.0592,0.0888,0.0888,0.0888,0.1085,0.1085,0.1085,0.1479,0.1479,0.2268,0.2762,0.2762,0.2762,0.434,0.434,0.5227,0.6411,0.7101,0.8581,0.9172,1.2033,1.6274,1.795,2.0613,2.6925,2.9391,3.5407,3.9451,4.3692,5.1385,5.7598,6.322,7.0716,8.1072,9.1329,9.774,10.4348,10.8293,11.3224,11.8057,12.358,12.6539,13.2161,13.5415
Bahamas,0.0,0.0,0.0,0.0,0.0,0.0,0.0,0.0,0.0,0.0,0.0,0.0,0.0,0.0,0.0,0.0,0.0,0.0,0.0,0.0,0.0,0.0,0.0,0.0,0.0,0.0,0.0,0.0,0.0,0.0,0.0,0.0,0.0,0.0,0.0,0.0,0.0,0.0,0.0,0.0,0.0,0.0,0.0,0.0,0.0,0.0,0.0,0.0,0.0,0.0,0.0,0.0,0.0,0.0,0.2543,0.2543,0.2543,0.7629,0.7629,1.0172,1.0172,1.0172,1.2715,1.2715,2.2887,2.543,2.543,2.7972,3.5601,3.5601,5.3402,6.1031,6.1031,7.1203,7.1203,7.3746,8.3917,10.1718,10.4261,10.6804,11.6976,11.6976,11.9519,12.4605,12.4605,13.4776,13.7319,13.9862
Bahrein,0.0,0.0,0.0,0.0,0.0,0.0,0.0,0.0,0.0,0.0,0.0,0.0,0.0,0.0,0.0,0.0,0.0,0.0,0.0,0.0,0.0,0.0,0.0,0.0,0.0,0.0,0.0,0.0,0.0,0.0,0.0,0.0,0.0,0.0588,1.3517,1.9394,1.9394,2.1157,2.4095,2.7621,2.8797,2.8797,3.056,3.2323,3.5261,4.9954,4.9954,5.5831,6.4646,11.46,11.46,11.46,12.3415,12.5766,12.5766,13.3994,15.0449,16.3378,16.7492,17.9246,19.6289,22.1559,23.0375,24.6242,26.9162,27.3864,27.9741,29.3258,30.2661,33.3221,33.4396,37.7885,39.4928,40.4331,41.1384,44.4294,47.6617,48.367,52.1282,54.3614,61.1198,66.7617,79.9847,89.7992,98.2031,99.9074,102.2582,104.1976
Bangladesh,0.0,0.0,0.0,0.0,0.0,0.0,0.0,0.0,0.0,0.0,0.0,0.0,0.0,0.0,0.0,0.0,0.0,0.0,0.0,0.0,0.0,0.0,0.0,0.0,0.0,0.0,0.0,0.0,0.0,0.0,0.0,0.0,0.0,0.0,0.0,0.0,0.0,0.0,0.0,0.0,0.0,0.0,0.0,0.0,0.0,0.0,0.0018,0.0018,0.0018,0.0018,0.0018,0.0018,0.0018,0.003,0.0049,0.0061,0.0085,0.0103,0.0121,0.0152,0.0164,0.02,0.0237,0.0237,0.0267,0.0291,0.0291,0.0291,0.0298,0.031,0.0328,0.034,0.037,0.0425,0.0534,0.0747,0.0996,0.1324,0.2004,0.2575,0.2927,0.3771,0.4876,0.6145,0.7475,0.9545,1.116,1.3018
Barbados,0.0,0.0,0.0,0.0,0.0,0.0,0.0,0.0,0.0,0.0,0.0,0.0,0.0,0.0,0.0,0.0,0.0,0.0,0.0,0.0,0.0,0.0,0.0,0.0,0.0,0.0,0.0,0.0,0.0,0.0,0.0,0.0,0.0,0.0,0.0,0.0,0.0,0.0,0.0,0.0,0.0,0.0,0.0,0.0,0.0,0.0,0.0,0.0,0.0,0.0,0.0,0.0,0.0,0.0,0.0,0.696,0.696,1.7399,1.7399,2.0879,4.8717,5.9156,6.2636,6.2636,6.2636,8.3515,9.0474,11.4833,11.4833,11.8312,11.8312,16.007,17.7468,18.0948,19.4867,20.8786,21.9226,21.9226,22.9665,23.3145,23.6625,24.7064,25.0544,25.0544,25.4023,26.0983,26.0983,26.0983
Bielorrússia,0.0,0.0,0.0,0.0,0.0,0.0,0.0,0.0,0.0,0.0,0.0,0.0,0.0,0.0,0.0,0.0,0.0,0.0,0.0,0.0,0.0,0.0,0.0,0.0,0.0,0.0,0.0,0.0,0.0,0.0,0.0,0.0,0.0,0.0,0.0,0.0,0.0,0.0106,0.0106,0.0106,0.0106,0.0106,0.0635,0.0635,0.0635,0.0635,0.0635,0.0635,0.0952,0.0952,0.127,0.2857,0.2857,0.2857,0.381,0.381,0.5397,0.5397,0.7302,0.8043,0.8043,0.8572,0.8572,0.9101,0.9101,0.9948,0.9948,0.9948,1.6086,1.6086,1.725,3.2172,3.7146,4.6564,5.9475,7.4079,9.1118,11.2812,15.726,20.9645,23.5572,27.2824,30.8911,34.7221,39.4526,44.49,50.5751,50.5751
Bélgica,0.0,0.0,0.0,0.0,0.0,0.0,0.0,0.0,0.0,0.0,0.0,0.0,0.0,0.0086,0.0086,0.0086,0.0086,0.0086,0.0086,0.0086,0.0086,0.0086,0.0086,0.0086,0.0086,0.0086,0.0086,0.0086,0.0086,0.0086,0.0086,0.0086,0.0086,0.0086,0.0086,0.0086,0.0086,0.0086,0.0086,0.0173,0.069,0.1122,0.1985,0.4314,0.9405,1.4582,1.7257,2.0622,2.3038,2.7093,2.7093,4.8233,5.945,7.6448,9.1289,10.7251,12.8218,15.488,19.4743,24.289,29.3452,32.2961,36.8347,42.5985,53.7981,62.8493,78.8119,93.4974,102.6694,110.2279,120.4871,132.4288,144.6984,159.0302,169.902,179.5917,191.4989,201.9306,215.5635,230.0938,241.7507,255.8064,263.9344,268.5074,289.6816,300.3463,311.8134,320.8301
Belize,0.0,0.0,0.0,0.0,0.0,0.0,0.0,0.0,0.0,0.0,0.0,0.0,0.0,0.0,0.0,0.0,0.0,0.0,0.0,0.0,0.0,0.0,0.0,0.0,0.0,0.0,0.0,0.0,0.0,0.0,0.0,0.0,0.0,0.0,0.0,0.0,0.0,0.0,0.0,0.0,0.0,0.0,0.0,0.0,0.0,0.0,0.0,0.0,0.0,0.0,0.0,0.0,0.0,0.0,0.0,0.0,0.0,0.0,0.0,0.0,0.0,0.2515,0.2515,0.503,0.503,0.503,0.503,0.503,0.7545,0.7545,0.7545,0.7545,1.006,1.006,1.2575,1.7604,1.7604,2.0119,2.2634,2.5149,3.2694,3.5209,4.5268,4.5268,4.5268,4.5268,4.5268,4.5268
Benim,0.0,0.0,0.0,0.0,0.0,0.0,0.0,0.0,0.0,0.0,0.0,0.0,0.0,0.0,0.0,0.0,0.0,0.0,0.0,0.0,0.0,0.0,0.0,0.0,0.0,0.0,0.0,0.0,0.0,0.0,0.0,0.0,0.0,0.0,0.0,0.0,0.0,0.0,0.0,0.0,0.0,0.0,0.0,0.0,0.0,0.0,0.0,0.0,0.0,0.0,0.0,0.0,0.0,0.0,0.0082,0.0082,0.0165,0.0165,0.0165,0.0165,0.0165,0.0412,0.0495,0.0495,0.0495,0.0495,0.0495,0.0495,0.0495,0.0742,0.1072,0.1072,0.132,0.132,0.1815,0.2145,0.2145,0.2145,0.2145,0.2887,0.2887,0.2887,0.2887,0.2887,0.2887,0.2887,0.2887,0.2887
Butão,0.0,0.0,0.0,0.0,0.0,0.0,0.0,0.0,0.0,0.0,0.0,0.0,0.0,0.0,0.0,0.0,0.0,0.0,0.0,0.0,0.0,0.0,0.0,0.0,0.0,0.0,0.0,0.0,0.0,0.0,0.0,0.0,0.0,0.0,0.0,0.0,0.0,0.0,0.0,0.0,0.0,0.0,0.0,0.0,0.1296,0.1296,0.1296,0.1296,0.1296,0.1296,0.1296,0.1296,0.1296,0.1296,0.1296,0.1296,0.1296,0.1296,0.2592,0.2592,0.2592,0.2592,0.2592,0.2592,0.2592,0.3888,0.3888,0.5184,0.5184,0.5184,0.5184,0.648,0.648,0.648,0.648,0.648,0.648,0.648,0.648,0.648,0.648,0.648,0.648,0.648,0.648,0.648,0.648,0.648
Bolívia,0.0,0.0,0.0,0.0,0.0,0.0,0.0,0.0,0.0,0.0,0.0,0.0,0.0,0.0,0.0,0.0,0.0,0.0,0.0,0.0,0.0,0.0,0.0,0.0,0.0,0.0,0.0,0.0,0.0,0.0,0.0,0.0,0.0,0.0,0.0,0.0,0.0,0.0,0.0,0.0,0.0,0.0,0.0,0.0,0.0,0.0,0.0,0.0,0.0,0.0171,0.0171,0.0257,0.0857,0.0857,0.0942,0.0942,0.1028,0.1028,0.1285,0.1628,0.2056,0.2313,0.2484,0.2741,0.3684,0.5226,0.6339,0.6939,0.831,0.9166,0.9852,1.0537,1.1308,1.1908,1.345,1.5677,1.662,1.799,2.2616,2.2959,2.3559,2.57,2.827,3.0326,3.401,3.7779,3.9835,4.2234
Bósnia e Herzegovina,0.0,0.0,0.0,0.0,0.0,0.0,0.0,0.0,0.0,0.0,0.0,0.0,0.0,0.0,0.0,0.0,0.0,0.0,0.0,0.0,0.0,0.0,0.0,0.0,0.0,0.0,0.0,0.0,0.0,0.0,0.0,0.0,0.0,0.0,0.0,0.0,0.0,0.0,0.0,0.0,0.0,0.0,0.0,0.061,0.061,0.0914,0.0914,0.0914,0.1524,0.2134,0.3353,0.3962,0.5486,0.7315,0.762,0.7925,1.1582,1.9203,2.7127,2.8347,3.8405,4.1453,5.0597,5.3645,5.8217,7.2238,7.8639,9.8451,11.2167,12.8017,13.9904,16.2459,17.648,19.0196,19.934,20.5437,23.2869,24.5061,26.152,27.4627,28.8343,30.7545,31.608,33.0101,33.833,35.5704,37.003,38.6489
Botswana,0.0,0.0,0.0,0.0,0.0,0.0,0.0,0.0,0.0,0.0,0.0,0.0,0.0,0.0,0.0,0.0,0.0,0.0,0.0,0.0,0.0,0.0,0.0,0.0,0.0,0.0,0.0,0.0,0.0,0.0,0.0,0.0,0.0,0.0,0.0,0.0,0.0,0.0,0.0,0.0,0.0,0.0,0.0,0.0,0.0,0.0,0.0,0.0,0.0,0.0,0.0,0.0,0.0,0.0,0.0,0.0,0.0,0.0,0.0,0.0,0.0,0.0,0.0,0.0,0.0,0.0,0.0,0.0,0.1276,0.1701,0.1701,0.1701,0.1701,0.1701,0.2551,0.2551,0.2551,0.2551,0.5528,0.5528,0.5528,0.5528,0.5528,0.5528,0.5528,0.6379,0.6379,0.6379
Brasil,0.0,0.0,0.0,0.0,0.0,0.0,0.0,0.0,0.0,0.0,0.0,0.0,0.0,0.0,0.0,0.0,0.0,0.0,0.0,0.0,0.0,0.0,0.0,0.0,0.0,0.0,0.0,0.0,0.0,0.0,0.0,0.0,0.0,0.0,0.0,0.0005,0.0005,0.0005,0.0009,0.0009,0.0009,0.0009,0.0019,0.0019,0.0061,0.0061,0.0094,0.0118,0.0146,0.0179,0.0245,0.071,0.071,0.0762,0.0941,0.151,0.175,0.2922,0.3731,0.4803,0.7273,0.9052,1.0571,1.2015,1.4043,1.6076,1.8367,2.0023,2.1542,2.6896,3.216,3.7844,4.2605,4.8739,5.2362,5.7212,6.6024,7.6073,8.5115,9.2388,9.7512,10.4404,11.0228,11.8847,13.3233,14.3136,15.8459,17.246
Brunei,0.0,0.0,0.0,0.0,0.0,0.0,0.0,0.0,0.0,0.0,0.0,0.0,0.0,0.0,0.0,0.0,0.0,0.0,0.0,0.0,0.0,0.0,0.0,0.0,0.0,0.0,0.0,0.0,0.0,0.0,0.0,0.0,0.0,0.0,0.0,0.0,0.0,0.0,0.0,0.0,0.0,0.0,0.0,0.0,0.0,0.0,0.0,0.2286,0.2286,2.5144,2.5144,8.4575,9.1433,11.4291,12.3434,12.8006,15.5436,17.1437,17.8294,18.9723,20.1153,20.801,23.7726,24.9155,26.0584,26.287,27.4299,28.8014,29.03,29.4871,29.9443,30.4015,30.63,30.8586,30.8586,30.8586,30.8586,30.8586,30.8586,31.0872,31.0872,31.0872,31.0872,31.0872,31.0872,31.0872,31.0872,31.3158
Bulgária,0.0,0.0,0.0,0.0,0.0,0.0,0.0,0.0,0.0,0.0,0.0,0.0,0.0,0.0,0.0,0.0,0.0,0.0,0.0,0.0,0.0,0.0,0.0,0.0,0.0,0.0,0.0,0.0,0.0,0.0,0.0,0.0,0.0,0.0,0.0,0.0,0.0,0.0,0.0,0.0,0.0,0.0,0.0,0.0,0.0,0.0,0.0576,0.0576,0.0576,0.1007,0.1007,0.331,0.5901,0.734,0.7484,0.9642,1.324,1.3528,1.8277,2.3458,2.6912,2.8927,3.1374,3.4828,3.7994,4.2168,4.7637,4.9795,5.1666,5.7423,6.0733,6.577,6.98,7.239,7.642,7.901,8.304,8.5343,8.8941,9.1387,9.5129,9.7144,9.8583,10.2613,10.7506,11.5134,12.1754,12.6359
Burkina Faso,0.0,0.0,0.0,0.0,0.0,0.0,0.0,0.0,0.0,0.0,0.0,0.0,0.0,0.0,0.0,0.0,0.0,0.0,0.0,0.0,0.0,0.0,0.0,0.0,0.0,0.0,0.0,0.0,0.0,0.0,0.0,0.0,0.0,0.0,0.0,0.0,0.0,0.0,0.0,0.0,0.0,0.0,0.0,0.0,0.0,0.0,0.0,0.0,0.0048,0.0096,0.0096,0.0096,0.0096,0.0144,0.0718,0.0718,0.0957,0.1579,0.1914,0.3062,0.3588,0.4736,0.5454,0.6985,0.7272,0.8611,0.9903,1.062,1.1768,1.2486,1.3491,1.3778,1.4447,1.5213,1.6505,1.7414,1.837,1.9806,2.1193,2.1193,2.3154,2.3776,2.3776,2.5259,2.5929,2.612,2.6647,2.7029
Myanmar,0.0,0.0,0.0,0.0,0.0,0.0,0.0,0.0,0.0,0.0,0.0,0.0,0.0,0.0,0.0,0.0,0.0,0.0,0.0,0.0,0.0,0.0,0.0,0.0,0.0,0.0,0.0,0.0,0.0,0.0,0.0,0.0,0.0,0.0,0.0,0.0,0.0,0.0,0.0,0.0,0.0,0.0,0.0,0.0,0.0,0.0,0.0,0.0,0.0,0.0,0.0,0.0,0.0,0.0,0.0,0.0,0.0,0.0,0.0,0.0,0.0,0.0,0.0,0.0,0.0,0.0147,0.0147,0.0184,0.0257,0.0276,0.0276,0.0368,0.0368,0.0386,0.0386,0.0404,0.0404,0.0404,0.0423,0.0496,0.0698,0.0754,0.114,0.1158,0.136,0.1562,0.1617,0.1801
Burundi,0.0,0.0,0.0,0.0,0.0,0.0,0.0,0.0,0.0,0.0,0.0,0.0,0.0,0.0,0.0,0.0,0.0,0.0,0.0,0.0,0.0,0.0,0.0,0.0,0.0,0.0,0.0,0.0,0.0,0.0,0.0,0.0,0.0,0.0,0.0,0.0,0.0,0.0,0.0,0.0,0.0,0.0,0.0,0.0,0.0,0.0,0.0,0.0,0.0,0.0,0.0,0.0,0.0,0.0,0.0,0.0,0.0,0.0,0.0,0.0,0.0,0.0,0.0,0.0,0.0,0.0,0.0,0.0,0.0,0.0168,0.0168,0.0252,0.0252,0.0252,0.0252,0.0252,0.0252,0.0252,0.0252,0.0252,0.042,0.042,0.042,0.042,0.042,0.042,0.042,0.042
Cabo Verde,0.0,0.0,0.0,0.0,0.0,0.0,0.0,0.0,0.0,0.0,0.0,0.0,0.0,0.0,0.0,0.0,0.0,0.0,0.0,0.0,0.0,0.0,0.0,0.0,0.0,0.0,0.0,0.0,0.0,0.0,0.0,0.0,0.0,0.0,0.0,0.0,0.0,0.0,0.0,0.0,0.0,0.0,0.0,0.0,0.0,0.0,0.0,0.0,0.0,0.0,0.0,0.0,0.0,0.0,0.0,0.0,0.0,0.0,0.1799,0.5396,0.5396,0.5396,0.5396,0.7194,0.7194,0.8993,0.8993,1.0792,1.0792,1.0792,1.0792,1.0792,1.0792,1.259,1.259,1.259,1.259,1.259,1.259,1.259,1.4389,1.4389,1.7986,1.9785,10.0722,10.0722,10.0722,10.4319
Camboja,0.0,0.0,0.0,0.0,0.0,0.006,0.006,0.006,0.006,0.006,0.006,0.006,0.006,0.006,0.006,0.006,0.006,0.006,0.006,0.006,0.006,0.006,0.006,0.006,0.006,0.006,0.006,0.006,0.006,0.006,0.006,0.006,0.006,0.006,0.006,0.006,0.006,0.006,0.006,0.006,0.006,0.006,0.006,0.006,0.006,0.006,0.012,0.012,0.012,0.0179,0.0179,0.0299,0.0419,0.0419,0.0419,0.1974,0.2093,0.2213,0.305,0.317,0.5024,0.5204,0.5443,0.5742,0.5742,0.5921,0.5921,0.6161,0.64,0.652,0.652,0.6579,0.6819,0.6819,0.6819,0.6819,0.6878,0.6998,0.7118,0.7118,0.7177,0.7297,0.7297,0.7297,0.7297,0.7297,0.7297,0.7297
Camarões,0.0,0.0,0.0,0.0,0.0,0.0,0.0,0.0,0.0,0.0,0.0,0.0,0.0,0.0,0.0,0.0,0.0,0.0,0.0,0.0,0.0,0.0,0.0,0.0,0.0,0.0,0.0,0.0,0.0,0.0,0.0,0.0,0.0,0.0,0.0,0.0,0.0,0.0,0.0,0.0,0.0,0.0,0.0,0.0,0.0038,0.0038,0.0075,0.0075,0.0075,0.0075,0.0075,0.0075,0.0075,0.0075,0.0151,0.0377,0.0377,0.049,0.0753,0.1017,0.1507,0.211,0.2486,0.2825,0.2825,0.3428,0.3428,0.5236,0.5236,0.727,0.8777,1.1527,1.9174,2.0907,2.4486,2.4787,2.4787,2.75,2.75,3.089,3.089,3.089,3.089,3.1945,3.1945,3.752,3.752,3.8311
Canadá,0.0,0.0,0.0,0.0,0.0026,0.0026,0.0053,0.0053,0.0053,0.0106,0.0106,0.0106,0.0106,0.0106,0.0132,0.0132,0.0185,0.0185,0.0185,0.0185,0.0185,0.0185,0.0185,0.0185,0.0185,0.0185,0.0212,0.0212,0.0212,0.0212,0.0238,0.0238,0.0238,0.0265,0.0291,0.0291,0.0344,0.0371,0.053,0.0636,0.0715,0.0795,0.0874,0.098,0.1298,0.1431,0.1696,0.204,0.2093,0.2862,0.31,0.5114,0.5246,0.6677,1.0996,1.2665,1.7408,2.1196,2.4985,3.3835,3.8922,5.5323,7.3923,8.6137,10.7095,12.4052,14.7739,16.6392,19.6014,22.5928,25.3298,29.8976,32.9525,34.386,41.7464,43.8846,47.3529,50.7152,54.724,58.4466,61.7771,64.3789,68.038,71.6281,74.7387,81.6276,86.9399,91.0255
República Centro-Africana,0.0,0.0,0.0,0.0,0.0,0.0,0.0,0.0,0.0,0.0,0.0,0.0,0.0,0.0,0.0,0.0,0.0,0.0,0.0,0.0,0.0,0.0,0.0,0.0,0.0,0.0,0.0,0.0,0.0,0.0,0.0,0.0,0.0,0.0,0.0,0.0,0.0,0.0,0.0,0.0,0.0,0.0,0.0,0.0,0.0,0.0,0.0,0.0,0.0,0.0,0.0,0.0,0.0,0.0207,0.0207,0.0207,0.0207,0.0207,0.0621,0.0621,0.0621,0.0621,0.0621,0.0621,0.0621,0.0621,0.0621,0.0621,0.0621,0.0621,0.0621,0.0621,0.1656,0.1656,0.1656,0.1656,0.1656,0.1656,0.1656,0.1656,0.1656,0.1656,0.2278,0.2278,0.2485,0.2485,0.2485,0.2485
Chade,0.0,0.0,0.0,0.0,0.0,0.0,0.0,0.0,0.0,0.0,0.0,0.0,0.0,0.0,0.0,0.0,0.0,0.0,0.0,0.0,0.0,0.0,0.0,0.0,0.0,0.0,0.0,0.0,0.0,0.0,0.0,0.0,0.0,0.0,0.0,0.0,0.0,0.0,0.0,0.0,0.0,0.0,0.0,0.0,0.0,0.0,0.0,0.0,0.0,0.0,0.0,0.0,0.0,0.0,0.0,0.0,0.0,0.0061,0.0061,0.0061,0.0061,0.0061,0.0183,0.0183,0.0183,0.0183,0.0183,0.0183,0.0304,0.0426,0.0426,0.0487,0.0487,0.0548,0.0548,0.0548,0.0609,0.0609,0.067,0.067,0.067,0.1096,0.14,0.14,0.14,0.1644,0.1644,0.2009
Chile,0.0,0.0,0.0,0.0,0.0,0.0,0.0,0.0,0.0,0.0,0.0,0.0,0.0,0.0,0.0,0.0,0.0,0.0,0.0,0.0,0.0,0.0,0.0,0.0,0.0,0.0,0.0,0.0,0.0,0.0,0.0,0.0,0.0,0.0,0.0,0.0,0.0,0.0,0.0,0.0,0.0,0.0052,0.0052,0.0209,0.0209,0.0209,0.0418,0.0418,0.068,0.1203,0.1203,0.2249,0.3191,0.3871,0.8108,1.0515,1.245,1.245,2.2703,2.8091,3.3061,3.9024,4.8231,5.974,6.8319,8.4222,9.9863,11.1895,12.8111,14.3229,15.8557,17.8069,19.5489,21.7669,23.3885,25.1881,26.7626,29.012,31.2405,34.0078,36.2363,37.7324,39.3645,41.4151,43.2774,46.0709,48.3987,50.8992
China,0.0381,0.0447,0.0639,0.0977,0.1442,0.1999,0.3827,0.4229,0.5656,0.681,0.8262,1.1554,1.3698,1.6471,1.9065,2.1251,2.3699,2.5577,2.7672,2.9426,3.0838,3.1097,4.1613,4.6104,4.7531,4.899,5.0325,5.156,5.1843,5.2161,5.249,5.3498,5.3513,5.3665,5.4021,5.4307,5.4609,5.4837,5.5134,5.5534,5.5676,5.5763,5.585,5.5955,5.6061,5.6117,5.6153,5.6179,5.6198,5.6222,5.6229,5.6238,5.626,5.6279,5.6299,5.6317,5.6347,5.6385,5.645,5.6488,5.6579,5.6622,5.6687,5.6736,5.682,5.69,5.6971,5.7056,5.7109,5.7165,5.7222,5.7271,5.7326,5.7348,5.7389,5.7433,5.747,5.7533,5.7585,5.7625,5.7676,5.7759,5.7814,5.7879,5.7913,5.7946,5.8194,5.8213
Colômbia,0.0,0.0,0.0,0.0,0.0,0.0,0.0,0.0,0.0,0.0,0.0,0.0,0.0,0.0,0.0,0.0,0.0,0.0,0.0,0.0,0.0,0.0,0.0,0.0,0.0,0.0,0.0,0.0,0.0,0.0,0.0,0.0,0.0,0.0,0.0,0.0,0.0,0.0,0.0,0.0,0.0,0.0,0.0,0.0,0.002,0.002,0.002,0.002,0.0059,0.0177,0.0177,0.0255,0.0432,0.0668,0.1061,0.1277,0.1828,0.2005,0.2516,0.3852,0.454,0.5444,0.7429,0.9237,0.965,1.0593,1.1949,1.3796,1.5683,1.7806,2.093,2.2817,2.49,2.7632,2.9185,3.1032,3.4982,4.0367,4.3689,4.8602,5.324,5.4557,5.605,5.8546,6.1022,6.3538,6.7587,6.7587
República do Congo,0.0,0.0,0.0,0.0,0.0,0.0,0.0,0.0,0.0,0.0,0.0,0.0,0.0,0.0,0.0,0.0,0.0,0.0,0.0,0.0,0.0,0.0,0.0,0.0,0.0,0.0,0.0,0.0,0.0,0.0,0.0,0.0,0.0,0.0,0.0,0.0,0.0,0.0,0.0,0.0,0.0,0.0,0.0,0.0,0.0,0.0,0.0,0.0,0.0,0.0,0.0,0.0,0.0,0.0181,0.0181,0.0181,0.0181,0.0544,0.0544,0.0544,0.0544,0.0725,0.0725,0.0725,0.0725,0.0725,0.0725,0.3443,0.3443,0.3443,0.3443,0.3987,0.3987,0.3987,0.8155,0.8155,0.8155,0.8155,1.0873,1.0873,1.0873,1.0873,1.0873,1.0873,2.1203,2.1203,2.5915,2.5915
República Democrática do Congo,0.0,0.0,0.0,0.0,0.0,0.0,0.0,0.0,0.0,0.0,0.0,0.0,0.0,0.0,0.0,0.0,0.0,0.0,0.0,0.0,0.0,0.0,0.0,0.0,0.0,0.0,0.0,0.0,0.0,0.0,0.0,0.0,0.0,0.0,0.0,0.0,0.0,0.0,0.0,0.0,0.0,0.0,0.0,0.0,0.0,0.0,0.0,0.0,0.0,0.0011,0.0011,0.0022,0.0022,0.0022,0.0022,0.0033,0.0045,0.0156,0.0201,0.0257,0.0335,0.0402,0.0502,0.0536,0.0569,0.0569,0.0726,0.0726,0.0904,0.1094,0.1217,0.1496,0.1496,0.1719,0.1719,0.1798,0.201,0.201,0.201,0.2401,0.249,0.2613,0.2624,0.2691,0.2836,0.2981,0.3205,0.3428
Costa Rica,0.0,0.0,0.0,0.0,0.0,0.0,0.0,0.0,0.0,0.0,0.0,0.0,0.0,0.0,0.0,0.0,0.0,0.0,0.0,0.0,0.0,0.0,0.0,0.0,0.0,0.0,0.0,0.0,0.0,0.0,0.0,0.0,0.0,0.0,0.0,0.0,0.0,0.0,0.0,0.0,0.0,0.0,0.0,0.0,0.0196,0.0196,0.0982,0.1767,0.1767,0.2552,0.4319,0.4515,0.5104,0.53,0.6871,0.8048,0.9815,1.3545,1.7471,2.2968,2.6305,3.1016,3.4746,3.9457,4.5346,5.1628,5.791,6.164,6.4781,6.8118,7.3614,7.7737,8.1663,8.5393,8.9122,9.1674,9.4815,9.8545,10.5808,10.9538,11.3268,11.6801,12.0139,12.1316,12.2887,12.6028,12.7402,12.858
Costa do Marfim,0.0,0.0,0.0,0.0,0.0,0.0,0.0,0.0,0.0,0.0,0.0,0.0,0.0,0.0,0.0,0.0,0.0,0.0,0.0,0.0,0.0,0.0,0.0,0.0,0.0,0.0,0.0,0.0,0.0,0.0,0.0,0.0,0.0,0.0,0.0,0.0,0.0,0.0,0.0,0.0,0.0,0.0,0.0,0.0,0.0,0.0,0.0,0.0,0.0,0.0038,0.0038,0.0038,0.0038,0.0038,0.0038,0.019,0.0227,0.0341,0.0341,0.0531,0.0531,0.0948,0.2767,0.3033,0.3639,0.3829,0.3829,0.6255,0.6369,0.6786,0.7203,0.7355,0.8264,0.9288,0.9895,1.2245,1.3231,1.4557,1.6832,1.6832,2.0206,2.176,2.3732,2.4187,2.4187,2.4793,2.6082,3.0366
Croácia,0.0,0.0,0.0,0.0,0.0,0.0,0.0,0.0,0.0,0.0,0.0,0.0,0.0,0.0,0.0,0.0,0.0,0.0,0.0,0.0,0.0,0.0,0.0,0.0,0.0,0.0,0.0,0.0,0.0,0.0,0.0,0.0,0.0,0.0,0.0244,0.0731,0.0731,0.1218,0.1462,0.1705,0.1705,0.2192,0.2436,0.2436,0.2679,0.2923,0.2923,0.2923,0.341,0.4628,0.4628,0.7795,0.9256,1.1936,1.3885,1.5833,1.9731,2.5577,3.1179,5.0179,6.1872,7.6731,9.3051,10.7667,12.0577,14.2743,16.0038,17.3679,19.2436,21.1192,23.4577,24.6269,26.2833,27.4282,28.7923,29.7666,31.2282,32.7141,34.273,36.4166,37.3666,38.9743,40.1923,41.5077,42.4089,43.6269,44.1871,44.6256
Cuba,0.0,0.0,0.0,0.0,0.0,0.0,0.0,0.0,0.0,0.0,0.0,0.0,0.0,0.0,0.0,0.0,0.0,0.0,0.0,0.0,0.0,0.0,0.0,0.0,0.0,0.0,0.0,0.0,0.0,0.0,0.0,0.0,0.0,0.0,0.0,0.0,0.0,0.0,0.0,0.0,0.0,0.0,0.0,0.0,0.0,0.0,0.0,0.0,0.0,0.0,0.0265,0.0353,0.0353,0.0353,0.0353,0.0441,0.0618,0.0971,0.1413,0.1854,0.309,0.3532,0.4238,0.5032,0.5915,0.7063,1.0506,1.2272,1.5009,1.6421,1.8717,2.0571,2.3749,2.5427,2.8252,3.0901,3.4962,4.0347,4.5468,4.9794,5.4738,5.9064,6.4097,6.7628,7.1866,7.6104,8.1489,8.7052
Chipre,0.0,0.0,0.0,0.0,0.0,0.0,0.0,0.0,0.0,0.0,0.0,0.0,0.0,0.0,0.0,0.0,0.0,0.0,0.0,0.0,0.0,0.0,0.0,0.0,0.0,0.0,0.0,0.0,0.0,0.0,0.0,0.0,0.0,0.0,0.0,0.0,0.0,0.0,0.0,0.0,0.0,0.0,0.0,0.0,0.0,0.0,0.0,0.1657,0.2485,0.497,0.497,1.1596,2.1535,2.1535,2.7332,3.81,4.0584,5.5493,5.5493,6.9573,7.8684,9.6077,10.2704,10.933,12.0925,13.4177,14.8257,17.7246,19.0498,21.7003,26.5041,29.4858,32.7989,35.2836,36.9401,38.5138,40.9158,43.5662,46.7135,49.2811,51.0205,52.4285,54.8304,57.5637,59.2202,60.8767,62.1191,63.0301
República Tcheca,0.0,0.0,0.0,0.0,0.0,0.0,0.0,0.0,0.0,0.0,0.0,0.0,0.0,0.0,0.0,0.0,0.0,0.0,0.0,0.0,0.0,0.0,0.0,0.0,0.0,0.0,0.0,0.0,0.0,0.0,0.0,0.0,0.0,0.0,0.0,0.0,0.0,0.0,0.0,0.028,0.028,0.0467,0.0747,0.1121,0.1681,0.1774,0.2895,0.2895,0.3829,0.8498,0.8778,1.3167,1.7649,2.3625,2.7827,3.6978,4.3328,6.4805,7.7785,9.2913,10.4585,11.5417,13.0171,15.445,17.9756,21.2812,24.5682,26.305,28.0232,30.89,32.7576,36.0258,38.2016,41.7593,42.8332,45.0276,46.8485,49.6032,52.0031,53.5252,54.4496,55.9437,56.5787,57.0643,58.0447,60.0711,61.1543,61.6865
Dinamarca,0.0,0.0,0.0,0.0,0.0,0.0,0.0,0.0,0.0,0.0,0.0,0.0,0.0,0.0,0.0,0.0,0.0,0.0,0.0,0.0,0.0,0.0,0.0,0.0,0.0,0.0,0.0,0.0,0.0,0.0,0.0,0.0,0.0,0.0,0.0,0.0,0.0173,0.0173,0.0518,0.0691,0.0691,0.1036,0.1899,0.1899,0.4144,0.4144,0.6388,1.5883,4.5579,7.6655,10.6523,13.8807,14.4332,15.1065,16.1079,17.6962,19.2673,21.1491,23.0828,24.5157,26.1386,27.1399,29.6606,32.1467,34.9263,37.9821,40.848,44.2664,47.5639,52.4671,56.8005,61.6864,68.1261,73.7025,78.7438,84.1649,90.9153,96.6299,100.6526,103.8293,106.8851,109.9582,112.4443,115.7763,118.7113,122.1297,125.479,128.3968
Diamond Princess,0.0,0.0,0.0,0.0,0.0,0.0,0.0,0.0,0.0,0.0,0.0,0.0,0.0,0.0,0.0,0.0,1643.7618,1643.7618,1724.6025,3637.8335,3637.8335,4715.7101,4715.7101,5874.4274,7679.8707,9566.1547,12233.8992,14605.2277,16734.034,17084.3438,17084.3438,17084.3438,18620.318,18620.318,18620.318,18997.5748,18997.5748,18997.5748,18997.5748,18997.5748,18997.5748,19024.5217,19024.5217,19024.5217,19024.5217,19024.5217,19024.5217,19024.5217,19024.5217,19024.5217,19024.5217,19024.5217,19024.5217,19024.5217,19024.5217,19024.5217,19186.2032,19186.2032,19186.2032,19186.2032,19186.2032,19186.2032,19186.2032,19186.2032,19186.2032,19186.2032,19186.2032,19186.2032,19186.2032,19186.2032,19186.2032,19186.2032,19186.2032,19186.2032,19186.2032,19186.2032,19186.2032,19186.2032,19186.2032,19186.2032,19186.2032,19186.2032,19186.2032,19186.2032,19186.2032,19186.2032,19186.2032,19186.2032
Djibouti,0.0,0.0,0.0,0.0,0.0,0.0,0.0,0.0,0.0,0.0,0.0,0.0,0.0,0.0,0.0,0.0,0.0,0.0,0.0,0.0,0.0,0.0,0.0,0.0,0.0,0.0,0.0,0.0,0.0,0.0,0.0,0.0,0.0,0.0,0.0,0.0,0.0,0.0,0.0,0.0,0.0,0.0,0.0,0.0,0.0,0.0,0.0,0.0,0.0,0.0,0.0,0.0,0.0,0.0,0.0,0.0,101.2146,101.2146,101.2146,101.2146,101.2146,303.6437,303.6437,1113.3603,1113.3603,1214.5749,1417.004,1821.8623,1821.8623,3036.4372,3340.081,4048.583,4959.5142,5060.7287,5971.6599,9109.3117,9109.3117,13663.9676,13663.9676,15182.1862,18927.1255,21659.919,30161.9433,36740.8907,44028.3401,59817.8138,74089.0688,74089.0688
Domínica,0.0,0.0,0.0,0.0,0.0,0.0,0.0,0.0,0.0,0.0,0.0,0.0,0.0,0.0,0.0,0.0,0.0,0.0,0.0,0.0,0.0,0.0,0.0,0.0,0.0,0.0,0.0,0.0,0.0,0.0,0.0,0.0,0.0,0.0,0.0,0.0,0.0,0.0,0.0,0.0,0.0,0.0,0.0,0.0,0.0,0.0,0.0,0.0,0.0,0.0,0.0,0.0,0.0,0.0,0.0,0.0,0.0,0.0,0.0,0.0,1.3892,2.7783,2.7783,9.7241,15.2807,15.2807,15.2807,15.2807,15.2807,16.6699,16.6699,16.6699,16.6699,19.4482,19.4482,20.8374,20.8374,20.8374,20.8374,22.2265,22.2265,22.2265,22.2265,22.2265,22.2265,22.2265,22.2265,22.2265
República Dominicana,0.0,0.0,0.0,0.0,0.0,0.0,0.0,0.0,0.0,0.0,0.0,0.0,0.0,0.0,0.0,0.0,0.0,0.0,0.0,0.0,0.0,0.0,0.0,0.0,0.0,0.0,0.0,0.0,0.0,0.0,0.0,0.0,0.0,0.0,0.0,0.0,0.0,0.0,0.0,0.0092,0.0092,0.0092,0.0092,0.0092,0.0184,0.0184,0.0461,0.0461,0.0461,0.0461,0.0461,0.0461,0.1014,0.1014,0.1014,0.1936,0.1936,0.3134,0.6637,1.0325,1.8621,2.2585,2.8761,3.6136,4.4986,5.3559,6.628,7.9186,8.3057,10.2232,11.8364,12.7213,13.7169,13.7169,16.086,16.8512,18.0311,19.46,21.6539,24.1521,25.4335,27.3509,29.1946,30.2915,33.3152,34.615,38.035,39.9616
Equador,0.0,0.0,0.0,0.0,0.0,0.0,0.0,0.0,0.0,0.0,0.0,0.0,0.0,0.0,0.0,0.0,0.0,0.0,0.0,0.0,0.0,0.0,0.0,0.0,0.0,0.0,0.0,0.0,0.0,0.0,0.0,0.0,0.0,0.0,0.0,0.0,0.0,0.0,0.0,0.034,0.034,0.0397,0.0567,0.0737,0.0737,0.0737,0.0794,0.085,0.085,0.0964,0.0964,0.0964,0.1587,0.1587,0.2097,0.3287,0.6291,1.1279,2.0801,2.868,4.472,5.5603,6.1327,6.6485,7.9521,9.0404,10.3327,10.9051,11.1205,12.6962,15.5755,17.9277,19.0897,19.6395,20.6654,21.2378,21.2378,25.2224,28.1414,40.5882,41.1323,42.3169,42.674,43.0934,44.5388,46.6189,47.8942,51.1363
Egito,0.0,0.0,0.0,0.0,0.0,0.0,0.0,0.0,0.0,0.0,0.0,0.0,0.0,0.0,0.0,0.0,0.0,0.0,0.0,0.0,0.0,0.0,0.0,0.001,0.001,0.001,0.001,0.001,0.001,0.001,0.001,0.001,0.001,0.001,0.001,0.001,0.001,0.001,0.001,0.002,0.002,0.002,0.002,0.0029,0.0147,0.0147,0.0479,0.0537,0.0577,0.0586,0.0655,0.0782,0.1065,0.1075,0.1466,0.1915,0.1915,0.2502,0.2785,0.2873,0.3195,0.3577,0.3928,0.4456,0.4837,0.5238,0.5629,0.5951,0.641,0.6938,0.7612,0.8453,0.9625,1.0456,1.1462,1.2918,1.4169,1.5244,1.6602,1.7531,1.8948,2.0179,2.14,2.2964,2.4479,2.612,2.7791,2.9628
El Salvador,0.0,0.0,0.0,0.0,0.0,0.0,0.0,0.0,0.0,0.0,0.0,0.0,0.0,0.0,0.0,0.0,0.0,0.0,0.0,0.0,0.0,0.0,0.0,0.0,0.0,0.0,0.0,0.0,0.0,0.0,0.0,0.0,0.0,0.0,0.0,0.0,0.0,0.0,0.0,0.0,0.0,0.0,0.0,0.0,0.0,0.0,0.0,0.0,0.0,0.0,0.0,0.0,0.0,0.0,0.0,0.0,0.0,0.0154,0.0154,0.0463,0.0463,0.0463,0.0771,0.1388,0.2004,0.2004,0.2929,0.37,0.4625,0.4934,0.4934,0.6321,0.7092,0.8634,0.9559,1.0638,1.2026,1.4338,1.588,1.8038,1.8192,1.9272,2.1122,2.2972,2.4514,2.5284,2.7289,2.9293
Guiné Equatorial,0.0,0.0,0.0,0.0,0.0,0.0,0.0,0.0,0.0,0.0,0.0,0.0,0.0,0.0,0.0,0.0,0.0,0.0,0.0,0.0,0.0,0.0,0.0,0.0,0.0,0.0,0.0,0.0,0.0,0.0,0.0,0.0,0.0,0.0,0.0,0.0,0.0,0.0,0.0,0.0,0.0,0.0,0.0,0.0,0.0,0.0,0.0,0.0,0.0,0.0,0.0,0.0,0.0,0.0713,0.0713,0.0713,0.2851,0.4277,0.4277,0.4277,0.4277,0.6415,0.6415,0.6415,0.8553,0.8553,0.8553,0.8553,0.8553,0.8553,1.0691,1.0691,1.1404,1.1404,1.1404,1.1404,1.1404,1.283,1.283,1.283,1.283,1.4968,1.4968,2.9223,3.6351,3.6351,5.6309,5.6309
Eritreia,0.0,0.0,0.0,0.0,0.0,0.0,0.0,0.0,0.0,0.0,0.0,0.0,0.0,0.0,0.0,0.0,0.0,0.0,0.0,0.0,0.0,0.0,0.0,0.0,0.0,0.0,0.0,0.0,0.0,0.0,0.0,0.0,0.0,0.0,0.0,0.0,0.0,0.0,0.0,0.0,0.0,0.0,0.0,0.0,0.0,0.0,0.0,0.0,0.0,0.0,0.0,0.0,0.0,0.0,0.0,0.0,0.0,0.0,0.0,0.0282,0.0282,0.0282,0.0282,0.1128,0.1692,0.1692,0.1692,0.3384,0.3384,0.423,0.423,0.6203,0.6203,0.8177,0.8177,0.8741,0.8741,0.9305,0.9305,0.9587,0.9587,0.9587,0.9587,0.9587,0.9869,0.9869,0.9869,1.0997
Estónia,0.0,0.0,0.0,0.0,0.0,0.0,0.0,0.0,0.0,0.0,0.0,0.0,0.0,0.0,0.0,0.0,0.0,0.0,0.0,0.0,0.0,0.0,0.0,0.0,0.0,0.0,0.0,0.0,0.0,0.0,0.0,0.0,0.0,0.0,0.0,0.0,0.0754,0.0754,0.0754,0.0754,0.0754,0.1508,0.1508,0.2262,0.7538,0.7538,0.7538,0.7538,0.9046,1.2061,1.2061,5.9554,8.6692,12.8907,15.4538,16.9615,19.4492,20.1276,21.3338,23.0676,24.5753,26.5353,27.8168,30.4553,40.5568,43.346,48.6229,51.186,53.8998,56.1614,58.7244,64.6798,72.4444,78.3244,82.6966,83.5259,86.6166,89.3305,90.9889,94.8335,98.3012,98.6781,100.412,103.5027,105.5381,108.1012,109.9858,113.9812
Essuatíni,0.0,0.0,0.0,0.0,0.0,0.0,0.0,0.0,0.0,0.0,0.0,0.0,0.0,0.0,0.0,0.0,0.0,0.0,0.0,0.0,0.0,0.0,0.0,0.0,0.0,0.0,0.0,0.0,0.0,0.0,0.0,0.0,0.0,0.0,0.0,0.0,0.0,0.0,0.0,0.0,0.0,0.0,0.0,0.0,0.0,0.0,0.0,0.0,0.0,0.0,0.0,0.0,0.0862,0.0862,0.0862,0.0862,0.0862,0.0862,0.0862,0.0862,0.3448,0.3448,0.3448,0.3448,0.5172,0.7758,0.7758,0.7758,0.7758,0.7758,0.7758,0.7758,0.7758,0.7758,0.7758,0.8619,0.8619,1.0343,1.0343,1.0343,1.0343,1.2067,1.2929,1.2929,1.2929,1.3791,1.3791,1.8963
Etiópia,0.0,0.0,0.0,0.0,0.0,0.0,0.0,0.0,0.0,0.0,0.0,0.0,0.0,0.0,0.0,0.0,0.0,0.0,0.0,0.0,0.0,0.0,0.0,0.0,0.0,0.0,0.0,0.0,0.0,0.0,0.0,0.0,0.0,0.0,0.0,0.0,0.0,0.0,0.0,0.0,0.0,0.0,0.0,0.0,0.0,0.0,0.0,0.0,0.0,0.0,0.0,0.0009,0.0009,0.0009,0.0043,0.0043,0.0052,0.0052,0.0078,0.0078,0.0096,0.0096,0.0104,0.0104,0.0104,0.0139,0.0139,0.0183,0.02,0.0226,0.0252,0.0252,0.0304,0.0331,0.0374,0.0383,0.0452,0.0478,0.0487,0.0565,0.06,0.0618,0.0644,0.0713,0.0739,0.08,0.0835,0.0913
Fiji,0.0,0.0,0.0,0.0,0.0,0.0,0.0,0.0,0.0,0.0,0.0,0.0,0.0,0.0,0.0,0.0,0.0,0.0,0.0,0.0,0.0,0.0,0.0,0.0,0.0,0.0,0.0,0.0,0.0,0.0,0.0,0.0,0.0,0.0,0.0,0.0,0.0,0.0,0.0,0.0,0.0,0.0,0.0,0.0,0.0,0.0,0.0,0.0,0.0,0.0,0.0,0.0,0.0,0.0,0.0,0.0,0.0,0.1116,0.1116,0.1116,0.2231,0.3347,0.4462,0.5578,0.5578,0.5578,0.5578,0.5578,0.5578,0.5578,0.5578,0.7809,0.7809,1.3386,1.3386,1.5617,1.6733,1.6733,1.6733,1.7848,1.7848,1.7848,1.7848,1.7848,1.7848,1.8964,1.8964,1.8964
Finlândia,0.0,0.0,0.0,0.0,0.0,0.0,0.0,0.018,0.018,0.018,0.018,0.018,0.018,0.018,0.018,0.018,0.018,0.018,0.018,0.018,0.018,0.018,0.018,0.018,0.018,0.018,0.018,0.018,0.018,0.018,0.018,0.018,0.018,0.018,0.018,0.0361,0.0361,0.0361,0.0541,0.1083,0.1083,0.1083,0.1083,0.2166,0.2707,0.2707,0.4151,0.5414,0.7219,1.0648,1.0648,2.7975,4.0608,4.4038,4.9994,5.7935,6.0642,7.2193,8.1217,9.4392,11.2982,12.6337,14.2942,15.8824,17.2902,18.7882,21.0622,22.3798,24.4012,25.5923,26.0977,27.3972,29.1478,33.9667,34.7789,39.2729,41.6552,44.8859,47.0156,49.9755,52.43,53.6753,55.2997,57.0503,58.422,60.8044,62.9702,66.4354
França,0.0,0.0,0.0031,0.0046,0.0046,0.0046,0.0061,0.0077,0.0077,0.0077,0.0092,0.0092,0.0092,0.0092,0.0092,0.0092,0.0092,0.0169,0.0169,0.0169,0.0169,0.0169,0.0169,0.0169,0.0184,0.0184,0.0184,0.0184,0.0184,0.0184,0.0184,0.0184,0.0184,0.0184,0.0214,0.0276,0.0582,0.0873,0.1532,0.1992,0.2926,0.3125,0.4412,0.5822,1.005,1.4692,1.7404,1.8675,2.7484,3.5129,3.5129,5.6393,6.8879,6.9431,10.2385,11.8195,13.9781,16.8062,19.5454,22.1575,24.8845,30.8287,34.6572,39.2196,45.2726,51.1724,58.3774,62.3653,69.2011,80.9318,88.4723,91.8121,99.8904,106.475,109.4043,115.4266,121.2789,127.2446,133.846,140.544,145.3315,186.4646,192.1055,201.247,206.1816,225.3456,228.4694,228.4985
Gabão,0.0,0.0,0.0,0.0,0.0,0.0,0.0,0.0,0.0,0.0,0.0,0.0,0.0,0.0,0.0,0.0,0.0,0.0,0.0,0.0,0.0,0.0,0.0,0.0,0.0,0.0,0.0,0.0,0.0,0.0,0.0,0.0,0.0,0.0,0.0,0.0,0.0,0.0,0.0,0.0,0.0,0.0,0.0,0.0,0.0,0.0,0.0,0.0,0.0,0.0,0.0,0.0,0.0449,0.0449,0.0449,0.0449,0.0449,0.0449,0.1348,0.1797,0.2246,0.2246,0.2696,0.2696,0.3145,0.3145,0.3145,0.3145,0.3145,0.7189,0.8087,0.9435,0.9435,0.9435,0.9435,1.0783,1.3479,1.5276,1.9769,1.9769,2.0667,2.2015,2.561,2.561,3.5943,3.5943,4.8523,4.8523
Gâmbia,0.0,0.0,0.0,0.0,0.0,0.0,0.0,0.0,0.0,0.0,0.0,0.0,0.0,0.0,0.0,0.0,0.0,0.0,0.0,0.0,0.0,0.0,0.0,0.0,0.0,0.0,0.0,0.0,0.0,0.0,0.0,0.0,0.0,0.0,0.0,0.0,0.0,0.0,0.0,0.0,0.0,0.0,0.0,0.0,0.0,0.0,0.0,0.0,0.0,0.0,0.0,0.0,0.0,0.0,0.0,0.0414,0.0414,0.0414,0.0414,0.0414,0.0414,0.0828,0.1241,0.1241,0.1241,0.1241,0.1241,0.1655,0.1655,0.1655,0.1655,0.1655,0.1655,0.1655,0.1655,0.1655,0.1655,0.1655,0.1655,0.1655,0.3724,0.3724,0.3724,0.3724,0.3724,0.3724,0.3724,0.3724
Geórgia,0.0,0.0,0.0,0.0,0.0,0.0,0.0,0.0,0.0,0.0,0.0,0.0,0.0,0.0,0.0,0.0,0.0,0.0,0.0,0.0,0.0,0.0,0.0,0.0,0.0,0.0,0.0,0.0,0.0,0.0,0.0,0.0,0.0,0.0,0.0,0.0251,0.0251,0.0251,0.0251,0.0752,0.0752,0.0752,0.0752,0.1003,0.1003,0.1003,0.3259,0.376,0.376,0.6016,0.6016,0.6267,0.752,0.8272,0.8272,0.8523,0.9526,1.0027,1.0779,1.2283,1.3537,1.5291,1.7548,1.8801,1.9804,2.0806,2.2561,2.2812,2.582,2.7575,2.9329,3.3591,3.8855,4.061,4.3618,4.7128,4.9133,5.2893,5.4648,5.8659,6.0664,6.4424,6.8185,7.5204,7.6708,8.7236,9.2751,9.7263
Alemanha,0.0,0.0,0.0,0.0,0.0,0.0012,0.0048,0.0048,0.0048,0.006,0.0095,0.0119,0.0143,0.0143,0.0143,0.0143,0.0155,0.0155,0.0167,0.0167,0.0191,0.0191,0.0191,0.0191,0.0191,0.0191,0.0191,0.0191,0.0191,0.0191,0.0191,0.0191,0.0191,0.0191,0.0203,0.0322,0.0549,0.0573,0.0943,0.1552,0.1898,0.2339,0.3127,0.5753,0.7997,0.9536,1.2413,1.4036,1.739,2.2773,2.4802,4.3863,5.4724,6.9166,8.6795,11.0487,14.7128,18.2851,23.6895,26.5122,29.6871,34.6797,39.3703,44.5467,52.442,60.7169,68.8616,74.1132,79.8303,85.7062,92.9438,101.2056,108.8025,114.6902,119.5014,123.3816,128.5008,135.224,141.0545,145.8167,149.0835,152.5996,155.2469,156.783,160.8339,164.3489,168.7638,171.0853
Gana,0.0,0.0,0.0,0.0,0.0,0.0,0.0,0.0,0.0,0.0,0.0,0.0,0.0,0.0,0.0,0.0,0.0,0.0,0.0,0.0,0.0,0.0,0.0,0.0,0.0,0.0,0.0,0.0,0.0,0.0,0.0,0.0,0.0,0.0,0.0,0.0,0.0,0.0,0.0,0.0,0.0,0.0,0.0,0.0,0.0,0.0,0.0,0.0,0.0,0.0,0.0,0.0,0.0097,0.0193,0.0193,0.0225,0.0225,0.0354,0.0515,0.0611,0.074,0.0869,0.1706,0.2993,0.4248,0.4409,0.4538,0.4892,0.4892,0.5181,0.6276,0.6565,0.6597,0.6597,0.6887,0.6887,0.9236,1.0073,1.2165,1.2165,1.313,1.8215,1.8215,2.0468,2.0468,2.0629,2.0629,2.684
Grécia,0.0,0.0,0.0,0.0,0.0,0.0,0.0,0.0,0.0,0.0,0.0,0.0,0.0,0.0,0.0,0.0,0.0,0.0,0.0,0.0,0.0,0.0,0.0,0.0,0.0,0.0,0.0,0.0,0.0,0.0,0.0,0.0,0.0,0.0,0.0,0.0096,0.0288,0.0384,0.0384,0.0672,0.0672,0.0672,0.0863,0.2974,0.4317,0.4413,0.7004,0.7004,0.8539,0.9498,0.9498,1.8229,2.1875,3.1757,3.1757,3.7129,4.0103,4.0103,4.7491,5.0849,5.9867,6.6679,7.1284,7.8768,8.558,9.2679,10.1794,11.0908,11.6281,12.6067,13.5757,14.8133,15.4753,16.051,16.6458,16.8377,17.5764,18.0753,18.7565,19.2938,19.9654,20.282,20.5794,20.8192,21.0303,21.1742,21.3373,21.4429
Granada,0.0,0.0,0.0,0.0,0.0,0.0,0.0,0.0,0.0,0.0,0.0,0.0,0.0,0.0,0.0,0.0,0.0,0.0,0.0,0.0,0.0,0.0,0.0,0.0,0.0,0.0,0.0,0.0,0.0,0.0,0.0,0.0,0.0,0.0,0.0,0.0,0.0,0.0,0.0,0.0,0.0,0.0,0.0,0.0,0.0,0.0,0.0,0.0,0.0,0.0,0.0,0.0,0.0,0.0,0.0,0.0,0.0,0.0,0.0,0.0,0.8887,0.8887,0.8887,0.8887,6.221,6.221,6.221,7.9984,7.9984,7.9984,7.9984,8.8871,10.6645,10.6645,10.6645,10.6645,10.6645,10.6645,10.6645,12.4419,12.4419,12.4419,12.4419,12.4419,12.4419,12.4419,12.4419,12.4419
Guatemala,0.0,0.0,0.0,0.0,0.0,0.0,0.0,0.0,0.0,0.0,0.0,0.0,0.0,0.0,0.0,0.0,0.0,0.0,0.0,0.0,0.0,0.0,0.0,0.0,0.0,0.0,0.0,0.0,0.0,0.0,0.0,0.0,0.0,0.0,0.0,0.0,0.0,0.0,0.0,0.0,0.0,0.0,0.0,0.0,0.0,0.0,0.0,0.0,0.0,0.0,0.0,0.0,0.0056,0.0056,0.0112,0.0335,0.0335,0.0502,0.067,0.0949,0.1061,0.1116,0.1172,0.134,0.1395,0.1563,0.1898,0.1898,0.2009,0.2121,0.2177,0.2623,0.2791,0.3405,0.3405,0.3907,0.4298,0.4856,0.5303,0.7033,0.7647,0.8652,0.8708,0.9322,1.0047,1.094,1.1945,1.3117
Guiné,0.0,0.0,0.0,0.0,0.0,0.0,0.0,0.0,0.0,0.0,0.0,0.0,0.0,0.0,0.0,0.0,0.0,0.0,0.0,0.0,0.0,0.0,0.0,0.0,0.0,0.0,0.0,0.0,0.0,0.0,0.0,0.0,0.0,0.0,0.0,0.0,0.0,0.0,0.0,0.0,0.0,0.0,0.0,0.0,0.0,0.0,0.0,0.0,0.0,0.0,0.0,0.0076,0.0076,0.0076,0.0076,0.0076,0.0076,0.0076,0.0076,0.0152,0.0152,0.0305,0.0305,0.0305,0.0305,0.0609,0.0609,0.1218,0.1675,0.1675,0.2284,0.396,0.5559,0.8452,0.9214,0.9747,1.0965,1.2488,1.4772,1.6143,1.9036,1.9036,2.429,2.7641,3.0763,3.3352,3.6321,3.9443
Guiné-Bissau,0.0,0.0,0.0,0.0,0.0,0.0,0.0,0.0,0.0,0.0,0.0,0.0,0.0,0.0,0.0,0.0,0.0,0.0,0.0,0.0,0.0,0.0,0.0,0.0,0.0,0.0,0.0,0.0,0.0,0.0,0.0,0.0,0.0,0.0,0.0,0.0,0.0,0.0,0.0,0.0,0.0,0.0,0.0,0.0,0.0,0.0,0.0,0.0,0.0,0.0,0.0,0.0,0.0,0.0,0.0,0.0,0.0,0.0,0.0,0.0,0.0,0.0,0.0,0.1016,0.1016,0.1016,0.1016,0.1016,0.4065,0.4065,0.4573,0.4573,0.7622,0.9146,0.9146,0.9146,1.6768,1.6768,1.8293,1.8293,1.9309,1.9309,1.9309,1.9309,2.185,2.185,2.185,2.3374
Guiana,0.0,0.0,0.0,0.0,0.0,0.0,0.0,0.0,0.0,0.0,0.0,0.0,0.0,0.0,0.0,0.0,0.0,0.0,0.0,0.0,0.0,0.0,0.0,0.0,0.0,0.0,0.0,0.0,0.0,0.0,0.0,0.0,0.0,0.0,0.0,0.0,0.0,0.0,0.0,0.0,0.0,0.0,0.0,0.0,0.0,0.0,0.0,0.0,0.0,0.0,0.1271,0.1271,0.1271,0.5085,0.5085,0.89,0.89,0.89,0.89,0.89,2.4156,2.5427,0.6357,0.6357,0.6357,0.6357,1.0171,1.0171,1.0171,1.5256,2.4156,2.4156,2.9242,2.9242,3.0513,3.9413,4.1955,4.7041,4.7041,4.7041,5.7212,5.7212,5.7212,5.9754,6.9925,6.9925,8.0096,8.0096
Haiti,0.0,0.0,0.0,0.0,0.0,0.0,0.0,0.0,0.0,0.0,0.0,0.0,0.0,0.0,0.0,0.0,0.0,0.0,0.0,0.0,0.0,0.0,0.0,0.0,0.0,0.0,0.0,0.0,0.0,0.0,0.0,0.0,0.0,0.0,0.0,0.0,0.0,0.0,0.0,0.0,0.0,0.0,0.0,0.0,0.0,0.0,0.0,0.0,0.0,0.0,0.0,0.0,0.0,0.0,0.0,0.0,0.0,0.0,0.0175,0.0175,0.0175,0.0526,0.0614,0.0702,0.0702,0.0702,0.0702,0.1315,0.1315,0.1315,0.1403,0.1403,0.1579,0.1754,0.1842,0.2105,0.2192,0.2368,0.2631,0.2719,0.2894,0.2894,0.3508,0.3508,0.3596,0.3596,0.3771,0.3859
Santa Sé,0.0,0.0,0.0,0.0,0.0,0.0,0.0,0.0,0.0,0.0,0.0,0.0,0.0,0.0,0.0,0.0,0.0,0.0,0.0,0.0,0.0,0.0,0.0,0.0,0.0,0.0,0.0,0.0,0.0,0.0,0.0,0.0,0.0,0.0,0.0,0.0,0.0,0.0,0.0,0.0,0.0,0.0,0.0,0.0,124.8439,124.8439,124.8439,124.8439,124.8439,124.8439,124.8439,124.8439,124.8439,124.8439,124.8439,124.8439,124.8439,124.8439,124.8439,124.8439,124.8439,124.8439,499.3758,499.3758,499.3758,499.3758,749.0637,749.0637,749.0637,749.0637,749.0637,873.9076,873.9076,873.9076,873.9076,873.9076,873.9076,998.7516,998.7516,998.7516,998.7516,998.7516,998.7516,998.7516,998.7516,998.7516,998.7516,998.7516
Honduras,0.0,0.0,0.0,0.0,0.0,0.0,0.0,0.0,0.0,0.0,0.0,0.0,0.0,0.0,0.0,0.0,0.0,0.0,0.0,0.0,0.0,0.0,0.0,0.0,0.0,0.0,0.0,0.0,0.0,0.0,0.0,0.0,0.0,0.0,0.0,0.0,0.0,0.0,0.0,0.0,0.0,0.0,0.0,0.0,0.0,0.0,0.0,0.0,0.0,0.0202,0.0202,0.0202,0.0202,0.0303,0.0606,0.0808,0.0909,0.1212,0.2423,0.2423,0.2625,0.3029,0.3029,0.3635,0.525,0.6865,0.9591,1.1106,1.4034,1.4236,1.7366,2.2111,2.2414,2.6654,2.7058,3.0087,3.0794,3.15,3.463,3.8568,3.9578,3.9679,4.0082,4.1092,4.2304,4.301,4.4626,4.614
Hungria,0.0,0.0,0.0,0.0,0.0,0.0,0.0,0.0,0.0,0.0,0.0,0.0,0.0,0.0,0.0,0.0,0.0,0.0,0.0,0.0,0.0,0.0,0.0,0.0,0.0,0.0,0.0,0.0,0.0,0.0,0.0,0.0,0.0,0.0,0.0,0.0,0.0,0.0,0.0,0.0,0.0,0.0,0.0207,0.0207,0.0207,0.0414,0.0725,0.0932,0.0932,0.1346,0.1346,0.1967,0.3105,0.3313,0.4037,0.5176,0.6004,0.7557,0.8799,1.0662,1.3561,1.7287,1.9357,2.3395,2.7018,3.1055,3.5506,4.2234,4.6272,5.093,5.4346,6.0557,6.449,7.0184,7.5877,7.7016,8.4572,9.2647,10.1446,12.3184,13.5606,14.5957,15.0926,15.6516,16.3452,17.1008,18.2499,18.9848
Islândia,0.0,0.0,0.0,0.0,0.0,0.0,0.0,0.0,0.0,0.0,0.0,0.0,0.0,0.0,0.0,0.0,0.0,0.0,0.0,0.0,0.0,0.0,0.0,0.0,0.0,0.0,0.0,0.0,0.0,0.0,0.0,0.0,0.0,0.0,0.0,0.0,0.0,0.293,0.293,0.8791,1.7583,3.2235,7.6192,9.9636,12.601,14.6523,14.6523,16.9967,20.2202,24.9089,30.1838,39.2682,45.7152,50.1109,52.7483,64.4702,73.2616,96.7053,119.8559,138.6109,166.4503,172.3112,189.894,215.9751,235.0231,260.8112,282.2036,298.9072,318.2483,332.6076,357.5165,386.5281,399.7152,415.2466,435.4668,457.7383,464.7714,473.5628,482.9403,490.8526,494.9552,498.4718,501.4022,504.0396,506.091,509.6075,514.0032,515.7615
Índia,0.0,0.0,0.0,0.0,0.0,0.0,0.0,0.0,0.0001,0.0001,0.0001,0.0001,0.0002,0.0002,0.0002,0.0002,0.0002,0.0002,0.0002,0.0002,0.0002,0.0002,0.0002,0.0002,0.0002,0.0002,0.0002,0.0002,0.0002,0.0002,0.0002,0.0002,0.0002,0.0002,0.0002,0.0002,0.0002,0.0002,0.0002,0.0002,0.0004,0.0004,0.002,0.0022,0.0022,0.0025,0.0028,0.0031,0.0041,0.0045,0.0053,0.0059,0.0074,0.0082,0.0086,0.0103,0.0113,0.0141,0.0177,0.0239,0.0287,0.0362,0.0388,0.0476,0.0527,0.0643,0.0715,0.0742,0.0907,0.1012,0.1448,0.1843,0.186,0.2233,0.26,0.3462,0.3849,0.4287,0.4873,0.5506,0.612,0.667,0.7575,0.8324,0.8929,0.9732,1.04,1.1393
Indonésia,0.0,0.0,0.0,0.0,0.0,0.0,0.0,0.0,0.0,0.0,0.0,0.0,0.0,0.0,0.0,0.0,0.0,0.0,0.0,0.0,0.0,0.0,0.0,0.0,0.0,0.0,0.0,0.0,0.0,0.0,0.0,0.0,0.0,0.0,0.0,0.0,0.0,0.0,0.0,0.0,0.0007,0.0007,0.0007,0.0007,0.0015,0.0015,0.0022,0.0069,0.0099,0.0124,0.0124,0.0252,0.0351,0.0428,0.049,0.0629,0.083,0.1137,0.1349,0.1645,0.1879,0.2117,0.2508,0.2888,0.3265,0.3824,0.4223,0.4698,0.517,0.5586,0.6131,0.6544,0.7261,0.7648,0.831,0.9107,1.001,1.0807,1.2039,1.284,1.4046,1.5505,1.666,1.7691,1.8777,2.0166,2.1654,2.2843
Irã,0.0,0.0,0.0,0.0,0.0,0.0,0.0,0.0,0.0,0.0,0.0,0.0,0.0,0.0,0.0,0.0,0.0,0.0,0.0,0.0,0.0,0.0,0.0,0.0,0.0,0.0,0.0,0.0,0.0024,0.006,0.0214,0.0333,0.0512,0.0726,0.1131,0.1655,0.2917,0.4619,0.706,1.1644,1.7871,2.7812,3.4789,4.1825,5.6517,6.9327,7.8173,8.5257,9.5746,10.7152,11.9951,13.5297,15.1548,16.5943,17.8479,19.2504,20.6696,21.9149,23.3877,24.5378,25.7617,27.4416,29.5394,32.1658,35.0101,38.4937,42.1559,45.6098,49.403,53.1056,56.6631,60.086,63.3184,66.3663,69.3225,72.0299,74.517,76.8945,78.84,81.1878,83.3749,85.3476,87.2728,89.1468,90.9469,92.859,94.6437,96.2795
Iraque,0.0,0.0,0.0,0.0,0.0,0.0,0.0,0.0,0.0,0.0,0.0,0.0,0.0,0.0,0.0,0.0,0.0,0.0,0.0,0.0,0.0,0.0,0.0,0.0,0.0,0.0,0.0,0.0,0.0,0.0,0.0,0.0,0.0,0.0025,0.0025,0.0124,0.0174,0.0174,0.0323,0.0472,0.0646,0.0796,0.087,0.087,0.0994,0.1343,0.1492,0.1492,0.1765,0.1765,0.1765,0.2511,0.2735,0.2884,0.3083,0.3829,0.4077,0.4773,0.5171,0.532,0.5793,0.6613,0.7856,0.8602,0.9497,1.1387,1.258,1.3599,1.5663,1.7254,1.8099,1.9193,2.0387,2.1829,2.3892,2.5632,2.7895,2.9884,3.063,3.1798,3.2768,3.3613,3.4259,3.4806,3.5179,3.5652,3.6845,3.7616
Irlanda,0.0,0.0,0.0,0.0,0.0,0.0,0.0,0.0,0.0,0.0,0.0,0.0,0.0,0.0,0.0,0.0,0.0,0.0,0.0,0.0,0.0,0.0,0.0,0.0,0.0,0.0,0.0,0.0,0.0,0.0,0.0,0.0,0.0,0.0,0.0,0.0,0.0,0.0,0.0203,0.0203,0.0203,0.0405,0.1215,0.1215,0.3645,0.3645,0.3848,0.4253,0.6886,0.8708,0.8708,1.8227,2.6125,2.6125,3.4226,4.5162,5.9136,11.2804,13.8321,15.8978,18.3483,22.7835,26.9149,31.6741,36.8384,42.9545,48.9086,52.959,58.9333,65.5152,69.8086,77.9499,86.5368,93.2402,101.1384,108.6317,115.6186,123.0106,133.1366,163.8184,180.8098,195.533,215.623,232.4726,254.1017,268.7642,283.1228,298.8789
Israel,0.0,0.0,0.0,0.0,0.0,0.0,0.0,0.0,0.0,0.0,0.0,0.0,0.0,0.0,0.0,0.0,0.0,0.0,0.0,0.0,0.0,0.0,0.0,0.0,0.0,0.0,0.0,0.0,0.0,0.0,0.0116,0.0116,0.0116,0.0116,0.0116,0.0231,0.0347,0.0462,0.0809,0.1155,0.1155,0.1386,0.1733,0.2311,0.4275,0.4968,0.7048,0.7048,0.8665,0.9127,1.1553,1.4557,1.7908,2.4609,2.5186,2.8883,3.5122,4.9333,6.1117,8.226,10.2016,12.3736,14.303,27.3698,31.113,35.0643,41.8114,49.0669,54.2427,61.9026,70.3827,79.221,85.8179,90.705,97.3943,102.8706,106.8449,108.6472,115.1633,120.2468,124.1171,128.7615,133.8565,139.1711,144.4278,147.397,149.985,153.2545
Itália,0.0,0.0,0.0,0.0,0.0,0.0,0.0,0.0,0.0,0.0033,0.0033,0.0033,0.0033,0.0033,0.0033,0.0033,0.005,0.005,0.005,0.005,0.005,0.005,0.005,0.005,0.005,0.005,0.005,0.005,0.005,0.005,0.0331,0.1025,0.2564,0.3788,0.5326,0.7492,1.0833,1.4687,1.8656,2.8018,3.3674,4.1381,5.109,6.3809,7.6676,9.7301,12.1978,15.1699,16.7858,20.6114,20.6114,29.2085,34.9923,40.93,46.2771,52.1089,59.067,67.8693,77.7697,88.6146,97.8105,105.7312,114.4127,123.0297,133.2891,143.0622,152.9428,161.5714,168.2698,174.9732,182.8823,190.6029,198.1862,206.1334,213.2718,219.2243,224.2506,230.5951,237.5482,244.0829,251.8465,258.6144,263.8293,268.7448,273.1558,279.4176,285.1948,290.9687
Jamaica,0.0,0.0,0.0,0.0,0.0,0.0,0.0,0.0,0.0,0.0,0.0,0.0,0.0,0.0,0.0,0.0,0.0,0.0,0.0,0.0,0.0,0.0,0.0,0.0,0.0,0.0,0.0,0.0,0.0,0.0,0.0,0.0,0.0,0.0,0.0,0.0,0.0,0.0,0.0,0.0,0.0,0.0,0.0,0.0,0.0,0.0,0.0,0.0,0.0,0.0338,0.0675,0.2702,0.2702,0.3377,0.3377,0.4052,0.439,0.5066,0.5403,0.5403,0.6416,0.6416,0.7092,0.878,0.878,0.878,1.0131,1.0807,1.2157,1.2157,1.4859,1.5872,1.5872,1.7898,1.9587,1.9587,2.1275,2.1275,2.1275,2.1275,2.1951,2.3302,2.4652,2.4652,4.2213,4.8292,4.8292,5.5046
Japão,0.0016,0.0016,0.0016,0.0016,0.0032,0.0032,0.0055,0.0055,0.0087,0.0119,0.0158,0.0158,0.0158,0.0174,0.0174,0.0174,0.0198,0.0198,0.0206,0.0206,0.0206,0.0221,0.0221,0.0229,0.034,0.0466,0.0522,0.0585,0.0664,0.0743,0.083,0.0965,0.1162,0.1257,0.1344,0.1494,0.1692,0.1803,0.1905,0.2024,0.2166,0.2317,0.2617,0.2846,0.3321,0.3645,0.3969,0.404,0.4594,0.5052,0.5052,0.5543,0.6112,0.6634,0.6634,0.6942,0.7029,0.7306,0.7614,0.7962,0.8705,0.8919,0.9433,1.0334,1.0966,1.1607,1.3386,1.4754,1.4754,1.5442,1.7221,1.9727,2.0692,2.4819,2.4819,2.8891,3.0883,3.3658,3.69,4.3724,4.7479,5.3354,5.8272,6.0446,6.4044,6.8202,7.7382,8.1406
Jordânia,0.0,0.0,0.0,0.0,0.0,0.0,0.0,0.0,0.0,0.0,0.0,0.0,0.0,0.0,0.0,0.0,0.0,0.0,0.0,0.0,0.0,0.0,0.0,0.0,0.0,0.0,0.0,0.0,0.0,0.0,0.0,0.0,0.0,0.0,0.0,0.0,0.0,0.0,0.0,0.0,0.0,0.0098,0.0098,0.0098,0.0098,0.0098,0.0098,0.0098,0.0098,0.0098,0.0098,0.0098,0.0098,0.0784,0.1666,0.3332,0.5096,0.6763,0.8331,0.8331,1.0977,1.2447,1.5093,1.6858,2.0778,2.3032,2.411,2.5384,2.6266,2.6854,2.7247,2.9305,3.0383,3.1657,3.3813,3.4205,3.4597,3.5087,3.6459,3.6459,3.7341,3.8126,3.8322,3.891,3.9302,3.94,3.989,4.0478
Cazaquistão,0.0,0.0,0.0,0.0,0.0,0.0,0.0,0.0,0.0,0.0,0.0,0.0,0.0,0.0,0.0,0.0,0.0,0.0,0.0,0.0,0.0,0.0,0.0,0.0,0.0,0.0,0.0,0.0,0.0,0.0,0.0,0.0,0.0,0.0,0.0,0.0,0.0,0.0,0.0,0.0,0.0,0.0,0.0,0.0,0.0,0.0,0.0,0.0,0.0,0.0,0.0,0.0213,0.032,0.0479,0.0533,0.1757,0.1864,0.2343,0.261,0.2823,0.3195,0.3302,0.3835,0.4314,0.5912,0.7989,1.2143,1.5125,1.6084,1.8267,2.0238,2.3167,2.4711,2.828,3.1102,3.5256,3.712,3.8718,4.1594,4.3245,4.6068,5.0648,5.8104,6.5613,6.8968,7.4667,8.2336,8.6011
Quénia,0.0,0.0,0.0,0.0,0.0,0.0,0.0,0.0,0.0,0.0,0.0,0.0,0.0,0.0,0.0,0.0,0.0,0.0,0.0,0.0,0.0,0.0,0.0,0.0,0.0,0.0,0.0,0.0,0.0,0.0,0.0,0.0,0.0,0.0,0.0,0.0,0.0,0.0,0.0,0.0,0.0,0.0,0.0,0.0,0.0,0.0,0.0,0.0,0.0,0.0,0.0,0.0019,0.0019,0.0056,0.0056,0.0056,0.0056,0.013,0.013,0.013,0.0279,0.0298,0.0465,0.0521,0.0577,0.0577,0.0707,0.0781,0.093,0.1097,0.1506,0.2046,0.2269,0.2343,0.2641,0.2938,0.3199,0.3329,0.3422,0.3515,0.3552,0.3664,0.3868,0.4017,0.4184,0.4352,0.4575,0.4872
Coreia do Sul,0.002,0.002,0.0039,0.0039,0.0059,0.0078,0.0078,0.0078,0.0078,0.0215,0.0234,0.0293,0.0293,0.0312,0.0371,0.0449,0.0468,0.0468,0.0488,0.0527,0.0546,0.0546,0.0546,0.0546,0.0546,0.0566,0.0585,0.0605,0.0605,0.2029,0.3979,0.8446,1.1742,1.6248,1.9056,2.4596,3.4446,4.5583,6.144,7.287,8.4554,10.1152,10.9637,11.8746,12.8596,13.7334,14.2659,14.5858,14.654,15.126,15.3484,15.563,15.7717,15.9199,16.0642,16.2281,16.4095,16.7059,16.8756,17.1624,17.4783,17.4783,17.6266,17.8216,18.0245,18.202,18.4867,18.6915,18.8437,19.0875,19.2845,19.4581,19.6258,19.8092,19.9672,20.0588,20.1505,20.2539,20.33,20.3826,20.4411,20.5035,20.5523,20.605,20.6576,20.7005,20.7435,20.7786
Kosovo,0.0,0.0,0.0,0.0,0.0,0.0,0.0,0.0,0.0,0.0,0.0,0.0,0.0,0.0,0.0,0.0,0.0,0.0,0.0,0.0,0.0,0.0,0.0,0.0,0.0,0.0,0.0,0.0,0.0,0.0,0.0,0.0,0.0,0.0,0.0,0.0,0.0,0.0,0.0,0.0,0.0,0.0,0.0,0.0,0.0,0.0,0.0,0.0,0.0,0.0,0.0,0.0,0.0,0.0,0.0,0.0,0.0,0.0,0.0,0.0,0.0,0.0,0.0,0.0,3.9232,4.7521,5.0283,5.1941,5.1941,6.1887,6.9071,6.9071,6.9623,7.4596,8.0122,8.0122,9.3936,10.1672,10.1672,13.8141,15.6376,15.6376,15.6376,21.3843,21.3843,24.8102,26.5231,28.1808
Kuwait,0.0,0.0,0.0,0.0,0.0,0.0,0.0,0.0,0.0,0.0,0.0,0.0,0.0,0.0,0.0,0.0,0.0,0.0,0.0,0.0,0.0,0.0,0.0,0.0,0.0,0.0,0.0,0.0,0.0,0.0,0.0,0.0,0.0,0.0234,0.2576,0.6088,1.0069,1.0537,1.0537,1.0537,1.3113,1.3113,1.3113,1.3581,1.3581,1.4284,1.4986,1.4986,1.6157,1.686,1.8733,1.8733,2.4353,2.6226,2.8802,3.0441,3.3251,3.4656,3.7232,4.1212,4.4022,4.4256,4.4725,4.5661,4.8705,5.2686,5.5028,5.9711,6.2287,6.7672,7.4229,8.0083,9.7645,11.2163,13.0193,15.5717,17.3981,20.0207,21.3086,23.2522,27.0221,28.8954,30.4409,31.7288,32.8996,35.6861,38.8238,41.0015
Quirguistão,0.0,0.0,0.0,0.0,0.0,0.0,0.0,0.0,0.0,0.0,0.0,0.0,0.0,0.0,0.0,0.0,0.0,0.0,0.0,0.0,0.0,0.0,0.0,0.0,0.0,0.0,0.0,0.0,0.0,0.0,0.0,0.0,0.0,0.0,0.0,0.0,0.0,0.0,0.0,0.0,0.0,0.0,0.0,0.0,0.0,0.0,0.0,0.0,0.0,0.0,0.0,0.0,0.0,0.0,0.0,0.0,0.046,0.046,0.092,0.2146,0.2146,0.2452,0.6438,0.6744,0.6744,0.889,0.889,1.2875,1.4408,1.64,1.7014,1.778,1.9926,2.2072,2.2532,3.3108,3.4947,4.1384,4.2917,4.5676,5.196,5.7785,6.4222,6.5909,6.8821,7.1426,7.4952,7.7557
Laos,0.0,0.0,0.0,0.0,0.0,0.0,0.0,0.0,0.0,0.0,0.0,0.0,0.0,0.0,0.0,0.0,0.0,0.0,0.0,0.0,0.0,0.0,0.0,0.0,0.0,0.0,0.0,0.0,0.0,0.0,0.0,0.0,0.0,0.0,0.0,0.0,0.0,0.0,0.0,0.0,0.0,0.0,0.0,0.0,0.0,0.0,0.0,0.0,0.0,0.0,0.0,0.0,0.0,0.0,0.0,0.0,0.0,0.0,0.0,0.0,0.0,0.0,0.0275,0.0412,0.0825,0.0825,0.11,0.11,0.11,0.1237,0.1374,0.1374,0.1374,0.1374,0.1512,0.1649,0.1924,0.2062,0.2199,0.2199,0.2474,0.2611,0.2611,0.2611,0.2611,0.2611,0.2611,0.2611
Letónia,0.0,0.0,0.0,0.0,0.0,0.0,0.0,0.0,0.0,0.0,0.0,0.0,0.0,0.0,0.0,0.0,0.0,0.0,0.0,0.0,0.0,0.0,0.0,0.0,0.0,0.0,0.0,0.0,0.0,0.0,0.0,0.0,0.0,0.0,0.0,0.0,0.0,0.0,0.0,0.0,0.053,0.053,0.053,0.053,0.053,0.053,0.106,0.3181,0.4241,0.5302,0.5302,0.9013,1.3784,1.5905,1.8026,2.5978,3.7642,4.5594,5.8849,6.5741,7.3693,9.543,10.4443,11.7167,12.9361,14.8447,16.1701,18.3968,19.9343,21.1006,23.6454,24.2817,26.1372,26.9855,28.2579,28.7351,29.0532,30.5906,31.2268,32.4462,33.4005,34.5139,34.7259,34.832,35.3091,35.7863,36.1574,37.7479
Líbano,0.0,0.0,0.0,0.0,0.0,0.0,0.0,0.0,0.0,0.0,0.0,0.0,0.0,0.0,0.0,0.0,0.0,0.0,0.0,0.0,0.0,0.0,0.0,0.0,0.0,0.0,0.0,0.0,0.0,0.0,0.0147,0.0147,0.0147,0.0147,0.0147,0.0293,0.0293,0.0293,0.0586,0.1465,0.1905,0.1905,0.1905,0.2344,0.3223,0.3223,0.4688,0.4688,0.6007,0.8937,0.8937,1.1281,1.3625,1.6116,1.6116,1.7581,1.9486,2.3002,2.3881,2.7397,3.6335,3.9118,4.659,4.8788,5.3916,5.7286,6.0362,6.4172,6.5344,6.886,7.0179,7.2376,7.4427,7.6186,7.7211,7.9262,8.0288,8.439,8.5269,8.9225,9.069,9.2302,9.2595,9.3913,9.6404,9.7137,9.7869,9.8455
Libéria,0.0,0.0,0.0,0.0,0.0,0.0,0.0,0.0,0.0,0.0,0.0,0.0,0.0,0.0,0.0,0.0,0.0,0.0,0.0,0.0,0.0,0.0,0.0,0.0,0.0,0.0,0.0,0.0,0.0,0.0,0.0,0.0,0.0,0.0,0.0,0.0,0.0,0.0,0.0,0.0,0.0,0.0,0.0,0.0,0.0,0.0,0.0,0.0,0.0,0.0,0.0,0.0,0.0,0.0,0.0198,0.0198,0.0395,0.0395,0.0395,0.0593,0.0593,0.0593,0.0593,0.0593,0.0593,0.0593,0.0593,0.0593,0.0593,0.0593,0.1186,0.1186,0.1384,0.1977,0.257,0.2768,0.2768,0.6129,0.6129,0.7316,0.9491,0.9886,1.1665,1.1665,1.1665,1.1665,1.5027,1.5027
Líbia,0.0,0.0,0.0,0.0,0.0,0.0,0.0,0.0,0.0,0.0,0.0,0.0,0.0,0.0,0.0,0.0,0.0,0.0,0.0,0.0,0.0,0.0,0.0,0.0,0.0,0.0,0.0,0.0,0.0,0.0,0.0,0.0,0.0,0.0,0.0,0.0,0.0,0.0,0.0,0.0,0.0,0.0,0.0,0.0,0.0,0.0,0.0,0.0,0.0,0.0,0.0,0.0,0.0,0.0,0.0,0.0,0.0,0.0,0.0,0.0,0.0,0.0,0.0146,0.0146,0.0146,0.0146,0.0437,0.1164,0.1164,0.1455,0.1455,0.1601,0.1601,0.262,0.262,0.2765,0.2911,0.3056,0.3493,0.3493,0.3493,0.3638,0.3784,0.5094,0.6986,0.7131,0.7131,0.7131
Liechtenstein,0.0,0.0,0.0,0.0,0.0,0.0,0.0,0.0,0.0,0.0,0.0,0.0,0.0,0.0,0.0,0.0,0.0,0.0,0.0,0.0,0.0,0.0,0.0,0.0,0.0,0.0,0.0,0.0,0.0,0.0,0.0,0.0,0.0,0.0,0.0,0.0,0.0,0.0,0.0,0.0,0.0,0.0,2.6227,2.6227,2.6227,2.6227,2.6227,2.6227,2.6227,2.6227,2.6227,2.6227,10.491,10.491,10.491,18.3592,73.4368,73.4368,73.4368,97.0415,97.0415,133.76,133.76,133.76,146.8737,146.8737,146.8737,146.8737,162.6102,178.3466,178.3466,196.7058,196.7058,201.9513,201.9513,201.9513,204.5741,204.5741,204.5741,207.1968,207.1968,207.1968,207.1968,207.1968,207.1968,207.1968,207.1968,207.1968
Lituânia,0.0,0.0,0.0,0.0,0.0,0.0,0.0,0.0,0.0,0.0,0.0,0.0,0.0,0.0,0.0,0.0,0.0,0.0,0.0,0.0,0.0,0.0,0.0,0.0,0.0,0.0,0.0,0.0,0.0,0.0,0.0,0.0,0.0,0.0,0.0,0.0,0.0,0.0367,0.0367,0.0367,0.0367,0.0367,0.0367,0.0367,0.0367,0.0367,0.0367,0.0367,0.0367,0.1102,0.1102,0.2204,0.2939,0.4408,0.6245,0.9183,0.9918,1.3224,1.8,3.0489,5.2529,6.5753,7.6774,10.0651,10.9834,13.1507,14.4731,16.8975,18.0363,19.726,21.3423,23.8402,25.5667,28.3218,29.7911,30.9666,32.3257,33.5012,35.0808,36.6971,37.6889,38.6807,39.0113,39.3052,40.0766,41.4357,42.2071,45.5132
Luxemburgo,0.0,0.0,0.0,0.0,0.0,0.0,0.0,0.0,0.0,0.0,0.0,0.0,0.0,0.0,0.0,0.0,0.0,0.0,0.0,0.0,0.0,0.0,0.0,0.0,0.0,0.0,0.0,0.0,0.0,0.0,0.0,0.0,0.0,0.0,0.0,0.0,0.0,0.0,0.1598,0.1598,0.1598,0.1598,0.1598,0.1598,0.3195,0.3195,0.4793,0.4793,0.7988,1.1183,3.0353,5.4315,8.1473,9.4253,12.3008,22.365,32.4293,53.5163,77.319,107.0325,127.4805,139.7813,175.5653,212.9468,232.1168,256.3988,292.5023,311.5125,317.583,347.9356,370.4603,397.2983,417.2671,435.9578,447.9391,454.1693,474.4576,484.6816,497.6213,514.8743,522.3826,524.1398,525.8971,528.2933,538.8368,550.1791,555.9301,565.0358
MS Zaandam,0.0,0.0,0.0,0.0,0.0,0.0,0.0,0.0,0.0,0.0,0.0,0.0,0.0,0.0,0.0,0.0,0.0,0.0,0.0,0.0,0.0,0.0,0.0,0.0,0.0,0.0,0.0,0.0,0.0,0.0,0.0,0.0,0.0,0.0,0.0,0.0,0.0,0.0,0.0,0.0,0.0,0.0,0.0,0.0,0.0,0.0,0.0,0.0,0.0,0.0,0.0,0.0,0.0,0.0,0.0,0.0,0.0,0.0,0.0,0.0,0.0,0.0,0.0,0.0,0.0,0.0,109.3494,109.3494,109.3494,109.3494,492.0722,492.0722,492.0722,492.0722,492.0722,492.0722,492.0722,492.0722,492.0722,492.0722,492.0722,492.0722,492.0722,492.0722,492.0722,492.0722,492.0722,492.0722
Madagascar,0.0,0.0,0.0,0.0,0.0,0.0,0.0,0.0,0.0,0.0,0.0,0.0,0.0,0.0,0.0,0.0,0.0,0.0,0.0,0.0,0.0,0.0,0.0,0.0,0.0,0.0,0.0,0.0,0.0,0.0,0.0,0.0,0.0,0.0,0.0,0.0,0.0,0.0,0.0,0.0,0.0,0.0,0.0,0.0,0.0,0.0,0.0,0.0,0.0,0.0,0.0,0.0,0.0,0.0,0.0,0.0,0.0,0.0,0.0108,0.0108,0.0108,0.0433,0.0614,0.0686,0.0831,0.0939,0.0939,0.1408,0.1553,0.2058,0.2058,0.2131,0.2528,0.2528,0.26,0.2961,0.3178,0.3358,0.3358,0.3358,0.3684,0.3828,0.3828,0.39,0.3972,0.4009,0.4225,0.4334
Malawi,0.0,0.0,0.0,0.0,0.0,0.0,0.0,0.0,0.0,0.0,0.0,0.0,0.0,0.0,0.0,0.0,0.0,0.0,0.0,0.0,0.0,0.0,0.0,0.0,0.0,0.0,0.0,0.0,0.0,0.0,0.0,0.0,0.0,0.0,0.0,0.0,0.0,0.0,0.0,0.0,0.0,0.0,0.0,0.0,0.0,0.0,0.0,0.0,0.0,0.0,0.0,0.0,0.0,0.0,0.0,0.0,0.0,0.0,0.0,0.0,0.0,0.0,0.0,0.0,0.0,0.0,0.0,0.0,0.0,0.0,0.0,0.0157,0.0157,0.0209,0.0209,0.0261,0.0418,0.0418,0.0418,0.047,0.0627,0.068,0.0836,0.0836,0.0836,0.0836,0.0889,0.0889
Malásia,0.0,0.0,0.0,0.0093,0.0124,0.0124,0.0124,0.0216,0.0247,0.0247,0.0247,0.0247,0.0247,0.0309,0.0371,0.0371,0.0371,0.0494,0.0494,0.0556,0.0556,0.0556,0.0587,0.0587,0.068,0.068,0.068,0.068,0.068,0.068,0.068,0.068,0.068,0.068,0.068,0.068,0.0711,0.0711,0.0772,0.0896,0.0896,0.1112,0.1545,0.1545,0.2564,0.2873,0.3059,0.3615,0.3986,0.4604,0.4604,0.6087,0.7353,1.3224,1.7487,2.0793,2.4408,2.7807,3.1824,3.6551,4.0351,4.6901,5.0176,5.549,6.2751,6.6768,7.168,7.6315,8.1135,8.546,8.9847,9.6274,10.2978,10.7613,11.3143,11.7191,12.2443,12.7263,13.0631,13.4277,13.9962,14.4689,14.8829,15.4081,15.6708,16.0106,16.2238,16.3907
Maldivas,0.0,0.0,0.0,0.0,0.0,0.0,0.0,0.0,0.0,0.0,0.0,0.0,0.0,0.0,0.0,0.0,0.0,0.0,0.0,0.0,0.0,0.0,0.0,0.0,0.0,0.0,0.0,0.0,0.0,0.0,0.0,0.0,0.0,0.0,0.0,0.0,0.0,0.0,0.0,0.0,0.0,0.0,0.0,0.0,0.0,0.0,0.74,0.74,1.11,1.48,1.48,1.665,1.85,2.405,2.405,2.405,2.405,2.405,2.405,2.405,2.405,2.405,2.405,2.405,2.405,2.96,2.96,3.145,3.145,3.33,3.515,3.515,3.515,3.515,3.515,3.515,3.515,3.515,3.515,3.515,3.515,3.7,3.7,3.7,4.07,4.625,5.18,6.475
Mali,0.0,0.0,0.0,0.0,0.0,0.0,0.0,0.0,0.0,0.0,0.0,0.0,0.0,0.0,0.0,0.0,0.0,0.0,0.0,0.0,0.0,0.0,0.0,0.0,0.0,0.0,0.0,0.0,0.0,0.0,0.0,0.0,0.0,0.0,0.0,0.0,0.0,0.0,0.0,0.0,0.0,0.0,0.0,0.0,0.0,0.0,0.0,0.0,0.0,0.0,0.0,0.0,0.0,0.0,0.0,0.0,0.0,0.0,0.0,0.0,0.0,0.0,0.0,0.0099,0.0198,0.0543,0.0889,0.0889,0.1235,0.1383,0.1531,0.1778,0.1926,0.2025,0.2222,0.2321,0.2765,0.2913,0.3654,0.4296,0.4296,0.5185,0.6074,0.7111,0.7308,0.8444,0.8444,1.0666
Malta,0.0,0.0,0.0,0.0,0.0,0.0,0.0,0.0,0.0,0.0,0.0,0.0,0.0,0.0,0.0,0.0,0.0,0.0,0.0,0.0,0.0,0.0,0.0,0.0,0.0,0.0,0.0,0.0,0.0,0.0,0.0,0.0,0.0,0.0,0.0,0.0,0.0,0.0,0.0,0.0,0.0,0.0,0.0,0.0,0.0,0.6794,0.6794,0.6794,1.1324,1.3589,1.3589,2.7177,4.0766,4.756,6.7944,8.6062,8.6062,12.0034,14.4946,16.5329,20.3831,24.2332,24.9126,29.2157,30.3481,31.4805,33.7453,34.1983,35.3306,38.2749,42.578,44.3898,45.7487,48.2399,51.4106,54.5813,66.3582,67.7171,76.3233,79.2675,83.797,85.6089,86.9677,89.0061,90.3649,93.3091,95.5739,96.4798
Mauritânia,0.0,0.0,0.0,0.0,0.0,0.0,0.0,0.0,0.0,0.0,0.0,0.0,0.0,0.0,0.0,0.0,0.0,0.0,0.0,0.0,0.0,0.0,0.0,0.0,0.0,0.0,0.0,0.0,0.0,0.0,0.0,0.0,0.0,0.0,0.0,0.0,0.0,0.0,0.0,0.0,0.0,0.0,0.0,0.0,0.0,0.0,0.0,0.0,0.0,0.0,0.0,0.0,0.0215,0.0215,0.0215,0.0215,0.0215,0.043,0.043,0.043,0.043,0.043,0.043,0.043,0.0645,0.0645,0.1075,0.1075,0.1075,0.129,0.129,0.129,0.129,0.129,0.129,0.129,0.129,0.129,0.1505,0.1505,0.1505,0.1505,0.1505,0.1505,0.1505,0.1505,0.1505,0.1505
Ilhas Maurício,0.0,0.0,0.0,0.0,0.0,0.0,0.0,0.0,0.0,0.0,0.0,0.0,0.0,0.0,0.0,0.0,0.0,0.0,0.0,0.0,0.0,0.0,0.0,0.0,0.0,0.0,0.0,0.0,0.0,0.0,0.0,0.0,0.0,0.0,0.0,0.0,0.0,0.0,0.0,0.0,0.0,0.0,0.0,0.0,0.0,0.0,0.0,0.0,0.0,0.0,0.0,0.0,0.0,0.0,0.0,0.0,0.2359,0.2359,0.9436,1.1008,2.2017,2.8307,3.3025,3.7743,6.3691,7.3913,8.0203,8.4135,10.0647,11.2442,12.6595,13.2886,14.6253,15.4116,17.8492,19.1859,21.073,21.4662,24.69,25.0046,25.0832,25.4763,25.4763,25.4763,25.4763,25.4763,25.4763,25.555
México,0.0,0.0,0.0,0.0,0.0,0.0,0.0,0.0,0.0,0.0,0.0,0.0,0.0,0.0,0.0,0.0,0.0,0.0,0.0,0.0,0.0,0.0,0.0,0.0,0.0,0.0,0.0,0.0,0.0,0.0,0.0,0.0,0.0,0.0,0.0,0.0,0.0,0.0008,0.0031,0.0039,0.0039,0.0039,0.0039,0.0039,0.0047,0.0047,0.0054,0.0054,0.0054,0.0062,0.0093,0.0093,0.0202,0.0318,0.0411,0.0636,0.0721,0.0915,0.1272,0.1574,0.1947,0.2451,0.2846,0.3141,0.3684,0.4537,0.5561,0.6577,0.7702,0.8485,0.9424,1.0688,1.1712,1.3092,1.4659,1.6621,1.8917,2.16,2.4672,2.6688,2.9814,3.2722,3.6151,3.8888,4.1875,4.5349,4.8839,5.3322
Moldávia,0.0,0.0,0.0,0.0,0.0,0.0,0.0,0.0,0.0,0.0,0.0,0.0,0.0,0.0,0.0,0.0,0.0,0.0,0.0,0.0,0.0,0.0,0.0,0.0,0.0,0.0,0.0,0.0,0.0,0.0,0.0,0.0,0.0,0.0,0.0,0.0,0.0,0.0,0.0,0.0,0.0,0.0,0.0,0.0,0.0,0.0,0.0248,0.0248,0.0744,0.0744,0.0744,0.1487,0.2975,0.5702,0.5702,0.7437,0.7437,1.2147,1.6361,1.9832,2.3302,2.7021,3.0987,3.6936,4.3877,4.9331,5.7264,6.5196,7.3873,8.7507,10.486,12.5187,14.6506,18.6417,21.4181,23.9219,26.1777,29.1029,31.9537,35.6473,38.6716,41.2002,42.4397,47.9429,50.7937,53.3966,56.1235,58.9495
Mónaco,0.0,0.0,0.0,0.0,0.0,0.0,0.0,0.0,0.0,0.0,0.0,0.0,0.0,0.0,0.0,0.0,0.0,0.0,0.0,0.0,0.0,0.0,0.0,0.0,0.0,0.0,0.0,0.0,0.0,0.0,0.0,0.0,0.0,0.0,0.0,0.0,0.0,0.0,2.5483,2.5483,2.5483,2.5483,2.5483,2.5483,2.5483,2.5483,2.5483,2.5483,2.5483,2.5483,5.0966,5.0966,5.0966,5.0966,17.838,17.838,17.838,17.838,28.0312,28.0312,58.6107,58.6107,58.6107,78.997,84.0936,107.0282,107.0282,117.2213,124.8662,132.5111,140.156,152.8974,163.0906,168.1871,186.0252,196.2183,201.3149,206.4115,214.0564,229.3461,234.4427,236.991,236.991,236.991,236.991,236.991,239.5393,239.5393
Mongólia,0.0,0.0,0.0,0.0,0.0,0.0,0.0,0.0,0.0,0.0,0.0,0.0,0.0,0.0,0.0,0.0,0.0,0.0,0.0,0.0,0.0,0.0,0.0,0.0,0.0,0.0,0.0,0.0,0.0,0.0,0.0,0.0,0.0,0.0,0.0,0.0,0.0,0.0,0.0,0.0,0.0,0.0,0.0,0.0,0.0,0.0,0.0,0.0,0.0305,0.0305,0.0305,0.0305,0.0305,0.0305,0.0305,0.1525,0.183,0.183,0.183,0.305,0.305,0.305,0.305,0.305,0.3355,0.3355,0.366,0.366,0.366,0.366,0.4271,0.4271,0.4271,0.4271,0.4271,0.4576,0.4576,0.4881,0.4881,0.4881,0.4881,0.4881,0.5186,0.9151,0.9151,0.9456,0.9456,0.9456
Montenegro,0.0,0.0,0.0,0.0,0.0,0.0,0.0,0.0,0.0,0.0,0.0,0.0,0.0,0.0,0.0,0.0,0.0,0.0,0.0,0.0,0.0,0.0,0.0,0.0,0.0,0.0,0.0,0.0,0.0,0.0,0.0,0.0,0.0,0.0,0.0,0.0,0.0,0.0,0.0,0.0,0.0,0.0,0.0,0.0,0.0,0.0,0.0,0.0,0.0,0.0,0.0,0.0,0.0,0.0,0.0,0.3184,0.3184,0.4777,2.2291,2.2291,3.3436,4.2989,7.4833,8.2794,10.9861,13.056,13.3744,13.5336,14.4889,17.3549,19.5839,22.9275,27.7041,32.003,34.0729,37.098,38.3718,39.4863,40.1232,40.6008,41.8746,43.3076,43.626,45.059,45.8551,48.2433,48.2433,48.8802
Marrocos,0.0,0.0,0.0,0.0,0.0,0.0,0.0,0.0,0.0,0.0,0.0,0.0,0.0,0.0,0.0,0.0,0.0,0.0,0.0,0.0,0.0,0.0,0.0,0.0,0.0,0.0,0.0,0.0,0.0,0.0,0.0,0.0,0.0,0.0,0.0,0.0,0.0,0.0,0.0,0.0,0.0027,0.0027,0.0027,0.0054,0.0054,0.0054,0.0054,0.0054,0.0081,0.0135,0.0163,0.019,0.0461,0.0759,0.0786,0.103,0.1328,0.1707,0.2086,0.2601,0.3116,0.3874,0.4606,0.6096,0.745,0.9347,1.0891,1.2977,1.5063,1.6716,1.7719,1.9182,2.143,2.4898,2.7661,3.0344,3.2078,3.4543,3.7225,3.923,4.1858,4.5001,4.7764,5.1151,5.4835,6.1852,6.9465,7.2743
Moçambique,0.0,0.0,0.0,0.0,0.0,0.0,0.0,0.0,0.0,0.0,0.0,0.0,0.0,0.0,0.0,0.0,0.0,0.0,0.0,0.0,0.0,0.0,0.0,0.0,0.0,0.0,0.0,0.0,0.0,0.0,0.0,0.0,0.0,0.0,0.0,0.0,0.0,0.0,0.0,0.0,0.0,0.0,0.0,0.0,0.0,0.0,0.0,0.0,0.0,0.0,0.0,0.0,0.0,0.0,0.0,0.0,0.0,0.0,0.0,0.0,0.0032,0.0032,0.0096,0.016,0.0224,0.0224,0.0256,0.0256,0.0256,0.0256,0.032,0.032,0.032,0.032,0.032,0.032,0.032,0.0544,0.0544,0.064,0.064,0.0672,0.0672,0.0896,0.0928,0.0992,0.1088,0.112
Namíbia,0.0,0.0,0.0,0.0,0.0,0.0,0.0,0.0,0.0,0.0,0.0,0.0,0.0,0.0,0.0,0.0,0.0,0.0,0.0,0.0,0.0,0.0,0.0,0.0,0.0,0.0,0.0,0.0,0.0,0.0,0.0,0.0,0.0,0.0,0.0,0.0,0.0,0.0,0.0,0.0,0.0,0.0,0.0,0.0,0.0,0.0,0.0,0.0,0.0,0.0,0.0,0.0,0.0787,0.0787,0.0787,0.0787,0.0787,0.1181,0.1181,0.1181,0.1181,0.1574,0.2755,0.2755,0.3148,0.3148,0.3148,0.4329,0.4329,0.4329,0.551,0.551,0.551,0.551,0.6297,0.6297,0.6297,0.6297,0.6297,0.6297,0.6297,0.6297,0.6297,0.6297,0.6297,0.6297,0.6297,0.6297
Nepal,0.0,0.0,0.0,0.0034,0.0034,0.0034,0.0034,0.0034,0.0034,0.0034,0.0034,0.0034,0.0034,0.0034,0.0034,0.0034,0.0034,0.0034,0.0034,0.0034,0.0034,0.0034,0.0034,0.0034,0.0034,0.0034,0.0034,0.0034,0.0034,0.0034,0.0034,0.0034,0.0034,0.0034,0.0034,0.0034,0.0034,0.0034,0.0034,0.0034,0.0034,0.0034,0.0034,0.0034,0.0034,0.0034,0.0034,0.0034,0.0034,0.0034,0.0034,0.0034,0.0034,0.0034,0.0034,0.0034,0.0034,0.0034,0.0034,0.0034,0.0034,0.0069,0.0069,0.0103,0.0103,0.0137,0.0172,0.0172,0.0172,0.0172,0.0172,0.0206,0.0206,0.0309,0.0309,0.0309,0.0309,0.0309,0.0309,0.0309,0.0309,0.0412,0.048,0.0549,0.0549,0.0549,0.103,0.1064
Países Baixos,0.0,0.0,0.0,0.0,0.0,0.0,0.0,0.0,0.0,0.0,0.0,0.0,0.0,0.0,0.0,0.0,0.0,0.0,0.0,0.0,0.0,0.0,0.0,0.0,0.0,0.0,0.0,0.0,0.0,0.0,0.0,0.0,0.0,0.0,0.0,0.0,0.0058,0.0058,0.035,0.0584,0.105,0.1401,0.2218,0.4786,0.747,1.0972,1.5466,1.8734,2.2294,2.9355,2.9355,4.7039,5.6143,6.6414,8.2638,9.9855,12.0106,14.3975,17.5257,21.2432,24.6106,27.803,32.5652,37.5725,43.5836,50.4643,57.3042,63.788,68.9646,73.9253,79.9306,86.3035,92.3322,97.6196,104.7746,110.4531,115.0227,120.7012,127.827,135.6824,143.3976,150.255,155.8809,160.9583,165.2536,171.4807,178.6941,185.388
Nova Zelândia,0.0,0.0,0.0,0.0,0.0,0.0,0.0,0.0,0.0,0.0,0.0,0.0,0.0,0.0,0.0,0.0,0.0,0.0,0.0,0.0,0.0,0.0,0.0,0.0,0.0,0.0,0.0,0.0,0.0,0.0,0.0,0.0,0.0,0.0,0.0,0.0,0.0,0.0207,0.0207,0.0207,0.0207,0.0207,0.0622,0.0622,0.0829,0.1037,0.1037,0.1037,0.1037,0.1037,0.1037,0.1037,0.1244,0.1659,0.1659,0.2488,0.4147,0.5806,0.8088,1.0783,2.1152,2.1152,3.2143,4.2511,5.8687,7.6313,9.3525,10.659,12.2143,13.417,14.682,16.5276,18.0,19.7004,21.546,22.9354,24.0552,25.0921,25.6935,26.6059,27.2073,27.5806,27.9746,28.3271,28.7419,29.0529,29.2188,29.4884
Nicarágua,0.0,0.0,0.0,0.0,0.0,0.0,0.0,0.0,0.0,0.0,0.0,0.0,0.0,0.0,0.0,0.0,0.0,0.0,0.0,0.0,0.0,0.0,0.0,0.0,0.0,0.0,0.0,0.0,0.0,0.0,0.0,0.0,0.0,0.0,0.0,0.0,0.0,0.0,0.0,0.0,0.0,0.0,0.0,0.0,0.0,0.0,0.0,0.0,0.0,0.0,0.0,0.0,0.0,0.0,0.0,0.0,0.0,0.0151,0.0151,0.0302,0.0302,0.0302,0.0302,0.0302,0.0302,0.0302,0.0604,0.0604,0.0604,0.0755,0.0755,0.0755,0.0755,0.0755,0.0906,0.0906,0.0906,0.0906,0.1057,0.1057,0.1208,0.1359,0.1359,0.1359,0.1359,0.1359,0.1359,0.1359
Níger,0.0,0.0,0.0,0.0,0.0,0.0,0.0,0.0,0.0,0.0,0.0,0.0,0.0,0.0,0.0,0.0,0.0,0.0,0.0,0.0,0.0,0.0,0.0,0.0,0.0,0.0,0.0,0.0,0.0,0.0,0.0,0.0,0.0,0.0,0.0,0.0,0.0,0.0,0.0,0.0,0.0,0.0,0.0,0.0,0.0,0.0,0.0,0.0,0.0,0.0,0.0,0.0,0.0,0.0,0.0,0.0,0.0,0.0,0.0041,0.0041,0.0083,0.0124,0.0124,0.0289,0.0413,0.0413,0.0413,0.0744,0.1115,0.1115,0.3057,0.4048,0.4957,0.5949,0.7601,1.0452,1.1484,1.4128,1.6937,1.8094,2.0284,2.1854,2.1854,2.3547,2.4126,2.4126,2.5902,2.6398
Nigéria,0.0,0.0,0.0,0.0,0.0,0.0,0.0,0.0,0.0,0.0,0.0,0.0,0.0,0.0,0.0,0.0,0.0,0.0,0.0,0.0,0.0,0.0,0.0,0.0,0.0,0.0,0.0,0.0,0.0,0.0,0.0,0.0,0.0,0.0,0.0,0.0,0.0,0.0005,0.0005,0.0005,0.0005,0.0005,0.0005,0.0005,0.0005,0.0005,0.0005,0.001,0.001,0.001,0.001,0.001,0.001,0.001,0.001,0.0015,0.0039,0.0039,0.0058,0.0107,0.0146,0.0194,0.0213,0.0247,0.0315,0.034,0.0432,0.0538,0.0635,0.0655,0.0844,0.0893,0.1019,0.1038,0.1125,0.1155,0.1232,0.1339,0.1397,0.148,0.1543,0.1567,0.1664,0.1809,0.1974,0.2144,0.2392,0.2629
Macedônia do Norte,0.0,0.0,0.0,0.0,0.0,0.0,0.0,0.0,0.0,0.0,0.0,0.0,0.0,0.0,0.0,0.0,0.0,0.0,0.0,0.0,0.0,0.0,0.0,0.0,0.0,0.0,0.0,0.0,0.0,0.0,0.0,0.0,0.0,0.0,0.0,0.048,0.048,0.048,0.048,0.048,0.048,0.048,0.048,0.048,0.144,0.144,0.144,0.144,0.336,0.336,0.336,0.672,0.672,0.672,0.864,1.248,1.68,2.304,3.2159,4.0799,5.5199,6.5279,7.1039,8.4958,9.6478,10.5118,11.5678,12.4318,13.6797,15.7917,16.9917,18.4316,20.6396,23.1835,26.6395,27.3595,28.7514,29.6154,31.8234,34.1273,36.4793,39.7432,40.9912,43.5831,46.7511,51.887,53.615,56.1589
Noruega,0.0,0.0,0.0,0.0,0.0,0.0,0.0,0.0,0.0,0.0,0.0,0.0,0.0,0.0,0.0,0.0,0.0,0.0,0.0,0.0,0.0,0.0,0.0,0.0,0.0,0.0,0.0,0.0,0.0,0.0,0.0,0.0,0.0,0.0,0.0,0.0184,0.0184,0.1107,0.2767,0.3505,0.4611,0.5903,1.033,1.6048,1.9922,2.7116,3.2465,3.7814,7.3784,11.0307,12.9491,18.3722,20.1061,22.5225,24.5885,26.9864,28.5912,32.2066,35.3056,39.0685,43.9936,48.3469,52.8108,56.8873,62.1444,69.2646,74.0605,79.0225,81.9923,85.6077,89.7027,94.9414,99.0548,102.3751,104.9022,108.1856,112.2621,112.2621,114.5679,116.4678,118.2202,120.3599,121.7987,122.1676,124.3258,127.2033,127.9596,129.7858
Omã,0.0,0.0,0.0,0.0,0.0,0.0,0.0,0.0,0.0,0.0,0.0,0.0,0.0,0.0,0.0,0.0,0.0,0.0,0.0,0.0,0.0,0.0,0.0,0.0,0.0,0.0,0.0,0.0,0.0,0.0,0.0,0.0,0.0,0.0392,0.0392,0.0783,0.0783,0.0783,0.1175,0.1175,0.1175,0.235,0.2937,0.3133,0.3133,0.3133,0.3133,0.3133,0.3525,0.3525,0.3525,0.3721,0.3721,0.4308,0.4308,0.47,0.7637,0.94,0.94,1.0183,1.077,1.2924,1.6449,1.9387,2.1345,2.5653,2.9765,3.2703,3.5052,3.7598,4.1123,4.5235,4.9348,5.4243,5.8356,6.4818,7.2651,8.205,8.9492,9.4779,10.692,11.7299,14.2364,15.9205,17.82,19.9545,20.9336,23.1072
Paquistão,0.0,0.0,0.0,0.0,0.0,0.0,0.0,0.0,0.0,0.0,0.0,0.0,0.0,0.0,0.0,0.0,0.0,0.0,0.0,0.0,0.0,0.0,0.0,0.0,0.0,0.0,0.0,0.0,0.0,0.0,0.0,0.0,0.0,0.0,0.0,0.0009,0.0009,0.0009,0.0018,0.0018,0.0018,0.0023,0.0023,0.0023,0.0027,0.0027,0.0027,0.0027,0.0072,0.0086,0.0091,0.0127,0.014,0.024,0.0616,0.1068,0.1354,0.2055,0.2268,0.3305,0.3513,0.3961,0.44,0.4812,0.5437,0.6216,0.6768,0.723,0.7773,0.8774,0.9588,1.096,1.216,1.2757,1.4292,1.7049,1.8267,1.9299,2.0322,2.1255,2.2685,2.3677,2.4881,2.6425,2.8896,3.1323,3.1803,3.4578
Panamá,0.0,0.0,0.0,0.0,0.0,0.0,0.0,0.0,0.0,0.0,0.0,0.0,0.0,0.0,0.0,0.0,0.0,0.0,0.0,0.0,0.0,0.0,0.0,0.0,0.0,0.0,0.0,0.0,0.0,0.0,0.0,0.0,0.0,0.0,0.0,0.0,0.0,0.0,0.0,0.0,0.0,0.0,0.0,0.0,0.0,0.0,0.0,0.0,0.0232,0.1854,0.2549,0.6258,0.8343,0.9966,1.2747,1.5992,1.9932,2.5262,3.1751,4.6352,7.2542,7.9958,7.9958,10.2671,12.9323,15.6208,18.2165,20.8818,22.9213,27.3711,27.3711,30.5231,34.1849,38.7738,41.7404,46.0743,48.6701,52.1233,58.5895,63.781,68.9261,74.9519,78.7992,80.4678,82.8318,86.934,93.0757,97.5719
Papua-Nova Guiné,0.0,0.0,0.0,0.0,0.0,0.0,0.0,0.0,0.0,0.0,0.0,0.0,0.0,0.0,0.0,0.0,0.0,0.0,0.0,0.0,0.0,0.0,0.0,0.0,0.0,0.0,0.0,0.0,0.0,0.0,0.0,0.0,0.0,0.0,0.0,0.0,0.0,0.0,0.0,0.0,0.0,0.0,0.0,0.0,0.0,0.0,0.0,0.0,0.0,0.0,0.0,0.0,0.0,0.0,0.0,0.0,0.0,0.0,0.0112,0.0112,0.0112,0.0112,0.0112,0.0112,0.0112,0.0112,0.0112,0.0112,0.0112,0.0112,0.0112,0.0112,0.0112,0.0112,0.0112,0.0224,0.0224,0.0224,0.0224,0.0224,0.0224,0.0224,0.0224,0.0224,0.0224,0.0782,0.0782,0.0782
Paraguai,0.0,0.0,0.0,0.0,0.0,0.0,0.0,0.0,0.0,0.0,0.0,0.0,0.0,0.0,0.0,0.0,0.0,0.0,0.0,0.0,0.0,0.0,0.0,0.0,0.0,0.0,0.0,0.0,0.0,0.0,0.0,0.0,0.0,0.0,0.0,0.0,0.0,0.0,0.0,0.0,0.0,0.0,0.0,0.0,0.0,0.0,0.014,0.014,0.014,0.0701,0.0701,0.0841,0.0841,0.0841,0.1122,0.1262,0.1542,0.1542,0.1823,0.2524,0.3084,0.3084,0.3785,0.5187,0.5748,0.7291,0.7851,0.8272,0.8973,0.9113,0.9674,1.0796,1.2899,1.3459,1.4581,1.5843,1.6123,1.6684,1.7385,1.8086,1.8647,1.8787,2.061,2.2292,2.2573,2.4395,2.79,2.8321
Peru,0.0,0.0,0.0,0.0,0.0,0.0,0.0,0.0,0.0,0.0,0.0,0.0,0.0,0.0,0.0,0.0,0.0,0.0,0.0,0.0,0.0,0.0,0.0,0.0,0.0,0.0,0.0,0.0,0.0,0.0,0.0,0.0,0.0,0.0,0.0,0.0,0.0,0.0,0.0,0.0,0.0,0.0,0.0,0.0,0.003,0.003,0.0182,0.0212,0.0334,0.0334,0.0455,0.0849,0.1152,0.1304,0.2608,0.3548,0.4398,0.7097,0.7097,0.9645,1.1009,1.198,1.2617,1.4558,1.7591,1.9259,2.0351,2.584,2.8812,3.23,4.0125,4.2885,4.8375,5.2954,6.918,7.7672,8.9592,13.1688,15.9409,17.885,20.7692,22.8043,29.6738,31.2479,34.8024,37.8838,40.9107,43.7343
Filipinas,0.0,0.0,0.0,0.0,0.0,0.0,0.0,0.0,0.0009,0.0009,0.0009,0.0018,0.0018,0.0018,0.0018,0.0018,0.0027,0.0027,0.0027,0.0027,0.0027,0.0027,0.0027,0.0027,0.0027,0.0027,0.0027,0.0027,0.0027,0.0027,0.0027,0.0027,0.0027,0.0027,0.0027,0.0027,0.0027,0.0027,0.0027,0.0027,0.0027,0.0027,0.0027,0.0027,0.0046,0.0055,0.0091,0.0183,0.0301,0.0447,0.0475,0.0584,0.1013,0.1278,0.1296,0.1706,0.1843,0.198,0.2099,0.2802,0.3468,0.4216,0.5037,0.5804,0.6452,0.7328,0.981,1.294,1.4108,1.9018,2.1089,2.4028,2.7541,2.8235,2.9622,3.34,3.4349,3.5316,3.7196,3.8282,4.0408,4.2416,4.5008,4.7663,4.9762,5.1651,5.3641,5.5548
Polónia,0.0,0.0,0.0,0.0,0.0,0.0,0.0,0.0,0.0,0.0,0.0,0.0,0.0,0.0,0.0,0.0,0.0,0.0,0.0,0.0,0.0,0.0,0.0,0.0,0.0,0.0,0.0,0.0,0.0,0.0,0.0,0.0,0.0,0.0,0.0,0.0,0.0,0.0,0.0,0.0,0.0,0.0,0.0026,0.0026,0.0132,0.0132,0.0291,0.0423,0.0581,0.0819,0.1295,0.1797,0.2722,0.3144,0.4677,0.6289,0.6632,0.938,1.123,1.4162,1.6752,1.979,2.3807,2.777,3.2262,3.6701,4.328,4.9199,5.4298,6.1062,6.7483,7.7841,8.9387,9.5834,10.8385,11.6602,12.8096,13.7529,14.7305,15.7346,16.7941,17.6343,18.3213,19.0294,20.0335,20.9213,22.1394,23.0985
Portugal,0.0,0.0,0.0,0.0,0.0,0.0,0.0,0.0,0.0,0.0,0.0,0.0,0.0,0.0,0.0,0.0,0.0,0.0,0.0,0.0,0.0,0.0,0.0,0.0,0.0,0.0,0.0,0.0,0.0,0.0,0.0,0.0,0.0,0.0,0.0,0.0,0.0,0.0,0.0,0.0,0.0196,0.0196,0.049,0.0785,0.1275,0.1961,0.2942,0.2942,0.4021,0.5786,0.5786,1.0984,1.6574,2.4027,3.2461,4.3936,4.3936,7.6986,10.0032,12.5531,15.6913,20.2026,23.1643,29.3722,34.7563,41.8566,50.7026,58.4698,62.8438,72.9941,80.9183,88.5972,96.9529,103.2098,110.6043,115.0371,122.0198,128.8749,136.8677,151.7352,156.7859,162.6505,166.0732,171.114,177.42,184.7753,186.5504,193.0525
Catar,0.0,0.0,0.0,0.0,0.0,0.0,0.0,0.0,0.0,0.0,0.0,0.0,0.0,0.0,0.0,0.0,0.0,0.0,0.0,0.0,0.0,0.0,0.0,0.0,0.0,0.0,0.0,0.0,0.0,0.0,0.0,0.0,0.0,0.0,0.0,0.0,0.0,0.0,0.0347,0.1041,0.1041,0.243,0.2777,0.2777,0.2777,0.2777,0.5206,0.6248,0.833,9.0939,9.0939,11.1071,11.6971,13.9185,15.2375,15.2375,15.6887,15.9664,16.3135,16.6953,17.1465,17.3895,18.2572,18.639,19.0555,19.5068,20.4786,22.0058,24.0537,27.1081,28.9825,32.9393,37.3127,45.9901,55.6741,63.5879,71.3975,76.7081,82.4698,87.1903,94.6876,103.3997,112.1465,118.9843,128.8071,142.4132,161.8505,173.8253
Roménia,0.0,0.0,0.0,0.0,0.0,0.0,0.0,0.0,0.0,0.0,0.0,0.0,0.0,0.0,0.0,0.0,0.0,0.0,0.0,0.0,0.0,0.0,0.0,0.0,0.0,0.0,0.0,0.0,0.0,0.0,0.0,0.0,0.0,0.0,0.0,0.0052,0.0052,0.0156,0.0156,0.0156,0.0156,0.0156,0.0208,0.0312,0.0468,0.0468,0.078,0.078,0.13,0.2339,0.2547,0.4626,0.6394,0.681,0.8213,0.9565,1.3515,1.4399,1.601,1.9077,2.2508,2.9941,4.1273,4.7095,5.3489,6.716,7.5477,9.4346,10.9629,11.6698,12.7874,14.2325,16.5456,18.7808,20.0856,21.0888,22.9601,24.7483,27.0407,28.4182,31.1368,32.7482,34.4792,35.7579,37.5097,40.062,41.9333,43.7579
Rússia,0.0,0.0,0.0,0.0,0.0,0.0,0.0,0.0,0.0,0.0014,0.0014,0.0014,0.0014,0.0014,0.0014,0.0014,0.0014,0.0014,0.0014,0.0014,0.0014,0.0014,0.0014,0.0014,0.0014,0.0014,0.0014,0.0014,0.0014,0.0014,0.0014,0.0014,0.0014,0.0014,0.0014,0.0014,0.0014,0.0014,0.0014,0.0014,0.0021,0.0021,0.0021,0.0027,0.0089,0.0089,0.0116,0.0116,0.0137,0.0137,0.0192,0.0308,0.0404,0.0432,0.0617,0.0781,0.1007,0.1364,0.1734,0.2097,0.2515,0.3001,0.3392,0.4509,0.5756,0.7099,0.8661,1.0512,1.2581,1.6014,1.9029,2.4312,2.8431,3.2419,3.6928,4.3465,5.1372,5.9424,6.9422,8.166,9.3083,10.8062,12.5591,14.4599,16.7815,19.1442,21.9331,25.212
Ruanda,0.0,0.0,0.0,0.0,0.0,0.0,0.0,0.0,0.0,0.0,0.0,0.0,0.0,0.0,0.0,0.0,0.0,0.0,0.0,0.0,0.0,0.0,0.0,0.0,0.0,0.0,0.0,0.0,0.0,0.0,0.0,0.0,0.0,0.0,0.0,0.0,0.0,0.0,0.0,0.0,0.0,0.0,0.0,0.0,0.0,0.0,0.0,0.0,0.0,0.0,0.0,0.0,0.0077,0.0077,0.0386,0.054,0.0618,0.0618,0.1313,0.1313,0.1467,0.2779,0.3088,0.3165,0.386,0.4169,0.4632,0.5404,0.5404,0.5791,0.6331,0.6485,0.6871,0.7875,0.803,0.8107,0.8107,0.8493,0.8493,0.911,0.9265,0.9728,0.9805,1.0346,1.05,1.0655,1.1041,1.1118
São Cristóvão e Névis,0.0,0.0,0.0,0.0,0.0,0.0,0.0,0.0,0.0,0.0,0.0,0.0,0.0,0.0,0.0,0.0,0.0,0.0,0.0,0.0,0.0,0.0,0.0,0.0,0.0,0.0,0.0,0.0,0.0,0.0,0.0,0.0,0.0,0.0,0.0,0.0,0.0,0.0,0.0,0.0,0.0,0.0,0.0,0.0,0.0,0.0,0.0,0.0,0.0,0.0,0.0,0.0,0.0,0.0,0.0,0.0,0.0,0.0,0.0,0.0,0.0,0.0,0.0,3.7595,3.7595,3.7595,3.7595,3.7595,13.1581,15.0379,15.0379,16.9176,16.9176,16.9176,18.7973,18.7973,20.6771,20.6771,20.6771,22.5568,22.5568,22.5568,22.5568,26.3163,26.3163,26.3163,26.3163,26.3163
Santa Lúcia,0.0,0.0,0.0,0.0,0.0,0.0,0.0,0.0,0.0,0.0,0.0,0.0,0.0,0.0,0.0,0.0,0.0,0.0,0.0,0.0,0.0,0.0,0.0,0.0,0.0,0.0,0.0,0.0,0.0,0.0,0.0,0.0,0.0,0.0,0.0,0.0,0.0,0.0,0.0,0.0,0.0,0.0,0.0,0.0,0.0,0.0,0.0,0.0,0.0,0.0,0.0,0.0,0.5446,1.0892,1.0892,1.0892,1.0892,1.0892,1.0892,1.0892,1.0892,1.6337,1.6337,1.6337,1.6337,1.6337,1.6337,4.9012,4.9012,7.0796,7.0796,7.0796,7.0796,7.6242,7.6242,7.6242,7.6242,7.6242,7.6242,8.1687,8.1687,8.1687,8.1687,8.1687,8.1687,8.1687,8.1687,8.1687
São Vicente e Granadinas,0.0,0.0,0.0,0.0,0.0,0.0,0.0,0.0,0.0,0.0,0.0,0.0,0.0,0.0,0.0,0.0,0.0,0.0,0.0,0.0,0.0,0.0,0.0,0.0,0.0,0.0,0.0,0.0,0.0,0.0,0.0,0.0,0.0,0.0,0.0,0.0,0.0,0.0,0.0,0.0,0.0,0.0,0.0,0.0,0.0,0.0,0.0,0.0,0.0,0.0,0.0,0.0,9.0139,9.0139,9.0139,9.0139,9.0139,9.0139,9.0139,9.0139,9.0139,9.0139,9.0139,9.0139,9.0139,9.0139,9.0139,9.0139,9.0139,9.0139,9.0139,18.0278,27.0416,63.0972,63.0972,63.0972,72.1111,72.1111,108.1666,108.1666,108.1666,108.1666,108.1666,108.1666,108.1666,108.1666,108.1666,108.1666
San Marino,0.0,0.0,0.0,0.0,0.0,0.0,0.0,0.0,0.0,0.0,0.0,0.0,0.0,0.0,0.0,0.0,0.0,0.0,0.0,0.0,0.0,0.0,0.0,0.0,0.0,0.0,0.0,0.0,0.0,0.0,0.0,0.0,0.0,0.0,0.0,0.0,2.9472,2.9472,2.9472,2.9472,23.5773,29.4716,47.1545,61.8903,61.8903,67.7846,106.0977,106.0977,150.305,182.7238,203.3539,235.7726,235.7726,297.6629,321.2402,321.2402,350.7117,350.7117,424.3907,424.3907,515.7526,551.1184,551.1184,613.0088,613.0088,657.2161,660.1633,660.1633,677.8462,695.5292,695.5292,722.0536,722.0536,763.3138,783.9439,783.9439,822.2569,822.2569,981.4034,1013.8222,1049.1881,1049.1881,1049.1881,1093.3954,1096.3426,1255.4891,1282.0135,1340.9566
São Tomé e Príncipe,0.0,0.0,0.0,0.0,0.0,0.0,0.0,0.0,0.0,0.0,0.0,0.0,0.0,0.0,0.0,0.0,0.0,0.0,0.0,0.0,0.0,0.0,0.0,0.0,0.0,0.0,0.0,0.0,0.0,0.0,0.0,0.0,0.0,0.0,0.0,0.0,0.0,0.0,0.0,0.0,0.0,0.0,0.0,0.0,0.0,0.0,0.0,0.0,0.0,0.0,0.0,0.0,0.0,0.0,0.0,0.0,0.0,0.0,0.0,0.0,0.0,0.0,0.0,0.0,0.0,0.0,0.0,0.0,0.0,0.0,0.0,0.0,0.0,0.0,0.0,1.8252,1.8252,1.8252,1.8252,1.8252,1.8252,1.8252,1.8252,1.8252,1.8252,1.8252,1.8252,1.8252
Arábia Saudita,0.0,0.0,0.0,0.0,0.0,0.0,0.0,0.0,0.0,0.0,0.0,0.0,0.0,0.0,0.0,0.0,0.0,0.0,0.0,0.0,0.0,0.0,0.0,0.0,0.0,0.0,0.0,0.0,0.0,0.0,0.0,0.0,0.0,0.0,0.0,0.0,0.0,0.0,0.0,0.0,0.0029,0.0029,0.0029,0.0144,0.0144,0.0144,0.0316,0.0431,0.0574,0.0603,0.1293,0.247,0.2959,0.2959,0.3389,0.4912,0.4912,0.787,0.9881,1.126,1.4678,1.6143,2.2031,2.5852,2.9069,3.1711,3.4555,3.7313,4.1736,4.4896,4.9406,5.4145,5.8569,6.259,6.8995,7.4826,8.0284,8.4219,9.4416,10.4872,11.5845,12.8167,14.1725,15.422,16.8381,18.326,20.5148,23.7664
Senegal,0.0,0.0,0.0,0.0,0.0,0.0,0.0,0.0,0.0,0.0,0.0,0.0,0.0,0.0,0.0,0.0,0.0,0.0,0.0,0.0,0.0,0.0,0.0,0.0,0.0,0.0,0.0,0.0,0.0,0.0,0.0,0.0,0.0,0.0,0.0,0.0,0.0,0.0,0.0,0.0,0.006,0.0119,0.0239,0.0239,0.0239,0.0239,0.0239,0.0239,0.0239,0.0239,0.0239,0.0597,0.0597,0.1433,0.1433,0.1553,0.1851,0.1851,0.2269,0.2807,0.4001,0.4718,0.5136,0.5913,0.6271,0.7107,0.7764,0.8481,0.9675,1.0452,1.1347,1.1646,1.2363,1.3079,1.3259,1.3497,1.4154,1.4572,1.4931,1.5827,1.6603,1.6722,1.7379,1.7857,1.8753,2.0007,2.0425,2.0903
Sérvia,0.0,0.0,0.0,0.0,0.0,0.0,0.0,0.0,0.0,0.0,0.0,0.0,0.0,0.0,0.0,0.0,0.0,0.0,0.0,0.0,0.0,0.0,0.0,0.0,0.0,0.0,0.0,0.0,0.0,0.0,0.0,0.0,0.0,0.0,0.0,0.0,0.0,0.0,0.0,0.0,0.0,0.0,0.0,0.0,0.0114,0.0114,0.0114,0.0114,0.0572,0.1373,0.2175,0.4006,0.5265,0.5494,0.6295,0.7439,0.9499,1.1788,1.5451,1.9571,2.5408,2.8498,3.4679,4.3949,4.3949,5.2304,7.5423,8.4808,8.9844,10.3006,12.1318,13.4022,16.893,18.5868,21.8372,25.1792,28.0061,30.5126,32.8131,35.537,38.6844,41.5457,46.3984,51.1023,55.7719,60.865,65.1226,68.6019
Seychelles,0.0,0.0,0.0,0.0,0.0,0.0,0.0,0.0,0.0,0.0,0.0,0.0,0.0,0.0,0.0,0.0,0.0,0.0,0.0,0.0,0.0,0.0,0.0,0.0,0.0,0.0,0.0,0.0,0.0,0.0,0.0,0.0,0.0,0.0,0.0,0.0,0.0,0.0,0.0,0.0,0.0,0.0,0.0,0.0,0.0,0.0,0.0,0.0,0.0,0.0,0.0,0.0,2.0336,2.0336,3.0504,4.0672,4.0672,6.1008,7.1177,7.1177,7.1177,7.1177,7.1177,7.1177,7.1177,7.1177,8.1345,8.1345,8.1345,10.1681,10.1681,10.1681,10.1681,10.1681,10.1681,11.1849,11.1849,11.1849,11.1849,11.1849,11.1849,11.1849,11.1849,11.1849,11.1849,11.1849,11.1849,11.1849
Serra Leoa,0.0,0.0,0.0,0.0,0.0,0.0,0.0,0.0,0.0,0.0,0.0,0.0,0.0,0.0,0.0,0.0,0.0,0.0,0.0,0.0,0.0,0.0,0.0,0.0,0.0,0.0,0.0,0.0,0.0,0.0,0.0,0.0,0.0,0.0,0.0,0.0,0.0,0.0,0.0,0.0,0.0,0.0,0.0,0.0,0.0,0.0,0.0,0.0,0.0,0.0,0.0,0.0,0.0,0.0,0.0,0.0,0.0,0.0,0.0,0.0,0.0,0.0,0.0,0.0,0.0,0.0,0.0,0.0,0.0,0.0125,0.0251,0.0251,0.0251,0.0501,0.0752,0.0752,0.0752,0.0878,0.0878,0.1003,0.1003,0.1254,0.1254,0.1379,0.163,0.188,0.3259,0.3761
Singapura,0.0,0.0171,0.0513,0.0513,0.0684,0.0855,0.1197,0.1197,0.1709,0.2222,0.2735,0.3077,0.3077,0.4102,0.4786,0.4786,0.5128,0.5641,0.6837,0.7692,0.8034,0.8547,0.9914,1.1452,1.2307,1.282,1.3162,1.3845,1.4358,1.4358,1.4529,1.4529,1.5213,1.5213,1.5555,1.5897,1.5897,1.5897,1.7435,1.8119,1.846,1.8802,1.8802,1.9999,2.2221,2.3588,2.564,2.564,2.7349,3.0426,3.0426,3.4186,3.6237,3.863,4.1536,4.5467,5.3501,5.8971,6.5808,7.3842,7.7773,8.7003,9.5379,10.7857,11.6745,12.5121,13.7086,14.4265,15.0248,15.8281,17.093,17.9306,19.0416,20.3236,22.3748,23.5029,25.3148,27.742,32.6477,36.0321,39.2968,43.2795,49.8774,55.5865,63.2271,75.6708,86.3197,102.4214
Eslováquia,0.0,0.0,0.0,0.0,0.0,0.0,0.0,0.0,0.0,0.0,0.0,0.0,0.0,0.0,0.0,0.0,0.0,0.0,0.0,0.0,0.0,0.0,0.0,0.0,0.0,0.0,0.0,0.0,0.0,0.0,0.0,0.0,0.0,0.0,0.0,0.0,0.0,0.0,0.0,0.0,0.0,0.0,0.0,0.0,0.0183,0.0183,0.0549,0.0549,0.1282,0.1832,0.2931,0.5861,0.8059,0.9891,1.1539,1.3188,1.9232,2.2529,2.5093,3.2603,3.3885,3.4068,3.7365,3.9563,4.1395,4.9271,5.3483,5.7513,6.1542,6.6488,7.3265,7.8027,8.2423,8.6269,8.8834,9.7809,10.6417,12.4917,12.8397,13.0961,13.3342,13.5906,14.0852,15.294,15.8069,17.8949,19.2137,19.9464
Eslovénia,0.0,0.0,0.0,0.0,0.0,0.0,0.0,0.0,0.0,0.0,0.0,0.0,0.0,0.0,0.0,0.0,0.0,0.0,0.0,0.0,0.0,0.0,0.0,0.0,0.0,0.0,0.0,0.0,0.0,0.0,0.0,0.0,0.0,0.0,0.0,0.0,0.0,0.0,0.0,0.0,0.0,0.0,0.0,0.0962,0.3367,0.3367,0.7696,0.7696,1.4911,2.7418,4.281,6.7823,8.7064,10.5342,12.1697,13.2279,13.2279,13.757,16.4026,18.4229,19.914,21.2609,23.0887,25.3976,27.033,30.4001,32.9014,35.1141,36.3647,38.5774,40.4533,43.147,44.9268,46.9951,47.9572,49.1116,50.9395,52.4787,54.0661,55.7977,57.1446,57.9623,58.299,58.6838,60.0307,60.9927,62.7243,63.3497
Somália,0.0,0.0,0.0,0.0,0.0,0.0,0.0,0.0,0.0,0.0,0.0,0.0,0.0,0.0,0.0,0.0,0.0,0.0,0.0,0.0,0.0,0.0,0.0,0.0,0.0,0.0,0.0,0.0,0.0,0.0,0.0,0.0,0.0,0.0,0.0,0.0,0.0,0.0,0.0,0.0,0.0,0.0,0.0,0.0,0.0,0.0,0.0,0.0,0.0,0.0,0.0,0.0,0.0,0.0,0.0063,0.0063,0.0063,0.0063,0.0063,0.0063,0.0063,0.0063,0.0063,0.0063,0.0126,0.0189,0.0189,0.0189,0.0189,0.0315,0.0315,0.0315,0.044,0.044,0.044,0.044,0.0503,0.0755,0.0755,0.1321,0.1321,0.1573,0.3775,0.3775,0.5034,0.5034,0.7299,0.8494
África do Sul,0.0,0.0,0.0,0.0,0.0,0.0,0.0,0.0,0.0,0.0,0.0,0.0,0.0,0.0,0.0,0.0,0.0,0.0,0.0,0.0,0.0,0.0,0.0,0.0,0.0,0.0,0.0,0.0,0.0,0.0,0.0,0.0,0.0,0.0,0.0,0.0,0.0,0.0,0.0,0.0,0.0,0.0,0.0,0.0017,0.0017,0.0017,0.0051,0.0051,0.0118,0.0219,0.0287,0.0405,0.0641,0.086,0.1045,0.1045,0.1956,0.2529,0.3406,0.4047,0.462,0.6778,0.9341,1.1954,1.563,1.9727,2.0014,2.1582,2.2358,2.2813,2.3268,2.4651,2.5376,2.6725,2.7905,2.8428,2.949,3.1108,3.2609,3.3772,3.4194,3.6639,3.8308,4.0719,4.2254,4.3923,4.6924,5.1156
Sudão do Sul,0.0,0.0,0.0,0.0,0.0,0.0,0.0,0.0,0.0,0.0,0.0,0.0,0.0,0.0,0.0,0.0,0.0,0.0,0.0,0.0,0.0,0.0,0.0,0.0,0.0,0.0,0.0,0.0,0.0,0.0,0.0,0.0,0.0,0.0,0.0,0.0,0.0,0.0,0.0,0.0,0.0,0.0,0.0,0.0,0.0,0.0,0.0,0.0,0.0,0.0,0.0,0.0,0.0,0.0,0.0,0.0,0.0,0.0,0.0,0.0,0.0,0.0,0.0,0.0,0.0,0.0,0.0,0.0,0.0,0.0,0.0,0.0,0.0,0.0,0.0089,0.0089,0.0179,0.0179,0.0268,0.0357,0.0357,0.0357,0.0357,0.0357,0.0357,0.0357,0.0357,0.0357
Espanha,0.0,0.0,0.0,0.0,0.0,0.0,0.0,0.0,0.0,0.0,0.0021,0.0021,0.0021,0.0021,0.0021,0.0021,0.0021,0.0021,0.0043,0.0043,0.0043,0.0043,0.0043,0.0043,0.0043,0.0043,0.0043,0.0043,0.0043,0.0043,0.0043,0.0043,0.0043,0.0043,0.0128,0.0278,0.0321,0.0684,0.0962,0.1797,0.2567,0.3529,0.4748,0.554,0.8555,1.0694,1.4394,2.295,3.6253,4.8701,4.8701,11.1903,13.6692,16.6785,21.2641,25.1268,29.751,38.4196,43.6533,54.2704,61.5295,75.1495,85.3068,105.9036,123.5938,140.561,156.6364,171.3408,188.1219,205.1619,222.6895,239.6867,254.9451,269.8505,281.5669,292.3231,303.5882,317.0157,327.7141,338.5173,348.6852,356.8213,363.8109,369.0339,379.9483,395.5703,408.17,410.0672
Sri Lanka,0.0,0.0,0.0,0.0,0.0,0.0047,0.0047,0.0047,0.0047,0.0047,0.0047,0.0047,0.0047,0.0047,0.0047,0.0047,0.0047,0.0047,0.0047,0.0047,0.0047,0.0047,0.0047,0.0047,0.0047,0.0047,0.0047,0.0047,0.0047,0.0047,0.0047,0.0047,0.0047,0.0047,0.0047,0.0047,0.0047,0.0047,0.0047,0.0047,0.0047,0.0047,0.0047,0.0047,0.0047,0.0047,0.0047,0.0047,0.0047,0.0093,0.0093,0.028,0.0467,0.0841,0.1308,0.2055,0.2382,0.2802,0.3409,0.3596,0.3829,0.453,0.4763,0.4763,0.495,0.495,0.5277,0.5464,0.5697,0.6678,0.6818,0.7052,0.7425,0.7752,0.8219,0.8313,0.864,0.8826,0.8873,0.8873,0.9247,0.9807,1.0134,1.0881,1.1115,1.1115,1.1395,1.1862
Sudão,0.0,0.0,0.0,0.0,0.0,0.0,0.0,0.0,0.0,0.0,0.0,0.0,0.0,0.0,0.0,0.0,0.0,0.0,0.0,0.0,0.0,0.0,0.0,0.0,0.0,0.0,0.0,0.0,0.0,0.0,0.0,0.0,0.0,0.0,0.0,0.0,0.0,0.0,0.0,0.0,0.0,0.0,0.0,0.0,0.0,0.0,0.0,0.0,0.0,0.0,0.0,0.0023,0.0023,0.0023,0.0023,0.0023,0.0046,0.0046,0.0046,0.0046,0.0046,0.0046,0.0068,0.0068,0.0068,0.0068,0.0114,0.0137,0.0137,0.016,0.016,0.0182,0.0228,0.0228,0.0274,0.0274,0.0319,0.0319,0.0342,0.0388,0.0433,0.0433,0.0661,0.073,0.073,0.073,0.0753,0.1505
Suriname,0.0,0.0,0.0,0.0,0.0,0.0,0.0,0.0,0.0,0.0,0.0,0.0,0.0,0.0,0.0,0.0,0.0,0.0,0.0,0.0,0.0,0.0,0.0,0.0,0.0,0.0,0.0,0.0,0.0,0.0,0.0,0.0,0.0,0.0,0.0,0.0,0.0,0.0,0.0,0.0,0.0,0.0,0.0,0.0,0.0,0.0,0.0,0.0,0.0,0.0,0.0,0.0,0.1705,0.1705,0.1705,0.1705,0.1705,0.1705,0.6819,0.6819,0.8523,0.8523,1.1933,1.3637,1.3637,1.3637,1.3637,1.3637,1.3637,1.5342,1.7046,1.7046,1.7046,1.7046,1.7046,1.7046,1.7046,1.7046,1.7046,1.7046,1.7046,1.7046,1.7046,1.7046,1.7046,1.7046,1.7046,1.7046
Suécia,0.0,0.0,0.0,0.0,0.0,0.0,0.0,0.0,0.0,0.0099,0.0099,0.0099,0.0099,0.0099,0.0099,0.0099,0.0099,0.0099,0.0099,0.0099,0.0099,0.0099,0.0099,0.0099,0.0099,0.0099,0.0099,0.0099,0.0099,0.0099,0.0099,0.0099,0.0099,0.0099,0.0099,0.0198,0.0693,0.0693,0.1188,0.1386,0.1485,0.2079,0.3466,0.9308,1.0001,1.5942,2.01,2.4556,3.5151,4.9509,5.9311,8.06,9.5155,10.1195,10.9216,11.783,12.6643,14.2486,16.2289,17.4567,19.1499,20.2589,22.6353,25.0117,28.1209,30.3884,34.1312,36.6363,39.8841,43.9141,48.9838,55.1327,60.7074,63.7967,67.6287,71.3517,76.1739,83.3625,90.5115,95.8981,100.5123,103.7996,108.4039,113.3251,118.0977,124.1675,130.861,136.8614
Suíça,0.0,0.0,0.0,0.0,0.0,0.0,0.0,0.0,0.0,0.0,0.0,0.0,0.0,0.0,0.0,0.0,0.0,0.0,0.0,0.0,0.0,0.0,0.0,0.0,0.0,0.0,0.0,0.0,0.0,0.0,0.0,0.0,0.0,0.0,0.0116,0.0116,0.0924,0.0924,0.208,0.312,0.4853,0.6471,1.0399,1.3172,2.4727,3.0966,3.8939,4.3214,5.6733,7.5335,7.5335,13.1606,15.7026,25.4199,25.4199,31.1972,34.9871,47.0847,61.1696,75.971,86.3585,101.622,114.124,125.9096,136.4704,149.3768,162.6414,171.342,183.9711,191.8628,205.3007,217.5369,226.5379,236.9254,243.8004,250.2362,257.1227,268.9892,277.8978,283.675,290.0993,293.6581,296.8125,299.678,304.2998,308.8754,312.8733,316.6401
Síria,0.0,0.0,0.0,0.0,0.0,0.0,0.0,0.0,0.0,0.0,0.0,0.0,0.0,0.0,0.0,0.0,0.0,0.0,0.0,0.0,0.0,0.0,0.0,0.0,0.0,0.0,0.0,0.0,0.0,0.0,0.0,0.0,0.0,0.0,0.0,0.0,0.0,0.0,0.0,0.0,0.0,0.0,0.0,0.0,0.0,0.0,0.0,0.0,0.0,0.0,0.0,0.0,0.0,0.0,0.0,0.0,0.0,0.0,0.0,0.0,0.0057,0.0057,0.0057,0.0286,0.0286,0.0286,0.0286,0.0514,0.0571,0.0571,0.0571,0.0914,0.0914,0.0914,0.1086,0.1086,0.1086,0.1086,0.1086,0.1086,0.1429,0.1429,0.1429,0.1657,0.1886,0.1886,0.2171,0.2171
Taiwan,0.0042,0.0042,0.0126,0.0126,0.0168,0.021,0.0336,0.0336,0.0378,0.042,0.042,0.042,0.042,0.0462,0.0462,0.0672,0.0672,0.0714,0.0756,0.0756,0.0756,0.0756,0.0756,0.0756,0.0756,0.084,0.0924,0.0924,0.0966,0.1008,0.1092,0.1092,0.1176,0.126,0.1302,0.1344,0.1344,0.1428,0.1638,0.1679,0.1721,0.1763,0.1763,0.1847,0.1889,0.1889,0.1889,0.1889,0.1973,0.2015,0.2057,0.2099,0.2225,0.2477,0.2813,0.3233,0.4199,0.4535,0.5668,0.6424,0.7096,0.8188,0.9027,0.9867,1.0581,1.1211,1.1882,1.2512,1.2848,1.352,1.3814,1.4234,1.4612,1.4905,1.5241,1.5661,1.5787,1.5913,1.5955,1.6039,1.6165,1.6291,1.6501,1.6501,1.6585,1.6585,1.6585,1.6711
Tanzânia,0.0,0.0,0.0,0.0,0.0,0.0,0.0,0.0,0.0,0.0,0.0,0.0,0.0,0.0,0.0,0.0,0.0,0.0,0.0,0.0,0.0,0.0,0.0,0.0,0.0,0.0,0.0,0.0,0.0,0.0,0.0,0.0,0.0,0.0,0.0,0.0,0.0,0.0,0.0,0.0,0.0,0.0,0.0,0.0,0.0,0.0,0.0,0.0,0.0,0.0,0.0,0.0,0.0,0.0,0.0017,0.0017,0.005,0.01,0.01,0.01,0.0201,0.0201,0.0201,0.0201,0.0218,0.0218,0.0234,0.0234,0.0318,0.0318,0.0335,0.0335,0.0335,0.0335,0.0368,0.0402,0.0402,0.0419,0.0419,0.0536,0.0536,0.0536,0.082,0.0887,0.1473,0.1574,0.2461,0.2461
Tailândia,0.0029,0.0043,0.0072,0.01,0.0115,0.0115,0.0201,0.0201,0.0201,0.0272,0.0272,0.0272,0.0272,0.0358,0.0358,0.0358,0.0358,0.0458,0.0458,0.0458,0.0473,0.0473,0.0473,0.0473,0.0473,0.0487,0.0501,0.0501,0.0501,0.0501,0.0501,0.0501,0.0501,0.0501,0.053,0.0573,0.0573,0.0587,0.0602,0.0602,0.0616,0.0616,0.0616,0.0673,0.0688,0.0716,0.0716,0.0716,0.0759,0.0845,0.1003,0.1074,0.1175,0.1633,0.2106,0.2536,0.3037,0.3897,0.4613,0.5888,0.8582,1.033,1.1848,1.3381,1.4971,1.6275,1.7837,1.9885,2.1834,2.3653,2.5373,2.6862,2.8338,2.9613,3.1075,3.1805,3.235,3.394,3.4713,3.543,3.6075,3.6547,3.6948,3.7436,3.7865,3.8281,3.8682,3.9155
Timor-Leste,0.0,0.0,0.0,0.0,0.0,0.0,0.0,0.0,0.0,0.0,0.0,0.0,0.0,0.0,0.0,0.0,0.0,0.0,0.0,0.0,0.0,0.0,0.0,0.0,0.0,0.0,0.0,0.0,0.0,0.0,0.0,0.0,0.0,0.0,0.0,0.0,0.0,0.0,0.0,0.0,0.0,0.0,0.0,0.0,0.0,0.0,0.0,0.0,0.0,0.0,0.0,0.0,0.0,0.0,0.0,0.0,0.0,0.0,0.0,0.0,0.0758,0.0758,0.0758,0.0758,0.0758,0.0758,0.0758,0.0758,0.0758,0.0758,0.0758,0.0758,0.0758,0.0758,0.0758,0.0758,0.0758,0.0758,0.0758,0.1517,0.1517,0.1517,0.3034,0.4551,0.6068,1.3652,1.3652,1.3652
Togo,0.0,0.0,0.0,0.0,0.0,0.0,0.0,0.0,0.0,0.0,0.0,0.0,0.0,0.0,0.0,0.0,0.0,0.0,0.0,0.0,0.0,0.0,0.0,0.0,0.0,0.0,0.0,0.0,0.0,0.0,0.0,0.0,0.0,0.0,0.0,0.0,0.0,0.0,0.0,0.0,0.0,0.0,0.0,0.0,0.0121,0.0121,0.0121,0.0121,0.0121,0.0121,0.0121,0.0121,0.0121,0.0121,0.0121,0.0121,0.0121,0.0121,0.1087,0.1933,0.1933,0.2174,0.2416,0.2778,0.2778,0.302,0.302,0.302,0.3624,0.4107,0.4348,0.4711,0.4832,0.4952,0.5315,0.7006,0.7851,0.8455,0.8818,0.918,0.918,0.918,0.9301,0.9301,0.9784,0.9784,1.0026,1.0146
Trinidad e Tobago,0.0,0.0,0.0,0.0,0.0,0.0,0.0,0.0,0.0,0.0,0.0,0.0,0.0,0.0,0.0,0.0,0.0,0.0,0.0,0.0,0.0,0.0,0.0,0.0,0.0,0.0,0.0,0.0,0.0,0.0,0.0,0.0,0.0,0.0,0.0,0.0,0.0,0.0,0.0,0.0,0.0,0.0,0.0,0.0,0.0,0.0,0.0,0.0,0.0,0.0,0.0,0.0,0.1429,0.1429,0.2858,0.3573,0.5002,0.6431,0.6431,3.5013,3.5727,3.6442,4.0729,4.2873,4.6446,4.716,5.2876,5.5735,5.8593,6.2166,6.4309,6.7167,7.0026,7.3598,7.4313,7.5027,7.6457,7.6457,7.7886,7.7886,8.0029,8.0744,8.0744,8.0744,8.1458,8.1458,8.1458,8.1458
Tunísia,0.0,0.0,0.0,0.0,0.0,0.0,0.0,0.0,0.0,0.0,0.0,0.0,0.0,0.0,0.0,0.0,0.0,0.0,0.0,0.0,0.0,0.0,0.0,0.0,0.0,0.0,0.0,0.0,0.0,0.0,0.0,0.0,0.0,0.0,0.0,0.0,0.0,0.0,0.0,0.0,0.0,0.0,0.0085,0.0085,0.0085,0.0085,0.0169,0.0169,0.0423,0.0592,0.0592,0.1354,0.1523,0.1523,0.1692,0.2031,0.2454,0.33,0.4569,0.5077,0.6346,0.753,0.9646,1.4638,1.6669,1.9207,2.3522,2.6399,2.6399,3.3337,3.5791,3.8499,4.1883,4.6791,4.8567,5.0429,5.2713,5.3136,5.4406,5.6775,5.7959,5.9821,6.1428,6.3205,6.5998,6.9551,7.3105,7.3105
Turquia,0.0,0.0,0.0,0.0,0.0,0.0,0.0,0.0,0.0,0.0,0.0,0.0,0.0,0.0,0.0,0.0,0.0,0.0,0.0,0.0,0.0,0.0,0.0,0.0,0.0,0.0,0.0,0.0,0.0,0.0,0.0,0.0,0.0,0.0,0.0,0.0,0.0,0.0,0.0,0.0,0.0,0.0,0.0,0.0,0.0,0.0,0.0,0.0,0.0,0.0012,0.0012,0.0059,0.0059,0.0071,0.0213,0.0557,0.1162,0.2277,0.4257,0.7944,1.4655,1.8129,2.2196,2.8848,4.3029,6.7561,8.7765,10.9285,12.8375,16.0436,18.5904,21.5025,24.8058,28.3783,32.0954,35.828,40.4427,45.3242,50.1334,55.7618,61.8539,67.5322,72.3852,77.2015,82.2774,87.9699,93.1312,97.6167
Estados Unidos,0.0003,0.0003,0.0006,0.0006,0.0015,0.0015,0.0015,0.0015,0.0015,0.0021,0.0024,0.0024,0.0033,0.0033,0.0033,0.0033,0.0033,0.0033,0.0033,0.0033,0.0036,0.0036,0.0039,0.0039,0.0039,0.0039,0.0039,0.0039,0.0039,0.0039,0.0045,0.0045,0.0045,0.0154,0.0154,0.0172,0.0175,0.0181,0.0205,0.0224,0.0296,0.0356,0.045,0.0656,0.0792,0.1214,0.1565,0.1761,0.2897,0.387,0.5024,0.6583,0.8239,1.0571,1.3994,1.9399,2.3513,4.1531,5.8226,7.7341,10.0531,13.2455,16.2343,19.8723,25.3279,30.7118,36.6961,42.5704,48.8911,56.8491,64.4623,73.6435,83.2579,93.3083,101.8336,110.7746,120.0912,129.6219,139.8116,150.0094,159.0308,167.7669,175.4122,183.5846,192.2492,201.751,211.3898,221.2058
Uganda,0.0,0.0,0.0,0.0,0.0,0.0,0.0,0.0,0.0,0.0,0.0,0.0,0.0,0.0,0.0,0.0,0.0,0.0,0.0,0.0,0.0,0.0,0.0,0.0,0.0,0.0,0.0,0.0,0.0,0.0,0.0,0.0,0.0,0.0,0.0,0.0,0.0,0.0,0.0,0.0,0.0,0.0,0.0,0.0,0.0,0.0,0.0,0.0,0.0,0.0,0.0,0.0,0.0,0.0,0.0,0.0,0.0,0.0,0.0,0.0022,0.0022,0.0197,0.0197,0.0306,0.0306,0.0503,0.0656,0.0721,0.0721,0.0962,0.0962,0.0984,0.1049,0.1049,0.1137,0.1137,0.1137,0.1159,0.1159,0.1159,0.1159,0.1181,0.1181,0.1202,0.1202,0.1202,0.1224,0.1202
Ucrânia,0.0,0.0,0.0,0.0,0.0,0.0,0.0,0.0,0.0,0.0,0.0,0.0,0.0,0.0,0.0,0.0,0.0,0.0,0.0,0.0,0.0,0.0,0.0,0.0,0.0,0.0,0.0,0.0,0.0,0.0,0.0,0.0,0.0,0.0,0.0,0.0,0.0,0.0,0.0,0.0,0.0,0.0023,0.0023,0.0023,0.0023,0.0023,0.0023,0.0023,0.0023,0.0023,0.0023,0.0069,0.0069,0.0069,0.016,0.032,0.032,0.0366,0.0663,0.1075,0.1669,0.1669,0.2218,0.3316,0.4482,0.7088,0.814,1.0861,1.253,1.4748,1.8155,2.051,2.4512,2.801,2.9908,3.016,3.343,3.814,4.3262,5.0373,5.7416,6.3498,7.0929,7.7103,8.6066,9.5144,10.66,11.6752
Emirados Árabes Unidos,0.0,0.0,0.0,0.0,0.0,0.0,0.0,0.0404,0.0404,0.0404,0.0404,0.0506,0.0506,0.0506,0.0506,0.0506,0.0506,0.0708,0.0708,0.0809,0.0809,0.0809,0.0809,0.0809,0.0809,0.091,0.091,0.091,0.091,0.091,0.091,0.1314,0.1314,0.1314,0.1314,0.1314,0.1314,0.1921,0.2123,0.2123,0.2123,0.273,0.273,0.2932,0.2932,0.455,0.455,0.455,0.7482,0.7482,0.8594,0.8594,0.8594,0.9909,0.9909,0.9909,1.1425,1.4155,1.4155,1.547,1.547,2.0019,2.5075,3.3669,3.3669,4.0949,4.7319,5.7632,6.1777,6.7136,8.2302,10.3535,12.7801,15.2168,18.1894,20.99,23.8514,26.8847,30.2313,33.9723,37.774,41.6869,45.711,49.8766,54.2445,58.8955,63.7183,63.7183
Reino Unido,0.0,0.0,0.0,0.0,0.0,0.0,0.0,0.0,0.0,0.0029,0.0029,0.0029,0.0029,0.0029,0.0029,0.0029,0.0044,0.0044,0.0044,0.0118,0.0118,0.0133,0.0133,0.0133,0.0133,0.0133,0.0133,0.0133,0.0133,0.0133,0.0133,0.0133,0.0133,0.0191,0.0191,0.0191,0.0221,0.0295,0.0339,0.053,0.0589,0.0751,0.1267,0.1709,0.2416,0.3049,0.4036,0.4743,0.5657,0.6761,0.6761,1.1814,1.6852,1.6867,2.2847,2.8872,3.8918,4.0008,5.9129,7.464,8.4627,9.9078,12.026,14.2003,17.3998,21.7202,25.5016,29.1371,33.0746,37.535,43.9929,50.3388,56.9911,62.5711,71.349,77.01,82.4161,90.5547,97.0332,109.8975,117.659,125.5133,131.9418,139.7121,146.5442,153.4116,161.6961,169.8642
Uruguai,0.0,0.0,0.0,0.0,0.0,0.0,0.0,0.0,0.0,0.0,0.0,0.0,0.0,0.0,0.0,0.0,0.0,0.0,0.0,0.0,0.0,0.0,0.0,0.0,0.0,0.0,0.0,0.0,0.0,0.0,0.0,0.0,0.0,0.0,0.0,0.0,0.0,0.0,0.0,0.0,0.0,0.0,0.0,0.0,0.0,0.0,0.0,0.0,0.0,0.0,0.0,0.0,0.1151,0.1151,0.2303,0.8348,1.4394,2.2742,2.706,3.1666,4.5484,4.6636,4.6636,5.4408,6.2469,6.8514,7.8878,8.7514,8.9241,9.7302,9.7302,10.0756,10.6226,11.515,11.515,11.6877,12.2059,12.2059,13.1271,13.6165,14.221,13.818,13.818,13.9044,14.1634,14.4513,14.4513,14.624
Uzbequistão,0.0,0.0,0.0,0.0,0.0,0.0,0.0,0.0,0.0,0.0,0.0,0.0,0.0,0.0,0.0,0.0,0.0,0.0,0.0,0.0,0.0,0.0,0.0,0.0,0.0,0.0,0.0,0.0,0.0,0.0,0.0,0.0,0.0,0.0,0.0,0.0,0.0,0.0,0.0,0.0,0.0,0.0,0.0,0.0,0.0,0.0,0.0,0.0,0.0,0.0,0.0,0.0,0.0,0.003,0.0179,0.0299,0.0448,0.0687,0.0986,0.1285,0.1285,0.1374,0.1494,0.1793,0.2241,0.2629,0.3107,0.4302,0.4452,0.5139,0.5408,0.6125,0.6782,0.7948,1.0218,1.3654,1.5537,1.6284,1.7389,1.8644,2.2917,2.5845,2.9818,3.4808,3.8901,4.0306,4.1979,4.4519
Venezuela,0.0,0.0,0.0,0.0,0.0,0.0,0.0,0.0,0.0,0.0,0.0,0.0,0.0,0.0,0.0,0.0,0.0,0.0,0.0,0.0,0.0,0.0,0.0,0.0,0.0,0.0,0.0,0.0,0.0,0.0,0.0,0.0,0.0,0.0,0.0,0.0,0.0,0.0,0.0,0.0,0.0,0.0,0.0,0.0,0.0,0.0,0.0,0.0,0.0,0.0,0.0,0.0,0.007,0.0352,0.0598,0.1161,0.1266,0.1477,0.1477,0.2462,0.2462,0.2708,0.2954,0.32,0.3763,0.3763,0.4185,0.4185,0.4748,0.4748,0.5029,0.5134,0.5381,0.5451,0.5592,0.5803,0.5803,0.5873,0.6014,0.6014,0.6154,0.6365,0.6647,0.6647,0.6928,0.7174,0.7174,0.7983
Vietnã,0.0,0.0021,0.0021,0.0021,0.0021,0.0021,0.0021,0.0021,0.0021,0.0021,0.0062,0.0062,0.0082,0.0082,0.0082,0.0103,0.0103,0.0134,0.0134,0.0144,0.0154,0.0154,0.0164,0.0164,0.0164,0.0164,0.0164,0.0164,0.0164,0.0164,0.0164,0.0164,0.0164,0.0164,0.0164,0.0164,0.0164,0.0164,0.0164,0.0164,0.0164,0.0164,0.0164,0.0164,0.0164,0.0185,0.0308,0.0308,0.0318,0.039,0.0401,0.0483,0.0544,0.0575,0.0627,0.0678,0.0771,0.0873,0.0935,0.0966,0.1161,0.1264,0.1377,0.1449,0.1572,0.1675,0.1788,0.1931,0.2086,0.2178,0.224,0.2394,0.2435,0.2466,0.2476,0.2517,0.2558,0.2579,0.262,0.264,0.2651,0.2692,0.2722,0.2733,0.2743,0.2753,0.2753,0.2753
Cisjordânia e Faixa de Gaza,0.0,0.0,0.0,0.0,0.0,0.0,0.0,0.0,0.0,0.0,0.0,0.0,0.0,0.0,0.0,0.0,0.0,0.0,0.0,0.0,0.0,0.0,0.0,0.0,0.0,0.0,0.0,0.0,0.0,0.0,0.0,0.0,0.0,0.0,0.0,0.0,0.0,0.0,0.0,0.0,0.0,0.0,0.0,0.089,0.1558,0.3561,0.3561,0.4229,0.5787,0.6677,0.6677,0.6899,0.779,0.8457,0.8457,0.868,0.9125,0.9793,1.046,1.0683,1.1573,1.3131,1.3131,1.3131,1.8695,2.0253,2.1811,2.4259,2.5817,2.6485,2.9823,3.5833,4.3177,4.8296,5.2747,5.6531,5.8089,5.8534,5.8534,5.9424,5.9647,6.4543,6.8549,6.8549,8.3238,8.3238,8.947,9.3031
Saara Ocidental,0.0,0.0,0.0,0.0,0.0,0.0,0.0,0.0,0.0,0.0,0.0,0.0,0.0,0.0,0.0,0.0,0.0,0.0,0.0,0.0,0.0,0.0,0.0,0.0,0.0,0.0,0.0,0.0,0.0,0.0,0.0,0.0,0.0,0.0,0.0,0.0,0.0,0.0,0.0,0.0,0.0,0.0,0.0,0.0,0.0,0.0,0.0,0.0,0.0,0.0,0.0,0.0,0.0,0.0,0.0,0.0,0.0,0.0,0.0,0.0,0.0,0.0,0.0,0.0,0.0,0.0,0.0,0.0,0.0,0.0,0.0,0.0,0.0,0.0,0.6696,0.6696,0.6696,0.6696,0.6696,0.6696,0.6696,1.0045,1.0045,1.0045,1.0045,1.0045,1.0045,1.0045
Iémen,0.0,0.0,0.0,0.0,0.0,0.0,0.0,0.0,0.0,0.0,0.0,0.0,0.0,0.0,0.0,0.0,0.0,0.0,0.0,0.0,0.0,0.0,0.0,0.0,0.0,0.0,0.0,0.0,0.0,0.0,0.0,0.0,0.0,0.0,0.0,0.0,0.0,0.0,0.0,0.0,0.0,0.0,0.0,0.0,0.0,0.0,0.0,0.0,0.0,0.0,0.0,0.0,0.0,0.0,0.0,0.0,0.0,0.0,0.0,0.0,0.0,0.0,0.0,0.0,0.0,0.0,0.0,0.0,0.0,0.0,0.0,0.0,0.0,0.0,0.0,0.0,0.0,0.0,0.0,0.0034,0.0034,0.0034,0.0034,0.0034,0.0034,0.0034,0.0034,0.0034
Zâmbia,0.0,0.0,0.0,0.0,0.0,0.0,0.0,0.0,0.0,0.0,0.0,0.0,0.0,0.0,0.0,0.0,0.0,0.0,0.0,0.0,0.0,0.0,0.0,0.0,0.0,0.0,0.0,0.0,0.0,0.0,0.0,0.0,0.0,0.0,0.0,0.0,0.0,0.0,0.0,0.0,0.0,0.0,0.0,0.0,0.0,0.0,0.0,0.0,0.0,0.0,0.0,0.0,0.0,0.0,0.0,0.0,0.0109,0.0109,0.0109,0.0109,0.0163,0.0163,0.0163,0.0653,0.087,0.1197,0.1523,0.1577,0.1904,0.1904,0.1958,0.2121,0.2121,0.2121,0.2121,0.2121,0.2121,0.2121,0.2121,0.2176,0.2176,0.2339,0.2448,0.2448,0.2611,0.2611,0.2829,0.3101
Zimbábue,0.0,0.0,0.0,0.0,0.0,0.0,0.0,0.0,0.0,0.0,0.0,0.0,0.0,0.0,0.0,0.0,0.0,0.0,0.0,0.0,0.0,0.0,0.0,0.0,0.0,0.0,0.0,0.0,0.0,0.0,0.0,0.0,0.0,0.0,0.0,0.0,0.0,0.0,0.0,0.0,0.0,0.0,0.0,0.0,0.0,0.0,0.0,0.0,0.0,0.0,0.0,0.0,0.0,0.0,0.0,0.0,0.0,0.0,0.0067,0.0202,0.0202,0.0202,0.0202,0.0202,0.0202,0.0336,0.0471,0.0471,0.0471,0.0538,0.0538,0.0606,0.0606,0.0606,0.0606,0.0673,0.074,0.074,0.074,0.0875,0.0942,0.0942,0.1144,0.1144,0.1547,0.1547,0.1615,0.1682
