País Português,1,2,3,4,5,6,7,8,9,10,11,12,13,14,15,16,17,18,19,20,21,22,23,24,25,26,27,28,29,30,31,32,33,34,35,36,37,38,39,40,41,42,43,44,45,46,47,48,49,50,51,52,53,54,55,56,57
Afeganistão,1.0,5.0,16.0,34.0,118.0,338.0,608.0,997.0,1532.0,2705.0,4403.0,6665.0,10585.0,15208.0,20345.0,24770.0,28837.0,30957.0,32941.0,34441.0,35453.0,36147.0,36701.0,37083.0,37590.0,37990.0,38155.0,38398.0,38716.0,39044.0,39227.0,39341.0,39799.0,40200.0,40833.0,41501.0,42159.0,43240.0,44706.0,46116.0,47306.0,48527.0,49817.0,51039.0,51526.0,53489.0,53984.0,54595.0,55023.0,55335.0,55492.0,55604.0,,,,,
Albânia,42.0,89.0,212.0,361.0,446.0,562.0,726.0,795.0,868.0,946.0,998.0,1137.0,1246.0,1521.0,1962.0,2402.0,2893.0,3454.0,4090.0,4763.0,5519.0,6411.0,7380.0,8427.0,9380.0,10255.0,11353.0,12385.0,13259.0,14266.0,15399.0,17055.0,19157.0,21202.0,24206.0,27830.0,32761.0,37625.0,42988.0,48530.0,53003.0,56254.0,59438.0,63595.0,67690.0,72274.0,78127.0,85336.0,93075.0,100246.0,,,,,,,
Argélia,3.0,20.0,54.0,230.0,584.0,1423.0,1983.0,2718.0,3517.0,4648.0,5891.0,7201.0,8503.0,9513.0,10265.0,11031.0,11920.0,13571.0,16404.0,19689.0,23691.0,27973.0,31972.0,35712.0,39025.0,41858.0,44494.0,46653.0,48496.0,50023.0,51213.0,52270.0,53325.0,54616.0,56419.0,58574.0,62693.0,68589.0,75867.0,83199.0,88825.0,92597.0,95659.0,98631.0,100645.0,102369.0,104092.0,105854.0,107578.0,109313.0,110894.0,111917.0,,,,,
Andorra,1.0,1.0,113.0,334.0,501.0,638.0,713.0,738.0,748.0,755.0,761.0,762.0,764.0,852.0,853.0,855.0,855.0,855.0,855.0,880.0,897.0,925.0,955.0,989.0,1045.0,1124.0,1215.0,1344.0,1564.0,1836.0,2110.0,2696.0,3377.0,4038.0,4825.0,5383.0,5872.0,6256.0,6712.0,7050.0,7338.0,7577.0,7821.0,8192.0,8586.0,9083.0,9549.0,9937.0,10251.0,10503.0,10699.0,,,,,,
Angola,4.0,8.0,19.0,19.0,25.0,27.0,36.0,48.0,58.0,74.0,86.0,118.0,166.0,212.0,315.0,396.0,607.0,851.0,1109.0,1483.0,1815.0,2044.0,2415.0,2805.0,3217.0,3789.0,4475.0,5114.0,5958.0,7096.0,8582.0,10269.0,12102.0,13053.0,14134.0,14920.0,15361.0,15925.0,16484.0,17029.0,17553.0,17974.0,18613.0,19177.0,19672.0,19996.0,20261.0,20452.0,20519.0,,,,,,,,
Antígua e Barbuda,1.0,7.0,9.0,19.0,23.0,24.0,24.0,25.0,25.0,25.0,25.0,26.0,26.0,26.0,65.0,69.0,73.0,74.0,76.0,91.0,92.0,92.0,94.0,94.0,95.0,95.0,95.0,97.0,101.0,111.0,112.0,122.0,124.0,130.0,131.0,139.0,141.0,144.0,146.0,151.0,154.0,159.0,163.0,184.0,192.0,215.0,268.0,381.0,548.0,598.0,,,,,,,
Argentina,12.0,56.0,301.0,820.0,1554.0,2208.0,2941.0,4003.0,4887.0,6278.0,8371.0,12628.0,17415.0,23620.0,32785.0,44931.0,62268.0,80447.0,103265.0,130774.0,167416.0,206743.0,253868.0,299126.0,350867.0,417735.0,488007.0,565446.0,640147.0,723132.0,809728.0,903730.0,1002662.0,1102301.0,1183131.0,1250499.0,1318384.0,1374631.0,1424533.0,1466309.0,1503222.0,1547138.0,1590513.0,1648940.0,1730921.0,1807428.0,1874801.0,1933853.0,1985501.0,2029057.0,2064334.0,,,,,,
Arménia,1.0,18.0,160.0,407.0,770.0,967.0,1248.0,1677.0,2273.0,3175.0,4283.0,6302.0,8927.0,12364.0,16004.0,19708.0,23909.0,27900.0,31392.0,34462.0,36996.0,38841.0,40185.0,41495.0,42616.0,43626.0,44649.0,45675.0,47154.0,49072.0,51925.0,55736.0,63000.0,75523.0,89813.0,104249.0,115855.0,124839.0,133594.0,140959.0,147312.0,153173.0,157349.0,159798.0,161794.0,164235.0,165909.0,166901.0,167937.0,169022.0,170234.0,170402.0,,,,,
Austrália,12.0,15.0,15.0,15.0,25.0,63.0,250.0,1071.0,3640.0,5550.0,6303.0,6568.0,6694.0,6799.0,6939.0,7044.0,7114.0,7192.0,7259.0,7320.0,7461.0,7686.0,8443.0,9797.0,11802.0,14403.0,17895.0,21084.0,23287.0,24811.0,25670.0,26278.0,26651.0,26898.0,27040.0,27135.0,27263.0,27390.0,27513.0,27595.0,27658.0,27711.0,27821.0,27892.0,27965.0,28030.0,28168.0,28308.0,28484.0,28595.0,28708.0,28766.0,28811.0,28851.0,28898.0,28926.0,28930.0
Áustria,18.0,131.0,1018.0,4474.0,9618.0,12297.0,14041.0,14795.0,15274.0,15621.0,15882.0,16269.0,16539.0,16733.0,16968.0,17135.0,17380.0,17723.0,18365.0,18948.0,19743.0,20558.0,21385.0,22106.0,23534.0,25495.0,27438.0,29561.0,33541.0,38658.0,43432.0,48896.0,56298.0,65927.0,83267.0,114016.0,158746.0,208613.0,250333.0,282456.0,305693.0,325051.0,340373.0,353484.0,367410.0,382258.0,394939.0,405723.0,415522.0,424896.0,434712.0,445374.0,,,,,
Azerbaijão,9.0,15.0,53.0,182.0,521.0,1058.0,1373.0,1617.0,1894.0,2422.0,3138.0,3982.0,5246.0,7239.0,9570.0,12238.0,15890.0,19801.0,23521.0,27133.0,29633.0,32157.0,33481.0,34107.0,35105.0,36174.0,37192.0,38172.0,39042.0,39895.0,40561.0,41752.0,44317.0,49013.0,55269.0,63748.0,73429.0,89898.0,114025.0,142323.0,171423.0,199127.0,213192.0,219462.0,224050.0,226951.0,228688.0,230066.0,231022.0,231995.0,232973.0,233129.0,,,,,
Bahamas,4.0,11.0,28.0,46.0,55.0,80.0,83.0,92.0,96.0,100.0,102.0,103.0,103.0,104.0,104.0,104.0,111.0,153.0,342.0,648.0,898.0,1315.0,1784.0,2167.0,2506.0,2928.0,3315.0,3838.0,4409.0,5078.0,5703.0,6410.0,6714.0,6947.0,7186.0,7413.0,7517.0,7570.0,7659.0,7746.0,7834.0,7914.0,7969.0,8032.0,8101.0,8174.0,8256.0,8311.0,8403.0,,,,,,,,
Bahrein,47.0,85.0,214.0,334.0,499.0,700.0,1136.0,1881.0,2647.0,3383.0,4941.0,6956.0,9138.0,11398.0,14763.0,18227.0,21764.0,25705.0,29367.0,32941.0,36422.0,39131.0,41536.0,44011.0,46835.0,49330.0,51574.0,55415.0,60307.0,65039.0,69361.0,72662.0,75614.0,77902.0,80255.0,81923.0,83456.0,84703.0,85705.0,86787.0,87930.0,89143.0,90282.0,91733.0,93478.0,95558.0,97607.0,99817.0,103057.0,107329.0,112742.0,117809.0,,,,,
Bangladesh,3.0,25.0,48.0,70.0,482.0,2144.0,4998.0,8790.0,13770.0,20995.0,32078.0,44608.0,63026.0,84379.0,108775.0,133978.0,159679.0,181129.0,202066.0,221178.0,239860.0,255113.0,274525.0,292625.0,308925.0,323565.0,336044.0,347372.0,357873.0,367565.0,377073.0,387295.0,397507.0,407684.0,418764.0,430496.0,445281.0,460619.0,475789.0,489178.0,499560.0,508099.0,515184.0,521382.0,527063.0,531326.0,534770.0,537770.0,540266.0,543024.0,543351.0,,,,,,
Barbados,17.0,33.0,60.0,72.0,75.0,80.0,82.0,84.0,88.0,92.0,92.0,92.0,97.0,97.0,97.0,98.0,103.0,106.0,110.0,132.0,142.0,152.0,161.0,174.0,179.0,183.0,189.0,190.0,200.0,208.0,222.0,233.0,238.0,243.0,250.0,260.0,276.0,287.0,296.0,321.0,365.0,606.0,884.0,1095.0,1401.0,1558.0,1732.0,2268.0,2772.0,,,,,,,,
Bielorrússia,6.0,12.0,51.0,86.0,304.0,1486.0,4204.0,8022.0,14027.0,20168.0,26772.0,33371.0,39858.0,45981.0,51816.0,56657.0,60382.0,62698.0,64411.0,65623.0,66688.0,67665.0,68503.0,69203.0,69950.0,71165.0,72302.0,73591.0,74987.0,76651.0,79019.0,81982.0,85734.0,90380.0,96529.0,103295.0,110455.0,119390.0,130012.0,141609.0,154392.0,167731.0,181113.0,194284.0,206796.0,219663.0,232298.0,242851.0,253413.0,263551.0,273659.0,278312.0,,,,,
Bélgica,1.0,1.0,1.0,8.0,239.0,1058.0,3743.0,11899.0,20814.0,30589.0,39983.0,46687.0,50267.0,53449.0,55559.0,57342.0,58517.0,59348.0,60100.0,60550.0,61361.0,62058.0,62707.0,64094.0,66428.0,70314.0,74620.0,78534.0,82092.0,85236.0,88769.0,94306.0,103392.0,115353.0,132203.0,165880.0,230480.0,333718.0,447355.0,503182.0,537871.0,559902.0,577345.0,592615.0,609211.0,626911.0,639734.0,650887.0,665223.0,679771.0,694858.0,711417.0,726483.0,739488.0,754473.0,,
Belize,2.0,5.0,14.0,18.0,18.0,18.0,18.0,18.0,18.0,18.0,19.0,20.0,22.0,24.0,30.0,37.0,40.0,48.0,57.0,153.0,452.0,686.0,993.0,1194.0,1480.0,1627.0,1825.0,2131.0,2531.0,2813.0,3145.0,3577.0,4176.0,4861.0,5183.0,5743.0,7769.0,9295.0,9791.0,10561.0,10901.0,11303.0,11580.0,11750.0,11908.0,12037.0,12145.0,12244.0,,,,,,,,,
Benim,2.0,6.0,22.0,35.0,35.0,64.0,90.0,319.0,339.0,339.0,232.0,261.0,442.0,765.0,1149.0,1199.0,1378.0,1602.0,1770.0,1805.0,1936.0,2063.0,2115.0,2145.0,2213.0,2267.0,2280.0,2340.0,2357.0,2411.0,2496.0,2557.0,2683.0,2745.0,2844.0,2916.0,2974.0,3055.0,3090.0,3167.0,3205.0,3251.0,3304.0,3413.0,3643.0,3893.0,4193.0,4560.0,5434.0,,,,,,,,
Butão,1.0,1.0,2.0,5.0,5.0,5.0,7.0,7.0,7.0,20.0,21.0,31.0,47.0,62.0,67.0,70.0,77.0,80.0,86.0,92.0,101.0,108.0,128.0,153.0,184.0,227.0,238.0,246.0,263.0,282.0,304.0,316.0,336.0,346.0,358.0,369.0,378.0,389.0,418.0,434.0,440.0,519.0,670.0,767.0,834.0,850.0,857.0,859.0,861.0,866.0,866.0,,,,,,
Bolívia,11.0,29.0,107.0,194.0,354.0,598.0,1053.0,1802.0,2964.0,4481.0,7136.0,10991.0,14644.0,19883.0,26389.0,33219.0,41545.0,50867.0,62357.0,72327.0,83361.0,93328.0,103019.0,110999.0,117267.0,122308.0,128286.0,131453.0,134641.0,137468.0,138922.0,140037.0,141124.0,141936.0,142664.0,143473.0,144147.0,144810.0,145846.0,147716.0,151059.0,156887.0,165268.0,176761.0,191090.0,205208.0,220426.0,230731.0,237706.0,242292.0,,,,,,,
Bósnia e Herzegovina,7.0,38.0,176.0,459.0,804.0,1110.0,1368.0,1677.0,1987.0,2181.0,2338.0,2435.0,2551.0,2775.0,3141.0,3676.0,4606.0,5869.0,7411.0,9115.0,11127.0,13138.0,14961.0,16691.0,18609.0,20517.0,22258.0,24211.0,26081.0,27469.0,29075.0,31655.0,36315.0,44737.0,55598.0,66565.0,75577.0,83328.0,90378.0,97317.0,103232.0,107570.0,110985.0,113392.0,116668.0,118717.0,120864.0,122828.0,124696.0,126781.0,127537.0,,,,,,
Botswana,6.0,13.0,20.0,22.0,23.0,23.0,25.0,35.0,35.0,40.0,60.0,89.0,92.0,277.0,399.0,522.0,686.0,804.0,804.0,1214.0,1308.0,1633.0,2002.0,2252.0,2567.0,2921.0,3172.0,3219.0,5242.0,5923.0,6642.0,7835.0,8225.0,9594.0,10258.0,11531.0,12501.0,13014.0,14025.0,14805.0,16050.0,17365.0,19654.0,21293.0,23503.0,24926.0,26524.0,,,,,,,,,,
Brasil,2.0,31.0,321.0,2247.0,5717.0,14034.0,25262.0,43079.0,73235.0,115455.0,178214.0,271885.0,391222.0,555383.0,739503.0,923189.0,1145906.0,1402041.0,1668589.0,1926824.0,2159654.0,2483191.0,2801921.0,3109630.0,3407354.0,3669995.0,3950931.0,4162073.0,4382263.0,4591364.0,4777522.0,4969141.0,5113628.0,5273954.0,5439641.0,5566049.0,5699005.0,5911758.0,6118708.0,6386787.0,6674999.0,6970034.0,7318821.0,7563551.0,7810400.0,8195637.0,8573864.0,8933356.0,9283418.0,9599565.0,9921981.0,10168174.0,,,,,
Brunei,50.0,88.0,126.0,135.0,136.0,138.0,138.0,138.0,141.0,141.0,141.0,141.0,141.0,141.0,141.0,141.0,141.0,141.0,141.0,141.0,141.0,142.0,142.0,143.0,144.0,145.0,145.0,145.0,146.0,146.0,146.0,147.0,148.0,148.0,148.0,148.0,148.0,150.0,151.0,152.0,152.0,152.0,172.0,173.0,174.0,175.0,180.0,181.0,184.0,185.0,,,,,,,
Bulgária,41.0,163.0,331.0,503.0,661.0,878.0,1247.0,1594.0,1921.0,2175.0,2408.0,2499.0,2711.0,3266.0,3872.0,4625.0,5677.0,7175.0,8638.0,10312.0,11836.0,13343.0,14333.0,15131.0,16164.0,17050.0,17891.0,18819.0,19997.0,21518.0,24319.0,29108.0,37562.0,52844.0,74485.0,97435.0,120697.0,141747.0,160844.0,178952.0,191029.0,197384.0,202880.0,208406.0,211736.0,214696.0,218618.0,223552.0,229516.0,236439.0,236666.0,,,,,,
Burkina Faso,15.0,99.0,246.0,364.0,497.0,581.0,635.0,672.0,760.0,796.0,832.0,847.0,890.0,894.0,903.0,959.0,1000.0,1036.0,1065.0,1100.0,1150.0,1204.0,1280.0,1338.0,1368.0,1463.0,1717.0,1896.0,2028.0,2184.0,2294.0,2387.0,2459.0,2517.0,2581.0,2652.0,2754.0,2886.0,3315.0,4209.0,5301.0,6344.0,7126.0,8279.0,9352.0,10103.0,10768.0,11309.0,11630.0,11797.0,,,,,,,
Myanmar,20.0,23.0,85.0,139.0,151.0,176.0,181.0,199.0,206.0,236.0,260.0,286.0,293.0,304.0,321.0,339.0,343.0,353.0,357.0,369.0,399.0,602.0,1111.0,2150.0,4299.0,8515.0,14383.0,22445.0,32351.0,41008.0,50403.0,57935.0,65598.0,74882.0,85205.0,95018.0,104487.0,113082.0,119788.0,124630.0,128772.0,132865.0,136166.0,139152.0,141104.0,141522.0,141709.0,141750.0,,,,,,,,,
Burundi,3.0,5.0,5.0,11.0,15.0,15.0,42.0,42.0,63.0,83.0,85.0,144.0,170.0,191.0,269.0,322.0,378.0,395.0,408.0,413.0,430.0,445.0,466.0,472.0,474.0,502.0,514.0,525.0,549.0,557.0,589.0,614.0,630.0,664.0,688.0,698.0,729.0,762.0,804.0,842.0,1019.0,1245.0,1479.0,1635.0,1728.0,1849.0,2031.0,,,,,,,,,,
Cabo Verde,4.0,6.0,7.0,56.0,82.0,121.0,218.0,315.0,356.0,390.0,502.0,657.0,823.0,1003.0,1301.0,1552.0,1894.0,2190.0,2418.0,2734.0,3073.0,3368.0,3699.0,4125.0,4557.0,5063.0,5479.0,6126.0,6717.0,7444.0,8122.0,8603.0,9149.0,9694.0,10082.0,10570.0,10938.0,11203.0,11502.0,11688.0,11840.0,12146.0,12664.0,13307.0,13784.0,14290.0,14601.0,14885.0,15048.0,,,,,,,,
Camboja,1.0,1.0,1.0,1.0,1.0,2.0,7.0,84.0,103.0,114.0,122.0,122.0,122.0,122.0,122.0,122.0,124.0,125.0,126.0,128.0,129.0,141.0,141.0,156.0,171.0,225.0,240.0,251.0,273.0,273.0,273.0,274.0,275.0,275.0,276.0,278.0,283.0,283.0,287.0,292.0,297.0,302.0,306.0,323.0,348.0,359.0,363.0,364.0,382.0,391.0,439.0,458.0,466.0,474.0,479.0,568.0,
Camarões,2.0,13.0,75.0,306.0,730.0,996.0,1334.0,1832.0,2267.0,2954.0,4288.0,5436.0,6789.0,8681.0,9864.0,12592.0,12592.0,14916.0,16157.0,16522.0,17255.0,17718.0,18308.0,18762.0,19142.0,19604.0,20009.0,20303.0,20712.0,20838.0,21203.0,21441.0,21570.0,21793.0,22103.0,22490.0,23528.0,24022.0,24487.0,24963.0,25472.0,26277.0,26277.0,26848.0,27336.0,28010.0,29617.0,30313.0,31394.0,33749.0,33749.0,,,,,,
Canadá,4.0,7.0,7.0,9.0,20.0,54.0,198.0,1277.0,5576.0,12978.0,23316.0,34356.0,46371.0,57926.0,68918.0,77206.0,85151.0,91681.0,96475.0,100043.0,102762.0,104878.0,107185.0,109150.0,111875.0,115470.0,118523.0,121148.0,123825.0,126560.0,129639.0,133511.0,138164.0,144607.0,153770.0,166360.0,182767.0,197067.0,216051.0,237313.0,263221.0,295139.0,329191.0,368279.0,412543.0,458527.0,505741.0,544053.0,589935.0,657323.0,706897.0,747362.0,779762.0,805794.0,828408.0,848330.0,850737.0
República Centro-Africana,3.0,3.0,8.0,8.0,12.0,16.0,72.0,143.0,327.0,552.0,962.0,1570.0,2057.0,2686.0,3429.0,3969.0,4288.0,4485.0,4598.0,4614.0,4641.0,4652.0,4679.0,4700.0,4729.0,4749.0,4786.0,4806.0,4845.0,4854.0,4855.0,4862.0,4866.0,4879.0,4896.0,4911.0,4913.0,4922.0,4936.0,4936.0,4948.0,4963.0,4969.0,4973.0,4974.0,4981.0,4989.0,4996.0,5001.0,5001.0,,,,,,,
Chade,3.0,7.0,10.0,23.0,33.0,52.0,170.0,372.0,565.0,715.0,820.0,846.0,854.0,860.0,866.0,873.0,885.0,889.0,926.0,939.0,949.0,971.0,998.0,1017.0,1048.0,1090.0,1164.0,1200.0,1251.0,1329.0,1404.0,1468.0,1517.0,1565.0,1616.0,1655.0,1705.0,1732.0,1800.0,1938.0,2077.0,2328.0,2709.0,3012.0,3269.0,3419.0,3568.0,3724.0,3849.0,,,,,,,,
Chile,2.0,13.0,88.0,592.0,2015.0,4355.0,7366.0,10598.0,14537.0,21213.0,32208.0,50016.0,80287.0,118720.0,160351.0,201634.0,236748.0,267766.0,291847.0,312029.0,328846.0,343592.0,357658.0,371023.0,383902.0,395708.0,408009.0,420434.0,432666.0,444674.0,455979.0,468471.0,479595.0,490003.0,500542.0,510256.0,519977.0,529676.0,539143.0,548941.0,558668.0,569781.0,583355.0,598394.0,615902.0,637742.0,665493.0,694647.0,722900.0,748082.0,772396.0,795845.0,799460.0,,,,
China,5509.0,23707.0,44386.0,74211.0,77754.0,80261.0,80887.0,81058.0,81591.0,82279.0,82718.0,83306.0,83853.0,83940.0,83968.0,84018.0,84063.0,84103.0,84161.0,84198.0,84422.0,84653.0,84785.0,84917.0,85226.0,85708.0,86990.0,88206.0,88958.0,89494.0,89752.0,89933.0,90087.0,90235.0,90399.0,90528.0,90667.0,90858.0,91022.0,91222.0,91478.0,91719.0,91885.0,92296.0,92993.0,93782.0,94537.0,95228.0,95797.0,96310.0,97095.0,98323.0,99541.0,100177.0,100475.0,100639.0,100758.0
Colômbia,9.0,108.0,491.0,1161.0,2223.0,3233.0,4561.0,6507.0,9456.0,13610.0,18330.0,25366.0,35120.0,45212.0,60217.0,80599.0,106110.0,133973.0,173206.0,226373.0,286020.0,357710.0,433805.0,513719.0,581995.0,641574.0,694664.0,743945.0,790823.0,835339.0,886179.0,936982.0,990373.0,1053122.0,1117977.0,1174012.0,1225490.0,1280487.0,1343322.0,1399911.0,1468795.0,1559766.0,1642775.0,1737347.0,1849101.0,1972345.0,2067575.0,2135412.0,2179641.0,2212525.0,2226262.0,,,,,,
Comores,8.0,11.0,34.0,87.0,132.0,162.0,197.0,265.0,303.0,313.0,321.0,337.0,378.0,388.0,399.0,406.0,417.0,427.0,456.0,467.0,470.0,479.0,491.0,496.0,504.0,517.0,554.0,569.0,591.0,607.0,613.0,617.0,633.0,693.0,765.0,995.0,1169.0,1933.0,2492.0,2892.0,3209.0,3413.0,3502.0,,,,,,,,,,,,,,
República do Congo,3.0,4.0,22.0,60.0,143.0,200.0,229.0,274.0,391.0,487.0,571.0,683.0,728.0,883.0,1087.0,1557.0,2028.0,2633.0,3038.0,3200.0,3664.0,3745.0,3850.0,3979.0,4628.0,4928.0,4986.0,5005.0,5089.0,5118.0,5156.0,5253.0,5290.0,5379.0,5515.0,5632.0,5774.0,5774.0,6049.0,6200.0,6908.0,7107.0,7127.0,7709.0,7794.0,7887.0,8060.0,8419.0,8419.0,8625.0,,,,,,,
República Democrática do Congo,3.0,45.0,98.0,180.0,241.0,350.0,471.0,705.0,1102.0,1629.0,2403.0,3326.0,4259.0,4974.0,6027.0,7039.0,7432.0,8135.0,8534.0,8873.0,9178.0,9499.0,9721.0,9891.0,10104.0,10292.0,10401.0,10523.0,10631.0,10789.0,10872.0,11066.0,11191.0,11427.0,11642.0,11866.0,12310.0,12859.0,13750.0,14597.0,15810.0,17182.0,18248.0,19707.0,21140.0,22048.0,23043.0,23771.0,24423.0,25080.0,,,,,,,
Costa Rica,22.0,69.0,231.0,396.0,539.0,642.0,686.0,719.0,765.0,830.0,903.0,1000.0,1194.0,1538.0,1939.0,2684.0,4023.0,6485.0,9546.0,13129.0,17290.0,21070.0,26129.0,31075.0,37292.0,44458.0,52549.0,60818.0,69459.0,76828.0,84828.0,93152.0,100616.0,107570.0,114367.0,120939.0,128231.0,135742.0,142505.0,149815.0,156388.0,162990.0,169321.0,176407.0,183242.0,188477.0,192637.0,195992.0,198756.0,201241.0,201678.0,,,,,,
Costa do Marfim,5.0,73.0,179.0,349.0,638.0,916.0,1183.0,1464.0,1857.0,2153.0,2477.0,3024.0,3995.0,5679.0,7904.0,9499.0,11194.0,13037.0,14531.0,15713.0,16293.0,16847.0,17150.0,17562.0,18103.0,18778.0,19100.0,19343.0,19669.0,19903.0,20183.0,20342.0,20488.0,20765.0,20847.0,21004.0,21156.0,21334.0,21513.0,21775.0,21942.0,22250.0,22855.0,24186.0,25383.0,27237.0,28607.0,29967.0,31365.0,32026.0,,,,,,,
Croácia,7.0,12.0,57.0,315.0,790.0,1222.0,1650.0,1881.0,2039.0,2101.0,2196.0,2228.0,2244.0,2246.0,2247.0,2254.0,2336.0,2725.0,3220.0,3775.0,4370.0,4881.0,5294.0,5649.0,6656.0,8311.0,10269.0,12081.0,13598.0,14992.0,16245.0,17797.0,20621.0,25973.0,37208.0,52660.0,68776.0,85519.0,105691.0,128442.0,152239.0,177358.0,195728.0,205246.0,213319.0,220223.0,225128.0,229054.0,232520.0,235473.0,237725.0,239945.0,,,,,
Cuba,7.0,57.0,212.0,457.0,814.0,1189.0,1467.0,1703.0,1810.0,1900.0,1974.0,2107.0,2211.0,2280.0,2319.0,2348.0,2399.0,2438.0,2462.0,2588.0,2726.0,3128.0,3482.0,3759.0,4126.0,4459.0,4876.0,5270.0,5597.0,5898.0,6035.0,6368.0,6727.0,7144.0,7429.0,7704.0,8026.0,8456.0,9106.0,9671.0,10500.0,11687.0,13165.0,16044.0,19122.0,23439.0,29529.0,34922.0,40765.0,44523.0,,,,,,,
Chipre,26.0,95.0,214.0,446.0,633.0,767.0,817.0,872.0,898.0,916.0,935.0,944.0,964.0,983.0,986.0,994.0,1003.0,1021.0,1038.0,1057.0,1150.0,1242.0,1339.0,1421.0,1487.0,1509.0,1526.0,1600.0,1696.0,1824.0,2006.0,2644.0,3545.0,4563.0,5987.0,7178.0,8643.0,10383.0,12451.0,15101.0,17688.0,19657.0,23974.0,27350.0,28968.0,30017.0,30876.0,31759.0,32513.0,33260.0,,,,,,,
República Tcheca,19.0,189.0,995.0,2631.0,4472.0,5831.0,6606.0,7352.0,7755.0,8095.0,8455.0,8890.0,9230.0,9567.0,9991.0,10448.0,11298.0,12440.0,13115.0,13855.0,15212.0,16699.0,18235.0,19891.0,21790.0,24094.0,27752.0,35401.0,48306.0,63294.0,80605.0,114005.0,168827.0,250797.0,335102.0,411220.0,458229.0,490750.0,518649.0,544179.0,575422.0,618836.0,667569.0,735469.0,822716.0,883906.0,933361.0,980714.0,1030112.0,1082849.0,1146321.0,1153159.0,,,,,
Dinamarca,11.0,444.0,1116.0,1862.0,3290.0,5597.0,6876.0,8108.0,9206.0,10136.0,10865.0,11315.0,11680.0,11971.0,12216.0,12494.0,12815.0,12994.0,13101.0,13293.0,13554.0,13868.0,14440.0,15423.0,16336.0,16962.0,17620.0,19036.0,21013.0,24822.0,28479.0,31201.0,34087.0,37507.0,43685.0,51042.0,58466.0,66324.0,74722.0,84056.0,97895.0,120330.0,144053.0,161862.0,175663.0,185835.0,192187.0,197224.0,200466.0,203574.0,206285.0,208265.0,,,,,
Diamond Princess,175.0,634.0,705.0,706.0,706.0,712.0,712.0,712.0,712.0,712.0,712.0,712.0,712.0,712.0,712.0,712.0,712.0,712.0,712.0,712.0,712.0,712.0,712.0,712.0,712.0,712.0,712.0,712.0,712.0,712.0,712.0,712.0,712.0,712.0,712.0,712.0,712.0,712.0,712.0,712.0,712.0,712.0,712.0,712.0,712.0,712.0,712.0,712.0,712.0,712.0,712.0,712.0,712.0,712.0,712.0,,
Djibouti,3.0,30.0,90.0,363.0,945.0,1072.0,1120.0,1256.0,1618.0,2468.0,3779.0,4331.0,4539.0,4617.0,4682.0,4878.0,4979.0,5027.0,5068.0,5248.0,5348.0,5374.0,5383.0,5387.0,5388.0,5396.0,5407.0,5416.0,5423.0,5428.0,5499.0,5544.0,5575.0,5633.0,5656.0,5669.0,5680.0,5714.0,5749.0,5786.0,5813.0,5854.0,5879.0,5910.0,5923.0,5935.0,5959.0,5981.0,6024.0,,,,,,,,
Domínica,11.0,14.0,16.0,16.0,16.0,16.0,16.0,16.0,16.0,16.0,18.0,18.0,18.0,18.0,18.0,18.0,18.0,18.0,18.0,18.0,18.0,19.0,20.0,22.0,24.0,24.0,24.0,31.0,32.0,33.0,38.0,50.0,63.0,68.0,72.0,85.0,85.0,87.0,88.0,88.0,88.0,106.0,110.0,113.0,117.0,121.0,121.0,134.0,134.0,,,,,,,,
República Dominicana,2.0,11.0,112.0,719.0,1488.0,2759.0,4335.0,5926.0,7578.0,9882.0,12110.0,14422.0,16908.0,19195.0,22572.0,25778.0,30619.0,36184.0,43114.0,51519.0,60896.0,71415.0,78778.0,85545.0,90561.0,93732.0,98776.0,103092.0,107700.0,110957.0,113926.0,118014.0,120925.0,124018.0,127018.0,129645.0,133225.0,137770.0,142653.0,147655.0,153585.0,159064.0,165940.0,172965.0,180644.0,191339.0,202507.0,212553.0,222148.0,228895.0,234502.0,235462.0,,,,,
Equador,13.0,28.0,506.0,1823.0,3465.0,7257.0,9022.0,22719.0,27464.0,31881.0,32763.0,36258.0,38571.0,42728.0,46356.0,49731.0,54574.0,61535.0,67209.0,73382.0,80036.0,86232.0,93572.0,100688.0,107089.0,112906.0,118045.0,118045.0,125620.0,133981.0,140351.0,146828.0,152422.0,159614.0,168192.0,173486.0,179627.0,184876.0,190909.0,197391.0,201524.0,205920.0,209274.0,214513.0,220349.0,230808.0,238232.0,249779.0,257115.0,265527.0,273097.0,274673.0,,,,,
Egito,1.0,1.0,3.0,67.0,256.0,495.0,865.0,1699.0,2673.0,3891.0,5537.0,7981.0,10829.0,15003.0,20793.0,29767.0,39726.0,50437.0,61130.0,71299.0,79254.0,85771.0,90413.0,93757.0,95006.0,96108.0,97025.0,98062.0,99425.0,100557.0,101641.0,102513.0,103317.0,104156.0,105033.0,106060.0,107209.0,108530.0,110095.0,111955.0,114475.0,117156.0,120147.0,123701.0,128993.0,138062.0,146809.0,153741.0,159715.0,164282.0,168057.0,171993.0,176333.0,178151.0,,,
El Salvador,9.0,32.0,93.0,159.0,237.0,377.0,633.0,1037.0,1571.0,2109.0,2705.0,3274.0,4066.0,5150.0,6736.0,8566.0,10645.0,12975.0,15841.0,18701.0,21644.0,23717.0,25140.0,25904.0,26602.0,27163.0,27954.0,29077.0,29737.0,30766.0,32120.0,32925.0,34015.0,35145.0,36965.0,37884.0,39130.0,40741.0,42397.0,43772.0,45960.0,47355.0,49539.0,51437.0,53989.0,55623.0,56653.0,58023.0,58546.0,,,,,,,,
Guiné Equatorial,6.0,12.0,16.0,18.0,79.0,258.0,315.0,439.0,594.0,960.0,1306.0,1306.0,1306.0,1664.0,2001.0,3071.0,3071.0,3071.0,3071.0,4821.0,4821.0,4821.0,4926.0,4941.0,4972.0,4996.0,5002.0,5028.0,5045.0,5063.0,5070.0,5079.0,5088.0,5092.0,5104.0,5130.0,5153.0,5159.0,5185.0,5214.0,5236.0,5277.0,5289.0,5356.0,5401.0,5516.0,5578.0,5694.0,5798.0,5798.0,,,,,,,
Eritreia,6.0,22.0,34.0,35.0,39.0,39.0,39.0,39.0,39.0,39.0,39.0,41.0,142.0,167.0,215.0,232.0,251.0,261.0,279.0,285.0,285.0,306.0,317.0,330.0,361.0,364.0,369.0,381.0,405.0,422.0,461.0,463.0,484.0,493.0,527.0,566.0,632.0,656.0,741.0,992.0,1320.0,1556.0,1877.0,1940.0,2135.0,2326.0,2429.0,2685.0,2685.0,,,,,,,,
Estónia,2.0,16.0,258.0,404.0,779.0,1185.0,1400.0,1559.0,1666.0,1713.0,1751.0,1794.0,1840.0,1880.0,1958.0,1977.0,1983.0,1989.0,2003.0,2016.0,2025.0,2042.0,2113.0,2174.0,2207.0,2311.0,2415.0,2585.0,2756.0,3033.0,3371.0,3715.0,3947.0,4171.0,4590.0,5333.0,6508.0,8304.0,10541.0,13019.0,16054.0,19271.0,23309.0,27256.0,30667.0,34991.0,38544.0,41966.0,45663.0,49605.0,54300.0,57616.0,,,,,
Essuatíni,1.0,9.0,9.0,12.0,16.0,36.0,106.0,159.0,190.0,225.0,279.0,305.0,472.0,623.0,728.0,909.0,1257.0,1619.0,2073.0,2648.0,3036.0,3670.0,4128.0,4461.0,4780.0,5025.0,5215.0,5399.0,5521.0,5644.0,5746.0,5831.0,5909.0,5976.0,6076.0,6185.0,6362.0,6480.0,6685.0,7202.0,8170.0,9482.0,10975.0,12532.0,14219.0,15471.0,16137.0,16455.0,16742.0,16789.0,,,,,,,
Etiópia,6.0,12.0,29.0,56.0,92.0,116.0,131.0,191.0,272.0,399.0,831.0,1636.0,2670.0,3954.0,5175.0,5846.0,6973.0,8475.0,11933.0,16615.0,20900.0,26204.0,35836.0,46407.0,55213.0,62578.0,66913.0,71687.0,76098.0,81797.0,87169.0,91693.0,95301.0,98391.0,101248.0,104427.0,107669.0,111579.0,115360.0,118481.0,121399.0,124264.0,127227.0,129922.0,132326.0,135594.0,140157.0,144862.0,150179.0,152806.0,,,,,,,
Fiji,5.0,5.0,15.0,16.0,18.0,18.0,18.0,18.0,18.0,18.0,18.0,18.0,18.0,18.0,18.0,21.0,26.0,27.0,27.0,27.0,27.0,28.0,28.0,29.0,32.0,32.0,32.0,32.0,32.0,32.0,33.0,33.0,34.0,35.0,35.0,38.0,42.0,44.0,46.0,46.0,49.0,53.0,53.0,55.0,55.0,56.0,56.0,56.0,56.0,,,,,,,,
Finlândia,1.0,1.0,1.0,1.0,6.0,40.0,321.0,792.0,1418.0,2308.0,3161.0,4014.0,4740.0,5412.0,6003.0,6399.0,6628.0,6887.0,7025.0,7112.0,7155.0,7214.0,7262.0,7301.0,7351.0,7404.0,7483.0,7623.0,7776.0,7981.0,8142.0,8337.0,8725.0,9195.0,9892.0,10929.0,12499.0,13849.0,15163.0,16637.0,18107.0,19647.0,22289.0,25462.0,28242.0,31459.0,33717.0,35420.0,37218.0,39011.0,40722.0,43120.0,45784.0,48407.0,51047.0,53742.0,
França,5.0,6.0,11.0,12.0,38.0,426.0,2293.0,10970.0,29252.0,59228.0,64452.0,145166.0,158868.0,169098.0,177096.0,180635.0,183397.0,188355.0,191869.0,195179.0,198741.0,201853.0,205773.0,209419.0,213182.0,218841.0,225931.0,234945.0,248858.0,269335.0,299580.0,340499.0,394328.0,456171.0,538264.0,618944.0,713676.0,852975.0,1043448.0,1329820.0,1650965.0,1950205.0,2138704.0,2237506.0,2312253.0,2393590.0,2483524.0,2584333.0,2677666.0,2784883.0,2909723.0,3046371.0,3189405.0,3310071.0,3465964.0,3596156.0,3597540.0
Gabão,3.0,7.0,21.0,44.0,108.0,172.0,276.0,620.0,1209.0,1728.0,2613.0,3101.0,3463.0,4428.0,5209.0,5620.0,5942.0,6315.0,6984.0,7352.0,7923.0,8225.0,8388.0,8505.0,8601.0,8643.0,8696.0,8728.0,8797.0,8835.0,8881.0,8919.0,8968.0,9022.0,9062.0,9131.0,9191.0,9254.0,9330.0,9400.0,9497.0,9571.0,9694.0,9899.0,10278.0,10748.0,11457.0,12577.0,13553.0,13553.0,,,,,,,
Gâmbia,2.0,4.0,4.0,9.0,10.0,10.0,17.0,22.0,24.0,25.0,25.0,28.0,30.0,41.0,47.0,61.0,64.0,112.0,326.0,498.0,1235.0,1872.0,2685.0,2963.0,3197.0,3405.0,3526.0,3569.0,3594.0,3636.0,3649.0,3665.0,3672.0,3696.0,3705.0,3726.0,3742.0,3770.0,3782.0,3786.0,3793.0,3800.0,3857.0,3933.0,4008.0,4139.0,4302.0,4414.0,4554.0,,,,,,,,
Geórgia,3.0,15.0,34.0,70.0,110.0,196.0,300.0,408.0,511.0,604.0,642.0,707.0,732.0,796.0,818.0,879.0,911.0,928.0,958.0,999.0,1049.0,1145.0,1182.0,1264.0,1351.0,1429.0,1510.0,1729.0,2562.0,3913.0,5866.0,9245.0,12841.0,19857.0,32127.0,44522.0,63650.0,85952.0,111818.0,139343.0,169649.0,194900.0,212526.0,224155.0,232079.0,241637.0,249465.0,254822.0,259209.0,263057.0,266462.0,268355.0,,,,,
Alemanha,10.0,14.0,16.0,16.0,130.0,1040.0,5795.0,24873.0,62095.0,100123.0,127854.0,145184.0,157770.0,165664.0,171879.0,176369.0,180328.0,183410.0,185750.0,187518.0,191272.0,194693.0,197523.0,199919.0,202735.0,206667.0,211220.0,217288.0,225007.0,234494.0,243305.0,251728.0,261737.0,273965.0,286339.0,301573.0,326309.0,368671.0,437698.0,544346.0,682624.0,802946.0,932367.0,1055691.0,1194550.0,1350810.0,1514962.0,1658639.0,1783896.0,1929410.0,2050129.0,2147769.0,2225659.0,2291673.0,2341744.0,2394515.0,
Gana,16.0,137.0,205.0,378.0,641.0,1279.0,2074.0,4012.0,5638.0,6486.0,7616.0,9168.0,10856.0,13203.0,15834.0,19388.0,23834.0,26572.0,31057.0,35501.0,40097.0,41847.0,43325.0,43949.0,44777.0,45388.0,45760.0,46222.0,46694.0,46987.0,47173.0,47601.0,48055.0,48788.0,50018.0,50631.0,51225.0,52096.0,52738.0,53653.0,54043.0,54930.0,55461.0,56981.0,59480.0,63883.0,70046.0,74347.0,79165.0,80253.0,,,,,,,
Grécia,7.0,89.0,387.0,743.0,1314.0,1832.0,2170.0,2401.0,2566.0,2642.0,2744.0,2840.0,2892.0,2937.0,3058.0,3148.0,3302.0,3409.0,3589.0,3883.0,4048.0,4279.0,4855.0,5942.0,7472.0,8987.0,10524.0,11832.0,13730.0,15928.0,18123.0,20541.0,23060.0,26469.0,32752.0,44246.0,60570.0,78825.0,95137.0,107470.0,118045.0,126372.0,132430.0,136976.0,141453.0,146020.0,149462.0,153226.0,158716.0,166067.0,173905.0,179802.0,,,,,
Granada,7.0,12.0,14.0,14.0,18.0,21.0,21.0,22.0,22.0,23.0,23.0,23.0,23.0,23.0,23.0,23.0,23.0,23.0,24.0,24.0,24.0,24.0,24.0,24.0,24.0,24.0,24.0,24.0,24.0,27.0,28.0,28.0,30.0,32.0,41.0,41.0,41.0,43.0,94.0,112.0,127.0,127.0,139.0,147.0,148.0,148.0,148.0,148.0,148.0,,,,,,,,
Guatemala,12.0,28.0,50.0,126.0,214.0,430.0,644.0,900.0,1643.0,2743.0,4607.0,6485.0,8982.0,12509.0,15828.0,21293.0,27619.0,33809.0,43283.0,49789.0,55270.0,61428.0,66941.0,72921.0,77040.0,81009.0,84344.0,88878.0,93090.0,96935.0,100431.0,103902.0,107339.0,110502.0,114123.0,117757.0,121132.0,124805.0,128541.0,132062.0,135080.0,138236.0,142064.0,147560.0,152956.0,158336.0,162295.0,166283.0,170275.0,171170.0,,,,,,,
Guiné,1.0,4.0,52.0,194.0,438.0,862.0,1495.0,1927.0,2473.0,3067.0,3553.0,3991.0,4372.0,4841.0,5174.0,5450.0,5881.0,6359.0,6806.0,7242.0,7664.0,8198.0,8876.0,9213.0,9579.0,9946.0,10154.0,10434.0,10652.0,10901.0,11255.0,11635.0,12020.0,12363.0,12537.0,12713.0,12949.0,13167.0,13368.0,13485.0,13630.0,13722.0,13904.0,14051.0,14236.0,14435.0,14629.0,14860.0,15154.0,15395.0,,,,,,,
Guiné-Bissau,8.0,33.0,38.0,50.0,73.0,413.0,820.0,1038.0,1178.0,1339.0,1389.0,1492.0,1556.0,1654.0,1790.0,1842.0,1954.0,1954.0,1981.0,2088.0,2117.0,2149.0,2205.0,2245.0,2275.0,2324.0,2324.0,2385.0,2389.0,2403.0,2403.0,2413.0,2419.0,2419.0,2422.0,2441.0,2444.0,2447.0,2447.0,2452.0,2455.0,2478.0,2510.0,2532.0,2634.0,2810.0,2950.0,3115.0,,,,,,,,,
Guiana,7.0,20.0,19.0,37.0,55.0,67.0,78.0,93.0,113.0,125.0,139.0,153.0,156.0,171.0,209.0,248.0,284.0,313.0,350.0,398.0,509.0,623.0,776.0,1093.0,1382.0,1703.0,1958.0,2535.0,2894.0,3292.0,3589.0,3850.0,4074.0,4324.0,4618.0,4914.0,5236.0,5449.0,5732.0,6016.0,6258.0,6319.0,6407.0,6696.0,7015.0,7380.0,7714.0,8092.0,8313.0,8420.0,,,,,,,
Haiti,8.0,16.0,27.0,41.0,58.0,76.0,101.0,219.0,596.0,1174.0,2507.0,3662.0,4547.0,5324.0,5975.0,6432.0,6831.0,7146.0,7371.0,7532.0,7743.0,7949.0,8122.0,8258.0,8376.0,8530.0,8646.0,8766.0,8838.0,8908.0,8979.0,9046.0,9100.0,9152.0,9191.0,9248.0,9303.0,9434.0,9597.0,9846.0,9999.0,10127.0,10415.0,10963.0,11286.0,11692.0,11991.0,12206.0,12274.0,,,,,,,,
Santa Sé,1.0,1.0,4.0,7.0,8.0,8.0,9.0,11.0,12.0,12.0,12.0,12.0,12.0,12.0,12.0,12.0,12.0,12.0,12.0,12.0,12.0,12.0,12.0,12.0,12.0,12.0,12.0,12.0,12.0,12.0,12.0,26.0,27.0,27.0,27.0,27.0,27.0,27.0,27.0,27.0,27.0,27.0,27.0,27.0,27.0,27.0,27.0,27.0,27.0,27.0,27.0,,,,,,
Honduras,8.0,30.0,141.0,305.0,407.0,494.0,702.0,1270.0,2100.0,2955.0,4401.0,5527.0,6935.0,9656.0,13943.0,19558.0,25428.0,29106.0,35345.0,40460.0,44299.0,48403.0,51670.0,55877.0,61769.0,65218.0,68620.0,72306.0,76098.0,80662.0,84852.0,90232.0,94623.0,98688.0,100804.0,103488.0,105211.0,108253.0,111707.0,114943.0,117588.0,120912.0,123822.0,129805.0,136068.0,142880.0,148951.0,156606.0,161727.0,165095.0,,,,,,,
Hungria,9.0,50.0,187.0,492.0,817.0,1512.0,2098.0,2649.0,3065.0,3313.0,3556.0,3771.0,3921.0,4017.0,4077.0,4107.0,4155.0,4205.0,4258.0,4347.0,4456.0,4553.0,4746.0,4970.0,5215.0,6257.0,9304.0,13879.0,19499.0,25567.0,32298.0,39862.0,48757.0,63642.0,86769.0,118918.0,152659.0,181881.0,221073.0,256367.0,285763.0,306368.0,317571.0,329721.0,344352.0,353276.0,360877.0,369288.0,378734.0,389622.0,403023.0,,,,,,
Islândia,34.0,103.0,330.0,802.0,1319.0,1648.0,1739.0,1789.0,1797.0,1801.0,1802.0,1803.0,1805.0,1806.0,1807.0,1814.0,1818.0,1830.0,1833.0,1836.0,1841.0,1872.0,1932.0,1976.0,2040.0,2087.0,2128.0,2157.0,2206.0,2512.0,2769.0,3267.0,3837.0,4268.0,4719.0,5017.0,5160.0,5231.0,5323.0,5448.0,5524.0,5588.0,5683.0,5754.0,5845.0,5948.0,5981.0,6001.0,6016.0,6026.0,6044.0,6045.0,,,,,
Índia,3.0,3.0,3.0,3.0,28.0,62.0,156.0,657.0,1998.0,5916.0,12322.0,21370.0,33062.0,52987.0,78055.0,112028.0,158086.0,216824.0,286605.0,366946.0,473105.0,604641.0,767296.0,968857.0,1238798.0,1581963.0,1964536.0,2396637.0,2836925.0,3310234.0,3853406.0,4465863.0,5118253.0,5732518.0,6312584.0,6835655.0,7307097.0,7706946.0,8040203.0,8364086.0,8683916.0,8958483.0,9266705.0,9534964.0,9767371.0,9956557.0,10123778.0,10266674.0,10395278.0,10512093.0,10610883.0,10701193.0,10790183.0,10871294.0,10950201.0,11005850.0,
Indonésia,6.0,117.0,514.0,1285.0,2273.0,4241.0,6575.0,8882.0,11192.0,14032.0,17514.0,22271.0,26473.0,31186.0,38277.0,45891.0,54010.0,63749.0,75699.0,86521.0,98778.0,111455.0,125396.0,139549.0,153535.0,172053.0,194109.0,218382.0,244676.0,275213.0,303498.0,333449.0,361867.0,389712.0,412784.0,437716.0,467113.0,497668.0,534266.0,575796.0,617820.0,664930.0,713365.0,765350.0,828026.0,907929.0,989262.0,1078314.0,1157837.0,1217468.0,1278653.0,,,,,,
Irã,95.0,2336.0,8042.0,16169.0,24811.0,44605.0,62589.0,74877.0,84802.0,92584.0,99970.0,110767.0,124603.0,139511.0,157562.0,175927.0,192439.0,209970.0,227662.0,245688.0,262173.0,278827.0,296273.0,314786.0,331189.0,347835.0,363363.0,376894.0,391112.0,407353.0,429193.0,453637.0,479825.0,508389.0,539670.0,581824.0,637712.0,703288.0,788473.0,880542.0,975951.0,1062397.0,1123474.0,1170743.0,1212481.0,1255620.0,1299022.0,1342134.0,1385706.0,1431416.0,1481396.0,1534034.0,1574012.0,,,,
Iraque,19.0,60.0,116.0,233.0,547.0,961.0,1352.0,1539.0,1820.0,2296.0,2767.0,3404.0,4469.0,6439.0,12366.0,20209.0,30868.0,45402.0,60479.0,77506.0,92530.0,110032.0,129151.0,150115.0,176931.0,204341.0,231177.0,260370.0,290309.0,319035.0,349450.0,379141.0,402330.0,426634.0,451707.0,475288.0,498549.0,519152.0,535321.0,550435.0,564200.0,574634.0,584145.0,591597.0,597774.0,602938.0,608232.0,613763.0,619636.0,628550.0,643852.0,667937.0,,,,,
Irlanda,18.0,90.0,683.0,2121.0,4273.0,8089.0,13980.0,18184.0,20833.0,22541.0,23956.0,24506.0,24876.0,25163.0,25250.0,25368.0,25414.0,25498.0,25589.0,25730.0,25845.0,26065.0,26470.0,26995.0,27755.0,28578.0,29303.0,30571.0,32271.0,34315.0,37063.0,40703.0,47427.0,55261.0,61059.0,64538.0,67099.0,69802.0,71699.0,73491.0,75507.0,78254.0,84098.0,93532.0,135884.0,166548.0,184279.0,193892.0,201763.0,207720.0,213400.0,215057.0,,,,,
Israel,3.0,21.0,88.0,386.0,2988.0,7132.0,10249.0,12948.0,14895.0,15896.0,16307.0,16511.0,16624.0,16850.0,17539.0,18667.0,20207.0,22648.0,27556.0,35523.0,46478.0,58474.0,70372.0,79963.0,90197.0,99836.0,110885.0,125012.0,146351.0,176523.0,214497.0,255142.0,286095.0,300854.0,308601.0,313441.0,317980.0,322410.0,327355.0,333296.0,341406.0,352397.0,367975.0,389678.0,423262.0,471048.0,529814.0,582869.0,628895.0,675618.0,714812.0,741934.0,750043.0,,,,
Itália,2.0,3.0,3.0,655.0,3858.0,15113.0,41035.0,80589.0,115242.0,143626.0,168941.0,189973.0,205463.0,215858.0,223096.0,228006.0,231732.0,234013.0,236142.0,238159.0,239706.0,240961.0,242363.0,243736.0,245338.0,247158.0,249204.0,252235.0,256118.0,263949.0,272912.0,283180.0,293025.0,304323.0,317409.0,338398.0,381602.0,465726.0,616595.0,824879.0,1066401.0,1308528.0,1509875.0,1664829.0,1787147.0,1906377.0,2009317.0,2107166.0,2220361.0,2336279.0,2428221.0,2515507.0,2597446.0,2683403.0,2765412.0,2809246.0,
Jamaica,12.0,21.0,36.0,63.0,73.0,223.0,364.0,473.0,507.0,520.0,564.0,590.0,605.0,621.0,670.0,702.0,745.0,762.0,810.0,855.0,920.0,1047.0,1146.0,1732.0,2459.0,3323.0,4042.0,5270.0,6408.0,7109.0,7910.0,8374.0,8787.0,9296.0,9573.0,9959.0,10422.0,10810.0,11271.0,11875.0,12354.0,12752.0,13246.0,13760.0,14419.0,15153.0,15973.0,17701.0,19773.0,21382.0,,,,,,,
Japão,7.0,22.0,27.0,79.0,173.0,298.0,585.0,893.0,1217.0,2255.0,4485.0,8277.0,11641.0,13860.0,15354.0,15948.0,16287.0,16502.0,16837.0,17111.0,17484.0,17879.0,18615.0,20055.0,22437.0,26463.0,32116.0,41347.0,50302.0,57636.0,63888.0,69023.0,72724.0,76446.0,79773.0,83022.0,86540.0,90153.0,93895.0,98146.0,103309.0,110487.0,121247.0,135786.0,150976.0,166592.0,184752.0,203732.0,227415.0,253571.0,298321.0,340989.0,372545.0,394269.0,408550.0,418435.0,424988.0
Jordânia,1.0,17.0,127.0,268.0,349.0,391.0,425.0,449.0,465.0,562.0,629.0,711.0,746.0,831.0,979.0,1042.0,1128.0,1167.0,1183.0,1223.0,1176.0,1218.0,1268.0,1398.0,1639.0,2034.0,2478.0,3528.0,5045.0,9226.0,17464.0,26073.0,38937.0,55055.0,81743.0,114986.0,149539.0,188410.0,219430.0,244069.0,262477.0,277448.0,289748.0,299831.0,308670.0,315544.0,321298.0,328062.0,336839.0,349562.0,363728.0,,,,,,
Cazaquistão,44.0,111.0,435.0,781.0,1402.0,2289.0,3402.0,4578.0,5571.0,7234.0,9576.0,12067.0,13872.0,15877.0,19750.0,42574.0,54747.0,66895.0,78486.0,89078.0,105526.0,117104.0,124356.0,127664.0,132354.0,135159.0,137393.0,139289.0,140958.0,142597.0,144328.0,146288.0,148479.0,152725.0,158036.0,164578.0,170808.0,177386.0,183630.0,189551.0,194993.0,201196.0,206840.0,212812.0,221053.0,231716.0,240983.0,248566.0,254712.0,257100.0,,,,,,,
Quénia,7.0,31.0,110.0,184.0,234.0,320.0,396.0,607.0,758.0,1109.0,1618.0,2340.0,3215.0,4257.0,5384.0,6941.0,8975.0,11673.0,15601.0,19913.0,24411.0,28754.0,31441.0,33389.0,34705.0,35603.0,36576.0,37489.0,38713.0,40178.0,43143.0,47212.0,52612.0,59595.0,66723.0,74145.0,80102.0,86383.0,90305.0,93405.0,95431.0,96458.0,97733.0,98693.0,99630.0,100422.0,101339.0,102353.0,103615.0,104201.0,,,,,,,
Coreia do Sul,4.0,16.0,28.0,31.0,977.0,5186.0,7513.0,8320.0,9037.0,9786.0,10331.0,10564.0,10683.0,10761.0,10806.0,10962.0,11110.0,11265.0,11590.0,11902.0,12198.0,12535.0,12850.0,13244.0,13551.0,13879.0,14251.0,14456.0,14714.0,16058.0,18265.0,20449.0,21588.0,22504.0,23216.0,23812.0,24353.0,24889.0,25424.0,26146.0,26925.0,27799.0,29311.0,31735.0,35163.0,39432.0,45442.0,52550.0,59773.0,65818.0,70212.0,73518.0,76429.0,79311.0,81930.0,84946.0,87324.0
Kosovo,21.0,86.0,126.0,227.0,449.0,669.0,806.0,861.0,945.0,1004.0,1052.0,1147.0,1326.0,1916.0,2432.0,3064.0,4307.0,5472.0,6680.0,8330.0,9869.0,11130.0,12168.0,13100.0,13910.0,14496.0,14939.0,15379.0,15705.0,16050.0,16606.0,17591.0,19328.0,22934.0,27851.0,32877.0,37792.0,40117.0,45594.0,48337.0,50135.0,51502.0,53264.0,55135.0,57317.0,59646.0,61688.0,63805.0,65450.0,66480.0,,,,,,,
Kuwait,45.0,64.0,112.0,188.0,255.0,556.0,1234.0,1915.0,3075.0,4983.0,8688.0,14850.0,21302.0,27043.0,31848.0,35920.0,39650.0,44942.0,49941.0,54894.0,59204.0,63773.0,67911.0,71713.0,76205.0,80528.0,84636.0,89582.0,94764.0,99434.0,103544.0,107025.0,111116.0,116146.0,121635.0,126534.0,131743.0,136840.0,140056.0,142426.0,144369.0,146218.0,147979.0,149653.0,151343.0,154314.0,157777.0,161285.0,165257.0,170998.0,177701.0,184090.0,,,,,
Quirguistão,42.0,107.0,228.0,430.0,590.0,708.0,843.0,1037.0,1243.0,1468.0,1845.0,2055.0,2562.0,3726.0,5506.0,8279.0,11444.0,28251.0,33844.0,37541.0,40455.0,42146.0,43245.0,43958.0,44487.0,44999.0,45542.0,46522.0,47799.0,49871.0,52910.0,56738.0,60774.0,64360.0,67469.0,70366.0,73178.0,75690.0,78151.0,79429.0,80654.0,81512.0,82587.0,83430.0,84175.0,84646.0,85171.0,85564.0,85929.0,,,,,,,,
Laos,8.0,12.0,19.0,19.0,19.0,19.0,19.0,19.0,19.0,19.0,19.0,19.0,19.0,19.0,19.0,19.0,19.0,20.0,20.0,20.0,22.0,22.0,22.0,22.0,23.0,23.0,23.0,23.0,23.0,23.0,24.0,24.0,24.0,24.0,39.0,39.0,41.0,41.0,41.0,41.0,41.0,41.0,41.0,44.0,44.0,45.0,45.0,45.0,,,,,,,,,
Letónia,2.0,30.0,139.0,347.0,533.0,651.0,727.0,812.0,879.0,939.0,1008.0,1047.0,1066.0,1088.0,1097.0,1111.0,1116.0,1124.0,1173.0,1192.0,1219.0,1243.0,1290.0,1322.0,1337.0,1393.0,1428.0,1474.0,1525.0,1676.0,2086.0,2670.0,3450.0,4678.0,6136.0,8095.0,10547.0,13120.0,16975.0,21313.0,25675.0,30940.0,36330.0,42497.0,49568.0,55664.0,61008.0,66241.0,71800.0,76706.0,81519.0,,,,,,
Líbano,2.0,16.0,61.0,157.0,368.0,494.0,582.0,663.0,688.0,725.0,784.0,886.0,1024.0,1168.0,1306.0,1402.0,1495.0,1662.0,1796.0,2011.0,2599.0,3260.0,4334.0,5672.0,7711.0,10952.0,14937.0,18963.0,22437.0,26768.0,32819.0,40882.0,49744.0,58745.0,67027.0,77778.0,89186.0,100703.0,111946.0,122200.0,132817.0,142187.0,153049.0,165933.0,181503.0,204699.0,237132.0,269241.0,293157.0,312269.0,331159.0,348810.0,355073.0,,,,
Lesoto,1.0,2.0,2.0,4.0,4.0,17.0,27.0,91.0,256.0,359.0,505.0,726.0,781.0,946.0,1049.0,1085.0,1148.0,1327.0,1424.0,1576.0,1683.0,1822.0,1918.0,1947.0,1961.0,2026.0,2052.0,2092.0,2137.0,2150.0,2307.0,2546.0,3005.0,3206.0,5937.0,7018.0,8047.0,8900.0,9718.0,10350.0,10461.0,,,,,,,,,,,,,,,,
Libéria,3.0,3.0,13.0,50.0,91.0,124.0,158.0,199.0,226.0,265.0,288.0,359.0,458.0,626.0,768.0,874.0,1010.0,1091.0,1162.0,1207.0,1237.0,1257.0,1286.0,1304.0,1307.0,1319.0,1335.0,1339.0,1348.0,1363.0,1377.0,1393.0,1426.0,1442.0,1507.0,1551.0,1595.0,1676.0,1676.0,1779.0,1779.0,1779.0,1779.0,1887.0,1914.0,1939.0,1956.0,1956.0,1988.0,,,,,,,,
Líbia,8.0,19.0,26.0,51.0,61.0,63.0,64.0,65.0,75.0,168.0,332.0,467.0,595.0,802.0,1117.0,1512.0,1980.0,2827.0,4063.0,5929.0,8579.0,11009.0,13966.0,18834.0,23515.0,28796.0,33213.0,37437.0,43821.0,49949.0,57223.0,62907.0,69040.0,74324.0,78473.0,82809.0,87097.0,91357.0,95200.0,98913.0,101975.0,105378.0,109869.0,114429.0,119402.0,124882.0,127705.0,129797.0,,,,,,,,,
Liechtenstein,1.0,7.0,51.0,68.0,78.0,79.0,81.0,82.0,82.0,82.0,82.0,82.0,82.0,82.0,82.0,82.0,82.0,84.0,84.0,86.0,87.0,89.0,89.0,97.0,102.0,107.0,107.0,111.0,115.0,118.0,130.0,163.0,235.0,428.0,631.0,846.0,1002.0,1158.0,1286.0,1404.0,1579.0,1826.0,2069.0,2246.0,2355.0,2398.0,2455.0,2497.0,2527.0,2540.0,2546.0,,,,,,
Lituânia,1.0,4.0,47.0,292.0,631.0,896.0,1050.0,1291.0,1389.0,1430.0,1521.0,1598.0,1654.0,1689.0,1751.0,1787.0,1803.0,1823.0,1856.0,1903.0,1982.0,2069.0,2189.0,2346.0,2558.0,2804.0,2998.0,3238.0,3560.0,4179.0,4950.0,5749.0,7030.0,9106.0,13815.0,20720.0,31826.0,42721.0,56085.0,69600.0,87066.0,106645.0,127547.0,145430.0,158474.0,167960.0,174922.0,181019.0,185601.0,189665.0,192986.0,194051.0,,,,,
Luxemburgo,2.0,34.0,484.0,1605.0,2612.0,3223.0,3480.0,3695.0,3802.0,3871.0,3923.0,3981.0,4012.0,4032.0,4055.0,4099.0,4173.0,4447.0,4777.0,5409.0,6056.0,6695.0,7113.0,7405.0,7704.0,7928.0,6854.0,7088.0,7718.0,8233.0,8709.0,9360.0,10471.0,12851.0,17134.0,21806.0,25931.0,29762.0,33409.0,37017.0,40755.0,43728.0,45209.0,46415.0,47744.0,48630.0,49438.0,50388.0,51512.0,52539.0,53782.0,53782.0,,,,,
MS Zaandam,9.0,9.0,9.0,9.0,9.0,9.0,9.0,9.0,9.0,9.0,9.0,9.0,9.0,9.0,9.0,9.0,9.0,9.0,9.0,9.0,9.0,9.0,9.0,9.0,9.0,9.0,9.0,9.0,9.0,9.0,9.0,9.0,9.0,9.0,9.0,9.0,9.0,9.0,9.0,9.0,9.0,9.0,9.0,9.0,9.0,9.0,9.0,9.0,,,,,,,,,
Madagascar,23.0,59.0,93.0,111.0,121.0,128.0,193.0,230.0,405.0,656.0,957.0,1203.0,1403.0,1829.0,2403.0,3782.0,6089.0,8381.0,10748.0,12526.0,13522.0,14154.0,14592.0,15106.0,15624.0,15925.0,16191.0,16454.0,16654.0,16754.0,16810.0,16968.0,17111.0,17223.0,17310.0,17341.0,17341.0,17473.0,17587.0,17633.0,17714.0,17767.0,18001.0,18301.0,18743.0,19065.0,19360.0,19598.0,19831.0,,,,,,,,
Malawi,8.0,16.0,23.0,36.0,43.0,63.0,71.0,101.0,369.0,455.0,572.0,941.0,1265.0,1864.0,2614.0,3302.0,3738.0,4426.0,4752.0,5240.0,5474.0,5579.0,5653.0,5704.0,5746.0,5773.0,5803.0,5829.0,5864.0,5904.0,5934.0,5955.0,5999.0,6018.0,6040.0,6051.0,6091.0,6261.0,6471.0,7337.0,9400.0,14851.0,21660.0,25449.0,28050.0,29634.0,30742.0,,,,,,,,,,
Malásia,8.0,12.0,19.0,22.0,23.0,83.0,197.0,1030.0,2161.0,3333.0,4346.0,5251.0,5691.0,6071.0,6535.0,6855.0,7137.0,7732.0,8266.0,8402.0,8535.0,8606.0,8648.0,8696.0,8755.0,8861.0,8976.0,9063.0,9149.0,9249.0,9306.0,9385.0,9810.0,10147.0,10687.0,11771.0,14722.0,18758.0,24514.0,30889.0,38189.0,45095.0,52638.0,61861.0,70236.0,80309.0,90816.0,101565.0,115078.0,131108.0,151066.0,176180.0,203933.0,234874.0,258306.0,277811.0,283569.0
Maldivas,10.0,13.0,16.0,19.0,19.0,35.0,177.0,519.0,790.0,1078.0,1313.0,1672.0,1901.0,2013.0,2187.0,2305.0,2435.0,2664.0,2930.0,3252.0,3949.0,4898.0,5679.0,6660.0,7578.0,8486.0,9052.0,9649.0,10045.0,10465.0,10859.0,11178.0,11421.0,11659.0,11962.0,12154.0,12578.0,12947.0,13159.0,13348.0,13474.0,13618.0,13834.0,14065.0,14426.0,14885.0,15736.0,16656.0,17716.0,18612.0,18769.0,,,,,,
Mali,28.0,56.0,144.0,258.0,424.0,612.0,730.0,901.0,1077.0,1351.0,1586.0,1885.0,1978.0,2181.0,2348.0,2423.0,2477.0,2520.0,2543.0,2577.0,2666.0,2713.0,2777.0,2882.0,2940.0,3030.0,3101.0,3195.0,3297.0,3411.0,3515.0,3584.0,3745.0,3980.0,4417.0,4762.0,5442.0,5878.0,6291.0,6796.0,7349.0,7687.0,7880.0,8006.0,8111.0,8192.0,8241.0,8299.0,,,,,,,,,
Malta,12.0,64.0,139.0,202.0,350.0,422.0,447.0,467.0,489.0,532.0,600.0,616.0,625.0,645.0,663.0,670.0,672.0,674.0,674.0,686.0,824.0,995.0,1276.0,1546.0,1820.0,1984.0,2247.0,2634.0,2929.0,3139.0,3581.0,4282.0,5258.0,5942.0,6893.0,7796.0,8681.0,9501.0,10320.0,10980.0,11569.0,12112.0,12909.0,13967.0,15272.0,16423.0,17585.0,18442.0,19497.0,20563.0,20892.0,,,,,,
Ilhas Marshall,2.0,2.0,4.0,4.0,4.0,4.0,4.0,4.0,4.0,4.0,4.0,4.0,4.0,4.0,4.0,4.0,4.0,,,,,,,,,,,,,,,,,,,,,,,,,,,,,,,,,,,,,,,,
Mauritânia,2.0,3.0,6.0,7.0,7.0,7.0,8.0,8.0,29.0,200.0,423.0,883.0,1572.0,2621.0,3907.0,4705.0,5203.0,5710.0,6116.0,6310.0,6498.0,6676.0,6885.0,7012.0,7126.0,7266.0,7361.0,7457.0,7511.0,7548.0,7603.0,7662.0,7700.0,7804.0,7932.0,8075.0,8424.0,9181.0,10501.0,12046.0,13264.0,14581.0,15352.0,15963.0,16322.0,16576.0,16777.0,16954.0,17071.0,17095.0,,,,,,,
Ilhas Maurício,42.0,143.0,268.0,324.0,328.0,334.0,332.0,332.0,332.0,334.0,335.0,337.0,337.0,340.0,341.0,342.0,342.0,343.0,344.0,344.0,344.0,346.0,348.0,356.0,361.0,365.0,367.0,367.0,395.0,407.0,419.0,439.0,451.0,453.0,491.0,494.0,505.0,515.0,524.0,526.0,527.0,531.0,546.0,556.0,568.0,583.0,594.0,603.0,603.0,,,,,,,,
México,5.0,12.0,164.0,585.0,1510.0,3441.0,6297.0,11633.0,19224.0,29616.0,42595.0,59567.0,81400.0,105680.0,133974.0,165455.0,202951.0,238511.0,282283.0,324041.0,370712.0,416179.0,462690.0,505751.0,543806.0,579914.0,616894.0,652364.0,684113.0,715457.0,748315.0,804488.0,834910.0,874171.0,912811.0,949197.0,991835.0,1019543.0,1078594.0,1144643.0,1217126.0,1289298.0,1362564.0,1426094.0,1493569.0,1588369.0,1711283.0,1825519.0,1886245.0,1968566.0,2022662.0,2041380.0,,,,,
Estados Federados da Micronésia,1.0,1.0,1.0,1.0,1.0,,,,,,,,,,,,,,,,,,,,,,,,,,,,,,,,,,,,,,,,,,,,,,,,,,,,
Moldávia,12.0,80.0,231.0,752.0,1560.0,2378.0,3304.0,4052.0,4867.0,5934.0,6994.0,8098.0,9511.0,11459.0,13953.0,16080.0,17672.0,19208.0,20794.0,22828.0,25113.0,27443.0,29905.0,33072.0,36404.0,39473.0,42714.0,46336.0,50534.0,55888.0,61762.0,66652.0,71089.0,76040.0,81675.0,88772.0,96689.0,105852.0,115557.0,125723.0,134578.0,140996.0,145694.0,149093.0,152640.0,155937.0,159513.0,164243.0,169805.0,176245.0,176752.0,,,,,,
Mónaco,1.0,2.0,11.0,42.0,64.0,90.0,94.0,94.0,95.0,95.0,96.0,97.0,98.0,99.0,99.0,99.0,102.0,106.0,108.0,109.0,116.0,120.0,128.0,146.0,154.0,154.0,154.0,168.0,191.0,208.0,221.0,233.0,255.0,295.0,355.0,454.0,540.0,577.0,603.0,630.0,659.0,715.0,789.0,885.0,1041.0,1169.0,1311.0,1430.0,1625.0,1752.0,1844.0,1870.0,,,,,
Mongólia,1.0,10.0,12.0,15.0,17.0,33.0,38.0,40.0,42.0,140.0,141.0,185.0,194.0,197.0,215.0,220.0,225.0,243.0,287.0,289.0,293.0,293.0,298.0,298.0,304.0,310.0,311.0,313.0,313.0,315.0,320.0,326.0,340.0,350.0,368.0,434.0,672.0,801.0,888.0,917.0,1006.0,1175.0,1308.0,1456.0,1536.0,1656.0,1832.0,2120.0,2416.0,2693.0,,,,,,,
Montenegro,27.0,91.0,233.0,274.0,312.0,321.0,323.0,324.0,324.0,324.0,324.0,324.0,326.0,367.0,501.0,841.0,1287.0,2188.0,2893.0,3301.0,3696.0,4085.0,4378.0,4835.0,5659.0,6900.0,8842.0,10441.0,12359.0,14050.0,15760.0,16909.0,19210.0,23608.0,27773.0,31618.0,35265.0,38562.0,41803.0,44284.0,46969.0,49630.0,52819.0,55803.0,58697.0,61972.0,65657.0,69294.0,71995.0,,,,,,,,
Marrocos,2.0,28.0,115.0,479.0,1021.0,1661.0,2855.0,4065.0,4903.0,6063.0,6870.0,7433.0,7807.0,8224.0,8793.0,9977.0,12052.0,14215.0,15745.0,17236.0,20278.0,25537.0,33237.0,42489.0,52349.0,61399.0,72394.0,86686.0,101743.0,117685.0,133272.0,152404.0,173632.0,197481.0,222544.0,256781.0,293177.0,324941.0,353803.0,379657.0,399609.0,417125.0,432079.0,443146.0,452532.0,459671.0,466289.0,471157.0,475355.0,478474.0,481155.0,,,,,,
Moçambique,8.0,10.0,20.0,35.0,70.0,79.0,87.0,129.0,168.0,244.0,409.0,553.0,688.0,839.0,969.0,1135.0,1435.0,1616.0,1907.0,2241.0,2791.0,3304.0,3760.0,4341.0,5040.0,6537.0,7757.0,9049.0,9844.0,10707.0,11895.0,12869.0,13577.0,14340.0,14981.0,15586.0,16133.0,16812.0,17477.0,18162.0,18968.0,21361.0,25862.0,31628.0,37705.0,44112.0,49135.0,54968.0,55643.0,,,,,,,,
Namíbia,3.0,8.0,14.0,16.0,16.0,16.0,16.0,16.0,16.0,19.0,23.0,25.0,31.0,45.0,121.0,350.0,668.0,1078.0,1618.0,2129.0,2802.0,3726.0,5227.0,6906.0,8323.0,9437.0,10207.0,10835.0,11480.0,11829.0,12215.0,12501.0,12907.0,13143.0,13372.0,13712.0,14207.0,14804.0,16097.0,18041.0,21262.0,24545.0,27255.0,29889.0,31848.0,33696.0,34615.0,35554.0,36993.0,37483.0,,,,,,,
Nepal,1.0,1.0,1.0,1.0,1.0,1.0,1.0,1.0,4.0,6.0,9.0,30.0,49.0,59.0,102.0,267.0,516.0,1212.0,2912.0,5062.0,8274.0,11755.0,15259.0,16649.0,17445.0,18374.0,19771.0,22214.0,25551.0,30483.0,36456.0,44236.0,51919.0,61593.0,70614.0,82450.0,100676.0,126137.0,153008.0,168235.0,188883.0,206353.0,216965.0,229343.0,238861.0,246694.0,252474.0,257200.0,261019.0,264159.0,266816.0,268948.0,270745.0,271707.0,272557.0,273263.0,273431.0
Países Baixos,38.0,503.0,2058.0,6438.0,13696.0,20682.0,28316.0,35032.0,38998.0,41518.0,43410.0,44647.0,45970.0,46939.0,48294.0,49412.0,50012.0,50545.0,50959.0,51471.0,52475.0,53895.0,56750.0,61718.0,66218.0,70382.0,74660.0,81085.0,90425.0,105304.0,125988.0,155465.0,201942.0,259207.0,326308.0,390120.0,431696.0,468900.0,506557.0,541238.0,586643.0,650072.0,731902.0,798592.0,853060.0,901740.0,940106.0,974972.0,1003010.0,1027023.0,1052544.0,1071223.0,,,,,
Nova Zelândia,3.0,5.0,28.0,283.0,797.0,1239.0,1401.0,1456.0,1479.0,1490.0,1498.0,1504.0,1504.0,1504.0,1504.0,1507.0,1520.0,1530.0,1542.0,1549.0,1556.0,1560.0,1569.0,1602.0,1665.0,1714.0,1764.0,1793.0,1809.0,1829.0,1848.0,1866.0,1880.0,1923.0,1950.0,1974.0,1995.0,2013.0,2047.0,2069.0,2092.0,2110.0,2128.0,2162.0,2188.0,2246.0,2276.0,2305.0,2315.0,2326.0,2348.0,2357.0,,,,,
Nicarágua,2.0,5.0,6.0,9.0,10.0,13.0,16.0,25.0,254.0,759.0,1118.0,1464.0,1823.0,2170.0,2519.0,2846.0,3147.0,3439.0,3672.0,3902.0,4115.0,4311.0,4494.0,4668.0,4818.0,4961.0,5073.0,5170.0,5264.0,5353.0,5434.0,5514.0,5514.0,5661.0,5725.0,5784.0,5838.0,5887.0,5938.0,5991.0,6046.0,6097.0,6152.0,6204.0,6253.0,6299.0,6347.0,6398.0,6398.0,,,,,,,,
Níger,10.0,98.0,410.0,584.0,671.0,719.0,781.0,876.0,924.0,955.0,963.0,974.0,1020.0,1056.0,1081.0,1097.0,1102.0,1124.0,1136.0,1153.0,1161.0,1169.0,1173.0,1177.0,1178.0,1183.0,1194.0,1197.0,1201.0,1207.0,1215.0,1219.0,1226.0,1282.0,1335.0,1443.0,1640.0,2126.0,2506.0,2933.0,3323.0,3706.0,4058.0,4267.0,4474.0,4575.0,4665.0,4718.0,4733.0,,,,,,,,
Nigéria,1.0,2.0,8.0,65.0,184.0,288.0,442.0,981.0,1932.0,3526.0,5162.0,7016.0,8915.0,11516.0,14554.0,18480.0,22614.0,27110.0,30748.0,34854.0,38948.0,42689.0,45244.0,48116.0,50964.0,53317.0,54588.0,55829.0,56735.0,57849.0,59001.0,59841.0,60982.0,61805.0,62521.0,63508.0,64728.0,65839.0,66974.0,68303.0,71344.0,76207.0,81963.0,87607.0,95934.0,105478.0,116655.0,127024.0,136030.0,143516.0,150246.0,152074.0,,,,,
Macedônia do Norte,1.0,7.0,26.0,148.0,329.0,599.0,908.0,1231.0,1421.0,1526.0,1674.0,1839.0,2014.0,2391.0,3239.0,4299.0,5311.0,6334.0,7244.0,8332.0,9412.0,10315.0,11202.0,12083.0,12970.0,13799.0,14455.0,15226.0,15925.0,16867.0,17786.0,19096.0,21193.0,24196.0,27827.0,33908.0,41222.0,48613.0,56164.0,62945.0,69452.0,74732.0,79190.0,82301.0,84709.0,87117.0,89392.0,91161.0,93160.0,95347.0,97456.0,99285.0,,,,,
Noruega,32.0,400.0,1463.0,2863.0,4641.0,6086.0,6623.0,7191.0,7660.0,7955.0,8157.0,8267.0,8383.0,8455.0,8576.0,8660.0,8772.0,8879.0,8947.0,9001.0,9053.0,9150.0,9362.0,9751.0,10111.0,10454.0,10871.0,11623.0,12393.0,13153.0,13915.0,14784.0,15793.0,16772.0,18666.0,21956.0,25887.0,30114.0,33717.0,36591.0,39163.0,41852.0,44932.0,48278.0,52180.0,56615.0,59456.0,61594.0,63553.0,65338.0,67140.0,68532.0,,,,,
Omã,6.0,16.0,22.0,55.0,167.0,298.0,599.0,1266.0,1998.0,2568.0,3399.0,5186.0,7770.0,11437.0,16882.0,23481.0,29471.0,38150.0,46178.0,56015.0,66661.0,76005.0,79159.0,81580.0,83086.0,83769.0,85544.0,87072.0,89746.0,93475.0,97450.0,101270.0,105890.0,109953.0,112932.0,115734.0,118140.0,120389.0,122081.0,123484.0,124886.0,126240.0,127667.0,128472.0,129404.0,130608.0,131790.0,133044.0,134326.0,135674.0,137306.0,139362.0,,,,,
Paquistão,5.0,16.0,236.0,972.0,1938.0,4035.0,5837.0,9565.0,14612.0,22049.0,34336.0,43966.0,57705.0,76398.0,108317.0,148921.0,185034.0,209337.0,234509.0,253604.0,266096.0,274289.0,280461.0,284660.0,289215.0,293261.0,295849.0,299233.0,302424.0,306886.0,311516.0,315727.0,319848.0,324034.0,329375.0,336260.0,346476.0,361082.0,379883.0,400482.0,423179.0,443246.0,460672.0,475085.0,490476.0,506701.0,523011.0,535914.0,547648.0,556519.0,564077.0,572334.0,,,,,
Panamá,55.0,345.0,989.0,1988.0,3400.0,4467.0,6021.0,7197.0,8616.0,9726.0,11183.0,13837.0,16854.0,21422.0,26752.0,32785.0,39334.0,47173.0,54426.0,61442.0,68456.0,75394.0,82543.0,87485.0,92982.0,97578.0,102204.0,106810.0,111277.0,115919.0,120802.0,125181.0,129751.0,134915.0,140331.0,147667.0,155658.0,165806.0,179230.0,194619.0,214038.0,233705.0,256230.0,281353.0,299361.0,312158.0,321103.0,327654.0,332679.0,336521.0,,,,,,,
Papua-Nova Guiné,1.0,1.0,2.0,7.0,8.0,8.0,8.0,8.0,8.0,8.0,8.0,8.0,8.0,10.0,11.0,11.0,11.0,31.0,63.0,163.0,287.0,361.0,424.0,471.0,507.0,516.0,531.0,539.0,549.0,578.0,583.0,589.0,597.0,599.0,604.0,645.0,671.0,684.0,760.0,780.0,780.0,799.0,834.0,835.0,851.0,867.0,914.0,955.0,970.0,,,,,,,,
Paraguai,6.0,18.0,56.0,96.0,133.0,202.0,228.0,370.0,689.0,778.0,850.0,964.0,1090.0,1261.0,1362.0,1942.0,2385.0,2820.0,3629.0,4328.0,5485.0,6705.0,9381.0,12974.0,16474.0,21871.0,27324.0,33015.0,37922.0,43452.0,48978.0,54015.0,59043.0,63185.0,66941.0,71065.0,75857.0,81131.0,87213.0,92913.0,99157.0,104162.0,108718.0,115026.0,121648.0,127081.0,132548.0,137603.0,143443.0,150731.0,151718.0,,,,,,
Peru,15.0,234.0,580.0,1414.0,5256.0,12491.0,20914.0,36976.0,58526.0,80604.0,108769.0,141779.0,183198.0,214788.0,244388.0,268602.0,292004.0,316448.0,341586.0,371096.0,400683.0,455409.0,498555.0,558420.0,613378.0,657129.0,702776.0,744400.0,782695.0,814829.0,835662.0,859740.0,879876.0,894928.0,914722.0,928006.0,939931.0,952439.0,967075.0,979111.0,989457.0,1000153.0,1015137.0,1022018.0,1040231.0,1073214.0,1113970.0,1158337.0,1203502.0,1252137.0,1283309.0,,,,,,
Filipinas,2.0,3.0,3.0,3.0,3.0,49.0,202.0,636.0,2311.0,3870.0,5453.0,6710.0,8212.0,10004.0,11618.0,13221.0,15049.0,19748.0,23732.0,27238.0,32295.0,38511.0,50359.0,58850.0,72269.0,85486.0,115980.0,143749.0,173774.0,202361.0,226440.0,245143.0,272934.0,294591.0,311694.0,329637.0,346536.0,362243.0,375180.0,388137.0,401416.0,412097.0,422915.0,434357.0,444164.0,452988.0,464004.0,472532.0,480737.0,492700.0,505939.0,518407.0,530118.0,541560.0,553424.0,561169.0,
Polónia,22.0,238.0,901.0,2311.0,4848.0,7202.0,9856.0,12218.0,14431.0,16921.0,19268.0,22074.0,24395.0,27560.0,30195.0,32527.0,34393.0,36412.0,38457.0,40782.0,43904.0,48149.0,52961.0,57876.0,63073.0,67922.0,71526.0,75134.0,80699.0,89962.0,104316.0,135278.0,192539.0,280229.0,414844.0,593592.0,752940.0,909066.0,999924.0,1076180.0,1147446.0,1214525.0,1268634.0,1330543.0,1395779.0,1443804.0,1482722.0,1520215.0,1556685.0,1596673.0,1638767.0,,,,,,
Portugal,30.0,245.0,1600.0,5962.0,11278.0,16585.0,20206.0,23864.0,25351.0,27581.0,29036.0,30623.0,32500.0,34693.0,36690.0,39133.0,41646.0,43897.0,46512.0,48636.0,50164.0,51463.0,52668.0,54102.0,55597.0,57768.0,60258.0,63983.0,68577.0,73604.0,79151.0,86664.0,99911.0,118686.0,144341.0,179324.0,217301.0,260758.0,294799.0,322474.0,348744.0,374121.0,394573.0,427254.0,483689.0,549801.0,636190.0,720516.0,765414.0,785756.0,797525.0,,,,,,
Catar,8.0,320.0,470.0,562.0,1075.0,2512.0,4663.0,8525.0,14096.0,20201.0,29425.0,40481.0,52907.0,65495.0,76588.0,85462.0,92784.0,98653.0,102630.0,105898.0,108638.0,110695.0,112383.0,114532.0,116481.0,118196.0,119637.0,121287.0,122917.0,124650.0,126164.0,127600.0,128992.0,130711.0,132343.0,133811.0,135367.0,136888.0,138250.0,139643.0,140680.0,141716.0,142734.0,144042.0,145466.0,146885.0,148521.0,150621.0,153296.0,156351.0,159518.0,160426.0,,,,,
Roménia,3.0,25.0,184.0,794.0,2245.0,4417.0,6879.0,9242.0,11616.0,13837.0,15778.0,17191.0,18429.0,19517.0,20749.0,22415.0,24505.0,26970.0,29620.0,33585.0,39133.0,47053.0,55241.0,63762.0,72208.0,80390.0,88593.0,97033.0,105298.0,114648.0,125414.0,139612.0,160461.0,186254.0,217216.0,258437.0,314295.0,373474.0,430605.0,479634.0,524675.0,565758.0,598792.0,623066.0,648288.0,676968.0,697898.0,715438.0,732732.0,749434.0,765970.0,779695.0,,,,,
Rússia,2.0,2.0,2.0,2.0,4.0,28.0,199.0,840.0,3548.0,10131.0,27938.0,62773.0,106498.0,177160.0,252245.0,317554.0,379051.0,440538.0,501800.0,560321.0,613148.0,660231.0,706240.0,751612.0,793720.0,832993.0,870187.0,905762.0,939833.0,972972.0,1006923.0,1042836.0,1081152.0,1123976.0,1179634.0,1253603.0,1346380.0,1453923.0,1570446.0,1699695.0,1843678.0,1998966.0,2169424.0,2354934.0,2546113.0,2736727.0,2934695.0,3127347.0,3297833.0,3459237.0,3616680.0,3752548.0,3874830.0,3983031.0,4079407.0,4117992.0,
Ruanda,17.0,54.0,89.0,118.0,143.0,176.0,249.0,273.0,287.0,321.0,355.0,420.0,510.0,661.0,858.0,1081.0,1252.0,1485.0,1729.0,2022.0,2128.0,2293.0,2780.0,3742.0,4304.0,4534.0,4671.0,4798.0,4847.0,4890.0,4965.0,5052.0,5134.0,5208.0,5362.0,5586.0,5872.0,6043.0,6428.0,7105.0,7743.0,8460.0,9368.0,10573.0,12443.0,14784.0,16186.0,17200.0,17929.0,18053.0,,,,,,,
São Cristóvão e Névis,8.0,11.0,14.0,15.0,15.0,15.0,15.0,15.0,15.0,15.0,15.0,15.0,15.0,15.0,16.0,17.0,17.0,17.0,17.0,17.0,17.0,17.0,17.0,17.0,17.0,19.0,19.0,19.0,19.0,19.0,19.0,19.0,19.0,19.0,22.0,22.0,25.0,28.0,30.0,32.0,33.0,34.0,35.0,37.0,39.0,40.0,41.0,41.0,,,,,,,,,
Santa Lúcia,2.0,3.0,13.0,15.0,15.0,15.0,17.0,18.0,18.0,18.0,18.0,19.0,19.0,19.0,19.0,22.0,22.0,23.0,24.0,25.0,25.0,25.0,26.0,26.0,26.0,27.0,27.0,27.0,27.0,28.0,32.0,48.0,78.0,110.0,156.0,203.0,246.0,262.0,274.0,280.0,305.0,353.0,395.0,576.0,755.0,1195.0,1556.0,2487.0,2620.0,3078.0,,,,,,,
São Vicente e Granadinas,1.0,1.0,3.0,12.0,12.0,14.0,16.0,17.0,17.0,18.0,26.0,26.0,27.0,29.0,29.0,29.0,29.0,35.0,52.0,54.0,56.0,57.0,58.0,60.0,61.0,64.0,64.0,64.0,64.0,64.0,65.0,73.0,74.0,76.0,78.0,84.0,85.0,87.0,94.0,100.0,108.0,121.0,149.0,450.0,690.0,896.0,1170.0,1370.0,1494.0,1503.0,,,,,,,
Samoa,1.0,2.0,2.0,2.0,2.0,2.0,2.0,2.0,2.0,2.0,2.0,2.0,3.0,3.0,,,,,,,,,,,,,,,,,,,,,,,,,,,,,,,,,,,,,,,,,,,
San Marino,16.0,62.0,119.0,208.0,236.0,279.0,372.0,488.0,563.0,608.0,643.0,656.0,667.0,674.0,691.0,696.0,698.0,698.0,698.0,699.0,699.0,699.0,699.0,699.0,704.0,710.0,735.0,735.0,723.0,723.0,732.0,732.0,741.0,774.0,852.0,994.0,1190.0,1358.0,1492.0,1687.0,1834.0,2025.0,2205.0,2384.0,2549.0,2723.0,2815.0,2941.0,3094.0,3213.0,3394.0,3472.0,,,,,
São Tomé e Príncipe,4.0,4.0,4.0,16.0,208.0,235.0,251.0,483.0,513.0,661.0,698.0,713.0,720.0,729.0,746.0,863.0,874.0,878.0,885.0,892.0,896.0,898.0,906.0,908.0,911.0,913.0,929.0,933.0,940.0,949.0,962.0,965.0,979.0,989.0,999.0,1009.0,1012.0,1014.0,1024.0,1066.0,1142.0,1188.0,1257.0,1351.0,1482.0,1610.0,,,,,,,,,,,
Arábia Saudita,11.0,103.0,511.0,1299.0,2402.0,4462.0,9362.0,17522.0,27011.0,39048.0,54752.0,72560.0,85261.0,101914.0,127541.0,157612.0,182493.0,209509.0,232259.0,250920.0,266941.0,278835.0,288690.0,298542.0,307479.0,314821.0,320688.0,325651.0,329754.0,333193.0,336387.0,339267.0,342202.0,344875.0,347656.0,350592.0,353255.0,355258.0,357128.0,358713.0,359888.0,361010.0,362220.0,363061.0,363809.0,364929.0,366371.0,368074.0,370278.0,372732.0,375006.0,,,,,,
Senegal,4.0,24.0,67.0,142.0,222.0,280.0,367.0,671.0,1182.0,1709.0,2480.0,3047.0,3645.0,4328.0,5090.0,5888.0,6586.0,7400.0,8135.0,8810.0,9681.0,10344.0,11175.0,12162.0,12949.0,13556.0,13987.0,14280.0,14714.0,14909.0,15094.0,15268.0,15418.0,15551.0,15630.0,15708.0,15793.0,15882.0,16075.0,16477.0,17075.0,17758.0,18609.0,19697.0,21245.0,23028.0,24727.0,26523.0,28760.0,31007.0,32927.0,,,,,,
Sérvia,19.0,103.0,384.0,1171.0,2867.0,5318.0,7276.0,9009.0,9848.0,10374.0,10919.0,11300.0,11571.0,12102.0,12616.0,13372.0,15195.0,17342.0,19717.0,22443.0,25213.0,27332.0,28998.0,30209.0,31099.0,31676.0,32136.0,32695.0,33163.0,33662.0,34344.0,35454.0,37536.0,43592.0,55676.0,73765.0,104097.0,148214.0,199158.0,249224.0,287730.0,316344.0,337923.0,353907.0,368072.0,379093.0,390637.0,402700.0,415943.0,429048.0,436640.0,,,,,,
Seychelles,7.0,7.0,10.0,11.0,11.0,11.0,11.0,11.0,11.0,11.0,11.0,11.0,11.0,11.0,11.0,81.0,100.0,108.0,108.0,114.0,126.0,127.0,132.0,136.0,136.0,138.0,141.0,143.0,145.0,148.0,149.0,153.0,153.0,158.0,160.0,163.0,173.0,184.0,187.0,202.0,205.0,256.0,451.0,656.0,972.0,1162.0,1289.0,1802.0,2305.0,2401.0,,,,,,,
Serra Leoa,6.0,10.0,43.0,93.0,178.0,338.0,519.0,735.0,865.0,1001.0,1176.0,1340.0,1450.0,1547.0,1642.0,1711.0,1783.0,1848.0,1917.0,1956.0,1997.0,2022.0,2055.0,2111.0,2168.0,2215.0,2269.0,2306.0,2331.0,2346.0,2366.0,2385.0,2391.0,2406.0,2412.0,2428.0,2445.0,2509.0,2560.0,2673.0,2846.0,3014.0,3173.0,3634.0,3789.0,3823.0,3855.0,,,,,,,,,,
Singapura,7.0,28.0,50.0,84.0,93.0,110.0,178.0,313.0,631.0,1000.0,1623.0,3699.0,10141.0,15641.0,20198.0,25346.0,29364.0,32876.0,36405.0,38965.0,41216.0,42623.0,44122.0,45298.0,46878.0,48744.0,51531.0,54254.0,55395.0,56031.0,56495.0,56860.0,57166.0,57514.0,57639.0,57765.0,57840.0,57889.0,57933.0,57987.0,58036.0,58091.0,58135.0,58190.0,58230.0,58291.0,58353.0,58482.0,58569.0,58780.0,58984.0,59197.0,59391.0,59602.0,59747.0,59821.0,59869.0
Eslováquia,16.0,123.0,226.0,426.0,701.0,977.0,1325.0,1396.0,1445.0,1477.0,1502.0,1520.0,1526.0,1541.0,1562.0,1630.0,1700.0,1851.0,1951.0,2089.0,2265.0,2480.0,2739.0,3102.0,3626.0,4163.0,5066.0,6021.0,7629.0,10938.0,15726.0,24225.0,35330.0,51728.0,68734.0,81772.0,91578.0,101257.0,111208.0,124921.0,142133.0,161562.0,179543.0,198184.0,217978.0,231242.0,243427.0,256903.0,271473.0,285419.0,292143.0,,,,,,
Eslovénia,57.0,275.0,528.0,841.0,1091.0,1248.0,1353.0,1418.0,1448.0,1463.0,1468.0,1471.0,1477.0,1488.0,1503.0,1541.0,1613.0,1763.0,1878.0,2006.0,2115.0,2208.0,2303.0,2493.0,2722.0,2979.0,3312.0,3954.0,4694.0,5690.0,7120.0,9938.0,15982.0,28215.0,39408.0,48939.0,58964.0,69306.0,79566.0,90075.0,100401.0,109934.0,119740.0,131724.0,143679.0,152851.0,161662.0,170101.0,175795.0,181606.0,184767.0,,,,,,
Ilhas Salomão,3.0,4.0,8.0,13.0,16.0,16.0,17.0,17.0,17.0,17.0,17.0,17.0,17.0,17.0,17.0,17.0,17.0,18.0,18.0,,,,,,,,,,,,,,,,,,,,,,,,,,,,,,,,,,,,,,
Somália,1.0,3.0,7.0,25.0,164.0,436.0,722.0,1054.0,1421.0,1594.0,1976.0,2334.0,2618.0,2779.0,2894.0,2997.0,3059.0,3119.0,3178.0,3220.0,3227.0,3256.0,3269.0,3310.0,3362.0,3389.0,3442.0,3588.0,3745.0,3864.0,3864.0,3941.0,3941.0,4229.0,4301.0,4445.0,4451.0,4525.0,4579.0,4662.0,4690.0,4714.0,4726.0,4744.0,4754.0,4784.0,4862.0,5183.0,6017.0,,,,,,,,
África do Sul,13.0,116.0,709.0,1380.0,1845.0,2506.0,3635.0,5350.0,7808.0,12074.0,18003.0,25937.0,37525.0,55421.0,80412.0,111796.0,159333.0,224665.0,311049.0,394948.0,471123.0,529877.0,568919.0,596060.0,615701.0,630595.0,642431.0,653444.0,665188.0,674339.0,685155.0,696414.0,708359.0,719714.0,730548.0,742394.0,757144.0,775502.0,796472.0,828598.0,883687.0,954258.0,1039161.0,1149591.0,1278303.0,1369426.0,1430648.0,1463016.0,1482412.0,1496439.0,1503796.0,,,,,,
Sudão do Sul,4.0,4.0,5.0,45.0,120.0,236.0,655.0,994.0,994.0,1693.0,1882.0,1942.0,2021.0,2021.0,2191.0,2258.0,2352.0,2463.0,2488.0,2497.0,2519.0,2544.0,2578.0,2642.0,2676.0,2715.0,2761.0,2817.0,2878.0,2905.0,2943.0,3003.0,3047.0,3104.0,3166.0,3206.0,3228.0,3455.0,3558.0,3589.0,3670.0,3788.0,3929.0,4355.0,5310.0,6417.0,6583.0,,,,,,,,,,
Espanha,1.0,2.0,2.0,32.0,400.0,5232.0,20410.0,65719.0,119199.0,158273.0,190839.0,213024.0,215216.0,222857.0,230183.0,234824.0,238564.0,240978.0,243209.0,245575.0,247905.0,250545.0,253908.0,260255.0,272421.0,288522.0,314362.0,342813.0,386054.0,439286.0,498989.0,566326.0,640040.0,716481.0,789932.0,861112.0,936560.0,1046132.0,1185678.0,1328832.0,1458591.0,1556730.0,1628208.0,1684647.0,1730575.0,1797236.0,1854951.0,1928265.0,2050360.0,2252164.0,2499560.0,2743119.0,2941990.0,3056035.0,3133122.0,3133122.0,
Sri Lanka,1.0,1.0,1.0,1.0,1.0,1.0,18.0,82.0,117.0,176.0,210.0,271.0,523.0,718.0,863.0,981.0,1141.0,1633.0,1835.0,1889.0,1950.0,2037.0,2076.0,2617.0,2724.0,2782.0,2823.0,2844.0,2893.0,2953.0,3012.0,3123.0,3234.0,3287.0,3360.0,3402.0,4752.0,5538.0,7872.0,11060.0,13929.0,17287.0,20171.0,23484.0,27877.0,32790.0,37261.0,41054.0,44774.0,48380.0,53062.0,58430.0,64157.0,69348.0,75654.0,79999.0,
Sudão,1.0,3.0,10.0,15.0,32.0,174.0,442.0,930.0,1964.0,3138.0,4346.0,5714.0,6730.0,8020.0,8982.0,9689.0,10204.0,10527.0,11302.0,11579.0,11894.0,12211.0,12682.0,13189.0,13189.0,13516.0,13555.0,13604.0,13657.0,13673.0,13700.0,13733.0,13804.0,14033.0,14498.0,15839.0,17404.0,19196.0,21147.0,22823.0,24341.0,25730.0,26279.0,28097.0,28522.0,29291.0,29634.0,29933.0,30128.0,30128.0,,,,,,,
Suriname,4.0,8.0,10.0,10.0,10.0,10.0,10.0,10.0,10.0,11.0,12.0,90.0,187.0,293.0,389.0,561.0,726.0,943.0,1305.0,1650.0,2203.0,2838.0,3460.0,3848.0,4252.0,4529.0,4691.0,4817.0,4899.0,5018.0,5113.0,5155.0,5201.0,5227.0,5268.0,5289.0,5311.0,5322.0,5339.0,5459.0,5880.0,6277.0,6854.0,7409.0,7945.0,8364.0,8619.0,8778.0,8854.0,8868.0,,,,,,,
Suécia,1.0,1.0,1.0,11.0,146.0,923.0,1733.0,3363.0,6475.0,10053.0,13743.0,18090.0,22133.0,26059.0,30103.0,33768.0,37964.0,43441.0,50367.0,57895.0,65212.0,69996.0,72459.0,74235.0,75681.0,77076.0,79099.0,81195.0,82954.0,83958.0,84985.0,86505.0,88237.0,90923.0,94283.0,98451.0,103200.0,110594.0,124355.0,146461.0,177355.0,208295.0,243129.0,278912.0,320098.0,367120.0,396048.0,437379.0,489471.0,523486.0,547166.0,566957.0,588062.0,608411.0,631166.0,631166.0,
Suíça,42.0,374.0,2200.0,8795.0,15922.0,21657.0,25688.0,27944.0,29164.0,29981.0,30344.0,30597.0,30746.0,30871.0,30972.0,31131.0,31310.0,31652.0,32315.0,32946.0,33634.0,34477.0,35616.0,36708.0,38252.0,40060.0,42177.0,44592.0,47436.0,50378.0,52646.0,55932.0,64436.0,83159.0,121093.0,176177.0,229222.0,269974.0,300352.0,327072.0,354306.0,384557.0,413991.0,438284.0,461961.0,484506.0,499931.0,513599.0,525095.0,535153.0,543207.0,547775.0,,,,,
Síria,5.0,16.0,25.0,38.0,42.0,44.0,47.0,51.0,70.0,122.0,125.0,170.0,198.0,256.0,338.0,394.0,496.0,627.0,780.0,1125.0,1593.0,2143.0,2628.0,3104.0,3506.0,3765.0,4038.0,4329.0,4673.0,5033.0,5359.0,5728.0,6147.0,6613.0,7154.0,7715.0,8320.0,9041.0,10050.0,10932.0,11616.0,12274.0,12942.0,13557.0,13998.0,14408.0,14820.0,15143.0,15179.0,,,,,,,,
Taiwan,8.0,11.0,18.0,22.0,31.0,42.0,47.0,77.0,215.0,322.0,376.0,393.0,425.0,429.0,438.0,440.0,440.0,441.0,443.0,443.0,445.0,446.0,447.0,449.0,451.0,451.0,467.0,476.0,480.0,486.0,487.0,488.0,495.0,499.0,509.0,513.0,521.0,530.0,543.0,550.0,567.0,580.0,605.0,618.0,679.0,718.0,742.0,770.0,795.0,817.0,838.0,868.0,890.0,915.0,933.0,937.0,942.0
Tajiquistão,379.0,801.0,2140.0,3424.0,4191.0,4763.0,5221.0,5630.0,6005.0,6364.0,6695.0,7015.0,7320.0,7625.0,7912.0,8166.0,8413.0,8654.0,8899.0,9171.0,9475.0,9769.0,10055.0,10336.0,10613.0,10900.0,11180.0,11456.0,11731.0,12008.0,12269.0,12551.0,12815.0,13071.0,13296.0,13305.0,13308.0,13308.0,13308.0,13308.0,13308.0,13308.0,13308.0,,,,,,,,,,,,,,
Tanzânia,12.0,14.0,22.0,32.0,170.0,299.0,480.0,509.0,509.0,509.0,509.0,509.0,509.0,509.0,509.0,509.0,509.0,509.0,509.0,509.0,509.0,509.0,509.0,509.0,509.0,509.0,509.0,509.0,509.0,509.0,509.0,509.0,509.0,509.0,509.0,509.0,509.0,509.0,509.0,509.0,509.0,509.0,509.0,509.0,509.0,509.0,509.0,509.0,509.0,,,,,,,,
Tailândia,14.0,25.0,33.0,35.0,37.0,43.0,53.0,177.0,827.0,1651.0,2258.0,2613.0,2811.0,2938.0,2988.0,3017.0,3033.0,3045.0,3083.0,3121.0,3135.0,3156.0,3171.0,3195.0,3227.0,3255.0,3297.0,3321.0,3351.0,3381.0,3402.0,3417.0,3446.0,3480.0,3514.0,3564.0,3615.0,3652.0,3709.0,3759.0,3804.0,3847.0,3880.0,3926.0,4026.0,4151.0,4261.0,5762.0,6690.0,9331.0,10991.0,12653.0,14646.0,21249.0,23746.0,24786.0,25504.0
Timor-Leste,1.0,1.0,2.0,18.0,24.0,24.0,24.0,24.0,24.0,24.0,24.0,24.0,24.0,24.0,24.0,24.0,24.0,24.0,24.0,25.0,25.0,26.0,27.0,27.0,27.0,27.0,27.0,28.0,28.0,29.0,29.0,30.0,30.0,30.0,30.0,30.0,31.0,31.0,31.0,41.0,44.0,49.0,52.0,64.0,70.0,80.0,101.0,103.0,103.0,,,,,,,,
Togo,1.0,1.0,23.0,39.0,73.0,81.0,88.0,116.0,135.0,238.0,354.0,422.0,465.0,524.0,547.0,588.0,667.0,704.0,749.0,828.0,908.0,1012.0,1104.0,1212.0,1326.0,1443.0,1537.0,1618.0,1707.0,1809.0,1907.0,1996.0,2139.0,2296.0,2442.0,2605.0,2771.0,2904.0,3039.0,3182.0,3330.0,3520.0,3633.0,3845.0,4165.0,4505.0,4922.0,5290.0,5687.0,6085.0,6319.0,,,,,,
Trinidad e Tobago,9.0,66.0,98.0,109.0,114.0,115.0,116.0,116.0,116.0,116.0,116.0,117.0,117.0,123.0,124.0,130.0,133.0,136.0,142.0,169.0,225.0,426.0,864.0,1554.0,2040.0,2825.0,3651.0,4277.0,4629.0,5021.0,5241.0,5487.0,5668.0,5798.0,5980.0,6261.0,6586.0,6735.0,6852.0,6955.0,7097.0,7158.0,7219.0,7343.0,7456.0,7533.0,7607.0,7637.0,7666.0,7680.0,,,,,,,
Tunísia,5.0,24.0,114.0,394.0,623.0,747.0,884.0,975.0,1022.0,1032.0,1044.0,1051.0,1086.0,1087.0,1125.0,1159.0,1174.0,1205.0,1306.0,1389.0,1468.0,1584.0,1738.0,2314.0,3069.0,3963.0,5417.0,7623.0,11260.0,17405.0,22230.0,32556.0,44450.0,52399.0,63126.0,72993.0,81723.0,90213.0,96769.0,105445.0,113241.0,123323.0,134802.0,147061.0,164936.0,184483.0,200662.0,211412.0,218564.0,224329.0,228362.0,,,,,,
Turquia,47.0,1872.0,13531.0,34109.0,65111.0,95591.0,114653.0,129491.0,141475.0,151615.0,158762.0,165555.0,172114.0,181298.0,190165.0,199906.0,207897.0,214993.0,221500.0,227982.0,234934.0,243180.0,251805.0,261194.0,271705.0,283270.0,294620.0,306302.0,317272.0,327557.0,338779.0,351413.0,366208.0,382118.0,399360.0,421413.0,460916.0,668957.0,893630.0,1898447.0,2062960.0,2178580.0,2270101.0,2346285.0,2399781.0,2442350.0,2492977.0,2548195.0,2602034.0,2638422.0,,,,,,,
Estados Unidos,5.0,11.0,13.0,14.0,16.0,74.0,782.0,6512.0,56755.0,192301.0,413507.0,627151.0,825429.0,1025361.0,1216208.0,1381238.0,1539130.0,1690750.0,1837651.0,1979639.0,2136391.0,2350156.0,2642081.0,3002036.0,3438038.0,3903780.0,4359003.0,4772945.0,5141430.0,5481755.0,5775618.0,6067260.0,6327884.0,6594554.0,6899723.0,7192498.0,7501009.0,7861469.0,8290408.0,8800136.0,9475561.0,10339769.0,11460242.0,12697001.0,13842652.0,15313819.0,16810792.0,18321157.0,19595354.0,21140217.0,22879069.0,24281531.0,25445778.0,26436155.0,27192663.0,27760660.0,28133699.0
Uganda,23.0,48.0,53.0,56.0,75.0,85.0,101.0,203.0,264.0,329.0,557.0,686.0,755.0,833.0,911.0,1006.0,1056.0,1089.0,1154.0,1254.0,1385.0,1848.0,2756.0,3353.0,4377.0,5594.0,7218.0,8491.0,9538.0,10334.0,11163.0,12410.0,13852.0,15402.0,17431.0,19588.0,21898.0,26369.0,30071.0,33360.0,35511.0,37296.0,38085.0,38935.0,39490.0,39789.0,39979.0,40168.0,40213.0,,,,,,,,
Ucrânia,1.0,7.0,73.0,548.0,1319.0,3102.0,5710.0,9009.0,12331.0,15648.0,18616.0,21245.0,24562.0,28077.0,32536.0,38056.0,44538.0,50053.0,55285.0,60767.0,67096.0,74781.0,83812.0,95007.0,109234.0,124132.0,141424.0,160679.0,182900.0,206579.0,236329.0,272671.0,312287.0,359348.0,414567.0,483153.0,561581.0,653442.0,752343.0,843898.0,925321.0,998678.0,1061074.0,1111631.0,1154850.0,1201894.0,1234772.0,1263833.0,1291025.0,1319060.0,1351190.0,,,,,,
Emirados Árabes Unidos,5.0,8.0,9.0,13.0,27.0,74.0,98.0,248.0,664.0,2359.0,4933.0,7755.0,11380.0,15192.0,19661.0,25063.0,31086.0,35788.0,39904.0,42982.0,45683.0,48667.0,52600.0,55573.0,57498.0,59546.0,61352.0,62966.0,64906.0,67621.0,70805.0,75098.0,80940.0,86447.0,93090.0,100794.0,108608.0,117594.0,127624.0,136149.0,144385.0,152809.0,161365.0,170149.0,178837.0,187267.0,195878.0,204369.0,216699.0,236225.0,260223.0,285147.0,309649.0,332603.0,355131.0,370425.0,
Reino Unido,9.0,17.0,22.0,44.0,295.0,1790.0,6533.0,20970.0,48718.0,82293.0,112808.0,146708.0,178771.0,204387.0,224813.0,242133.0,253854.0,263040.0,270108.0,276990.0,282512.0,285285.0,289154.0,294116.0,298731.0,303910.0,309796.0,316729.0,324203.0,332509.0,342708.0,360544.0,384087.0,418889.0,462775.0,564502.0,676455.0,813451.0,968456.0,1126469.0,1293715.0,1456940.0,1578429.0,1678418.0,1792611.0,1954268.0,2195144.0,2496231.0,2898052.0,3269757.0,3553773.0,3754448.0,3903706.0,4010376.0,4095187.0,4127574.0,
Uruguai,94.0,238.0,369.0,473.0,502.0,557.0,643.0,684.0,724.0,749.0,811.0,832.0,847.0,850.0,907.0,947.0,977.0,1026.0,1141.0,1243.0,1318.0,1409.0,1506.0,1551.0,1636.0,1759.0,1876.0,1959.0,2061.0,2226.0,2417.0,2701.0,3044.0,3309.0,3795.0,4377.0,5117.0,6455.0,8487.0,11436.0,15457.0,19119.0,23807.0,29989.0,34992.0,39887.0,43804.0,47254.0,50752.0,52815.0,,,,,,,
Uzbequistão,43.0,104.0,266.0,767.0,1490.0,1862.0,2118.0,2349.0,2738.0,3115.0,3546.0,4094.0,4966.0,6153.0,7682.0,9708.0,12513.0,16186.0,19952.0,24783.0,29652.0,34528.0,38532.0,41067.0,43293.0,46721.0,50992.0,54819.0,58238.0,60776.0,62809.0,64923.0,66932.0,68367.0,69987.0,71431.0,72718.0,73751.0,74811.0,75806.0,76666.0,77182.0,77530.0,77968.0,78317.0,78711.0,79045.0,79381.0,79632.0,79654.0,,,,,,,
Vanuatu,1.0,1.0,1.0,1.0,1.0,1.0,1.0,1.0,1.0,1.0,1.0,1.0,1.0,1.0,1.0,,,,,,,,,,,,,,,,,,,,,,,,,,,,,,,,,,,,,,,,,,
Venezuela,42.0,107.0,153.0,171.0,204.0,318.0,335.0,388.0,459.0,944.0,1370.0,2145.0,2879.0,3591.0,4779.0,6537.0,8803.0,11191.0,14263.0,18574.0,24166.0,31381.0,38219.0,43879.0,50973.0,58663.0,65174.0,71273.0,76820.0,81696.0,85758.0,88718.0,91589.0,94305.0,96441.0,99017.0,101524.0,103877.0,106715.0,109395.0,111603.0,113884.0,115667.0,118856.0,122795.0,125776.0,129231.0,132259.0,135114.0,136068.0,,,,,,,
Vietnã,2.0,8.0,15.0,16.0,16.0,16.0,38.0,75.0,141.0,218.0,251.0,267.0,268.0,270.0,271.0,288.0,324.0,327.0,328.0,332.0,335.0,352.0,355.0,369.0,381.0,408.0,459.0,717.0,883.0,994.0,1034.0,1046.0,1059.0,1063.0,1069.0,1094.0,1099.0,1122.0,1144.0,1173.0,1203.0,1252.0,1300.0,1321.0,1358.0,1381.0,1405.0,1421.0,1456.0,1505.0,1521.0,1544.0,1553.0,1948.0,2091.0,2329.0,2383.0
Cisjordânia e Faixa de Gaza,30.0,41.0,59.0,134.0,263.0,291.0,335.0,344.0,374.0,375.0,398.0,434.0,457.0,485.0,555.0,1328.0,2758.0,5029.0,7064.0,9398.0,11284.0,13065.0,15184.0,17606.0,20155.0,23875.0,27919.0,33006.0,37083.0,39899.0,42840.0,45658.0,48628.0,51948.0,56090.0,60065.0,66186.0,76727.0,90192.0,102992.0,115606.0,127376.0,136736.0,144257.0,149769.0,153590.0,156996.0,160426.0,164736.0,170527.0,173635.0,,,,,,
Iémen,1.0,1.0,6.0,25.0,85.0,193.0,278.0,453.0,591.0,909.0,1076.0,1221.0,1356.0,1552.0,1654.0,1726.0,1768.0,1847.0,1899.0,1933.0,1979.0,2003.0,2022.0,2029.0,2039.0,2050.0,2053.0,2057.0,2062.0,2063.0,2068.0,2068.0,2074.0,2077.0,2081.0,2087.0,2092.0,2099.0,2104.0,2110.0,2115.0,2120.0,2122.0,2134.0,2154.0,2165.0,,,,,,,,,,,
Zâmbia,3.0,35.0,39.0,45.0,70.0,95.0,138.0,441.0,772.0,920.0,1089.0,1200.0,1405.0,1477.0,1594.0,1895.0,1895.0,3386.0,5002.0,6793.0,8275.0,9981.0,11285.0,12381.0,12952.0,13819.0,14389.0,14715.0,15170.0,15587.0,15982.0,16243.0,16661.0,16997.0,17243.0,17466.0,17665.0,17963.0,18428.0,18881.0,20177.0,22645.0,29757.0,39515.0,47622.0,56233.0,64610.0,70823.0,74503.0,,,,,,,,
Zimbábue,3.0,9.0,11.0,23.0,28.0,40.0,40.0,37.0,51.0,149.0,237.0,332.0,463.0,551.0,617.0,885.0,1362.0,2124.0,3092.0,4339.0,4990.0,5745.0,6292.0,6678.0,7453.0,7633.0,7752.0,7850.0,7951.0,8075.0,8242.0,8349.0,8444.0,8696.0,9046.0,9623.0,10424.0,11081.0,11866.0,12786.0,13867.0,18675.0,25368.0,30047.0,32646.0,34171.0,34864.0,35543.0,35796.0,,,,,,,,
