País Português,1,2,3,4,5,6,7,8,9,10,11,12,13,14,15,16,17,18,19,20,21,22,23
Afeganistão,0.0026,0.0103,0.0411,0.1028,0.3083,0.8965,1.5593,2.5585,3.9329,6.9461,11.308,17.1186,27.1833,39.0589,52.255,63.6195,74.0669,76.1399,,,,,
Albânia,1.4594,3.0926,7.3667,12.5443,15.498,19.5288,25.2276,27.6253,30.162,32.8724,34.6793,39.5094,43.297,52.8529,68.1772,73.459,,,,,,,
Argélia,0.0068,0.0456,0.1231,0.5245,1.3318,3.2451,4.5221,6.1983,8.0203,10.5995,13.4341,16.4215,19.3906,21.6939,23.4088,25.1556,27.1829,27.9309,,,,,
Andorra,1.2942,1.2942,146.2499,432.2785,648.4178,825.7296,922.7982,955.1543,968.0968,977.1565,984.922,986.2163,988.8048,1102.6985,1103.9928,1106.5812,1106.5812,,,,,,
Angola,0.0122,0.0243,0.0578,0.0578,0.0761,0.0822,0.1095,0.146,0.1765,0.2252,0.2617,0.359,0.5051,0.5994,,,,,,,,,
Antígua e Barbuda,1.0211,7.148,9.1903,19.4018,23.4864,24.5076,24.5076,25.5287,25.5287,25.5287,25.5287,26.5498,26.5498,26.5498,26.5498,,,,,,,,
Argentina,0.0266,0.1239,0.666,1.8143,3.4384,4.8854,6.5072,8.857,10.813,13.8907,18.5216,27.9407,38.5324,52.2615,72.54,99.4142,110.3001,,,,,,
Arménia,0.0337,0.6074,5.3995,13.735,25.985,32.6332,42.116,56.5934,76.7065,107.1461,144.5376,212.6724,301.2578,417.2456,540.084,665.0821,732.8795,,,,,,
Austrália,0.0471,0.0588,0.0588,0.0588,0.098,0.2471,0.9804,4.2,14.2746,21.7648,24.7178,25.757,26.2511,26.6629,27.2119,27.6237,27.8982,28.204,28.4668,28.706,29.259,29.6394,
Áustria,0.1999,1.4545,11.3031,49.6758,106.7908,136.5363,155.9003,164.2721,169.5906,173.4434,176.3413,180.6383,183.6361,185.7901,188.3994,190.2536,192.9739,193.7401,,,,,
Azerbaijão,0.0888,0.1479,0.5227,1.795,5.1385,10.4348,13.5415,15.948,18.68,23.8875,30.9493,39.2734,51.7399,71.3963,94.3864,120.7001,141.0864,,,,,,
Bahamas,1.0172,2.7972,7.1203,11.6976,13.9862,20.3436,21.1065,23.3951,24.4123,25.4295,25.9381,26.1924,26.1924,26.4467,26.4467,,,,,,,,
Bahrein,2.7621,4.9954,12.5766,19.6289,29.3258,41.1384,66.7617,110.5446,155.5618,198.8158,290.378,408.7977,537.0319,669.85,867.608,1071.1841,1279.0503,1385.1873,,,,,
Bangladesh,0.0018,0.0152,0.0291,0.0425,0.2927,1.3018,3.0348,5.3373,8.3612,12.7482,19.4779,27.0861,38.2696,51.2352,66.0486,74.4796,,,,,,,
Barbados,5.9156,11.4833,20.8786,25.0544,26.0983,27.8382,28.5341,29.2301,30.622,32.0139,32.0139,32.0139,33.7538,33.7538,33.7538,,,,,,,,
Bielorrússia,0.0635,0.127,0.5397,0.9101,3.2172,15.726,44.49,84.895,148.4445,213.4333,283.3219,353.1576,421.808,486.6063,548.3567,599.5879,634.3841,,,,,,
Bélgica,0.0086,0.0086,0.0086,0.069,2.0622,9.1289,32.2961,102.6694,179.5917,263.9344,344.9897,402.8345,433.7242,461.1798,479.3857,494.7702,504.9086,512.0788,518.5673,522.4501,525.4528,,
Belize,0.503,1.2575,3.5209,4.5268,4.5268,4.5268,4.5268,4.5268,4.5268,4.5268,4.7783,5.0298,5.5328,5.7843,,,,,,,,,
Benim,0.0165,0.0495,0.1815,0.2887,0.2887,0.5279,0.7424,2.6313,2.7963,2.7963,1.9137,2.1529,3.6459,6.3102,7.4403,,,,,,,,
Butão,0.1296,0.1296,0.2592,0.648,0.648,0.648,0.9072,0.9072,0.9072,2.592,2.7216,4.0176,6.0912,8.0352,8.6832,9.072,,,,,,,
Bolívia,0.0942,0.2484,0.9166,1.662,3.0326,5.1229,9.0208,15.4373,25.3919,38.3877,61.1324,94.1573,125.4517,170.3329,226.0683,235.4746,,,,,,,
Bósnia e Herzegovina,0.2134,1.1582,5.3645,13.9904,24.5061,33.833,41.6969,51.1153,60.5641,66.4773,71.2627,74.2193,77.755,84.5825,95.7383,112.0452,,,,,,,
Botswana,0.2551,0.5528,0.8505,0.9355,0.978,0.978,1.0631,1.4883,1.4883,1.701,2.5514,3.7846,3.9122,,,,,,,,,,
Brasil,0.0009,0.0146,0.151,1.0571,2.6896,6.6024,11.8847,20.2668,34.4539,54.3166,83.842,127.9101,184.053,261.2836,347.9041,434.3204,539.0991,559.1994,,,,,
Brunei,11.4291,20.1153,28.8014,30.8586,31.0872,31.5444,31.5444,31.5444,32.2301,32.2301,32.2301,32.2301,32.2301,32.2301,32.2301,32.2301,,,,,,,
Bulgária,0.5901,2.3458,4.7637,7.239,9.5129,12.6359,17.9465,22.9404,27.6465,31.302,34.6552,35.9649,39.0159,47.0033,55.7247,61.0496,,,,,,,
Burkina Faso,0.0718,0.4736,1.1768,1.7414,2.3776,2.7795,3.0378,3.2148,3.6358,3.808,3.9802,4.052,4.2577,4.2768,4.3199,4.3964,,,,,,,
Myanmar,0.0368,0.0423,0.1562,0.2555,0.2775,0.3235,0.3327,0.3657,0.3786,0.4337,0.4779,0.5256,0.5385,,,,,,,,,,
Burundi,0.0252,0.042,0.042,0.0925,0.1261,0.1261,0.3532,0.3532,0.5298,0.698,0.7148,1.211,1.211,,,,,,,,,,
Cabo Verde,0.7194,1.0792,1.259,10.0722,14.7485,21.7631,39.2095,56.656,64.0303,70.1455,90.2899,118.1682,148.025,179.6805,,,,,,,,,
Camboja,0.006,0.006,0.006,0.006,0.006,0.012,0.0419,0.5024,0.6161,0.6819,0.7297,0.7297,0.7297,0.7297,0.7297,0.7297,0.7417,0.7477,0.7536,0.7656,0.7716,0.7776,
Camarões,0.0075,0.049,0.2825,1.1527,2.75,3.752,5.0253,6.9013,8.5399,11.1279,16.1532,20.4778,25.5746,32.7019,37.1583,47.4349,,,,,,,
Canadá,0.0106,0.0185,0.0185,0.0238,0.053,0.1431,0.5246,3.3835,14.7739,34.386,61.7771,91.0282,122.8626,153.4783,182.6022,204.5617,225.6125,242.9141,255.616,265.0697,272.2738,275.7845,
República Centro-Africana,0.0621,0.0621,0.1656,0.1656,0.2485,0.3313,1.4908,2.9608,6.7705,11.4291,19.9181,32.5067,42.59,55.6134,64.1646,,,,,,,,
Chade,0.0183,0.0426,0.0609,0.14,0.2009,0.3166,1.035,2.2647,3.4397,4.3529,4.9921,5.1504,5.1991,5.2356,,,,,,,,,
Chile,0.0418,0.8108,3.9024,12.8111,25.1881,39.3645,54.9638,72.2581,107.9869,157.2645,240.9422,387.0905,550.0988,726.3263,938.6593,1291.9042,1330.8921,,,,,,
China,0.3827,1.6471,3.0838,5.156,5.4021,5.5763,5.6198,5.6317,5.6687,5.7165,5.747,5.7879,5.8259,5.8319,5.8339,5.8373,5.8405,5.8432,5.8473,5.8498,5.8654,5.8814,5.8828
Colômbia,0.0177,0.2005,0.965,2.2817,4.3689,6.3538,8.9637,12.7882,18.5838,26.7477,36.0239,47.4442,65.7706,86.0997,112.4189,144.9603,,,,,,,
Comores,0.92,1.2649,3.9098,10.0046,15.1794,18.6292,22.6541,30.4737,,,,,,,,,,,,,,,
República do Congo,0.0544,0.0725,0.3987,1.0873,2.5915,3.6244,4.15,4.9655,7.0858,8.8255,10.3478,12.3775,13.193,16.0019,19.6989,,,,,,,,
República Democrática do Congo,0.0033,0.0502,0.1094,0.201,0.2691,0.3908,0.5259,0.7872,1.2304,1.8189,2.6831,3.7137,4.7554,5.5537,6.7295,6.9371,,,,,,,
Costa Rica,0.4319,1.3545,4.5346,7.7737,10.5808,12.6028,13.4665,14.1143,15.0173,16.2933,17.7263,19.6305,23.4388,30.1917,38.0635,49.3707,,,,,,,
Costa do Marfim,0.019,0.2767,0.6786,1.3231,2.4187,3.4726,4.4848,5.55,7.0399,8.162,9.3903,11.464,15.145,21.5291,29.9641,30.9497,,,,,,,
Croácia,0.1705,0.2923,1.3885,7.6731,19.2436,29.7666,40.1923,45.8192,49.6679,51.1782,53.4923,54.2717,54.6615,54.7102,54.7346,54.9051,56.9025,58.1692,,,,,
Cuba,0.0618,0.5032,1.8717,4.0347,7.1866,10.4974,12.9518,15.0354,15.9801,16.7746,17.428,18.6022,19.5204,20.1296,20.4739,,,,,,,,
Chipre,2.1535,7.8684,17.7246,36.9401,52.4285,63.5271,67.6684,72.2238,74.3772,75.8681,77.4418,78.1872,79.8437,81.4174,81.6659,82.08,,,,,,,
República Tcheca,0.1774,1.7649,9.2913,24.5682,41.7593,54.4496,61.6865,68.6527,72.4159,75.5908,78.9524,83.0144,86.1893,89.3362,93.2955,97.563,100.6352,,,,,,
Dinamarca,0.1899,7.6655,19.2673,32.1467,56.8005,96.6299,118.7113,139.9813,158.9378,174.9939,187.5798,195.3489,201.6504,206.6744,210.9042,215.7038,221.2457,,,,,,
Diamond Princess,4715.7101,17084.3438,18997.5748,19024.5217,19024.5217,19186.2032,19186.2032,19186.2032,19186.2032,19186.2032,19186.2032,19186.2032,19186.2032,19186.2032,19186.2032,19186.2032,19186.2032,19186.2032,19186.2032,19186.2032,,,
Djibouti,303.6437,3036.4372,9109.3117,36740.8907,95647.7733,108502.0243,113360.3239,127125.5061,163765.1822,249797.5709,382489.8785,438360.3239,459412.9555,467307.6923,468623.4818,,,,,,,,
Domínica,15.2807,19.4482,22.2265,22.2265,22.2265,22.2265,22.2265,22.2265,22.2265,22.2265,25.0049,25.0049,25.0049,25.0049,,,,,,,,,
República Dominicana,0.0184,0.1014,1.0325,6.628,13.7169,25.4335,39.9616,54.628,69.8568,91.0959,111.6344,132.9473,155.8641,176.9465,208.0769,237.631,263.931,,,,,,
Equador,0.0737,0.1587,2.868,10.3327,19.6395,41.1323,51.1363,128.7702,155.6647,180.7,185.6991,205.5086,218.6186,242.1803,262.7436,281.873,292.7101,,,,,,
Egito,0.001,0.001,0.0029,0.0655,0.2502,0.4837,0.8453,1.6602,2.612,3.8022,5.4107,7.7989,10.582,14.6608,20.3187,29.088,38.8198,49.2865,58.2023,,,,
El Salvador,0.1388,0.4934,1.4338,2.4514,3.6539,5.8123,9.7592,15.9878,24.2206,32.5152,41.7039,50.4764,62.6869,79.3993,,,,,,,,,
Guiné Equatorial,0.4277,0.8553,1.1404,1.283,5.6309,18.3894,22.4521,31.2904,42.3383,68.4255,93.0872,93.0872,93.0872,118.6043,118.6043,,,,,,,,
Eritreia,0.1692,0.6203,0.9587,0.9869,1.0997,1.0997,1.0997,1.0997,1.0997,1.0997,1.0997,1.1561,4.004,4.0604,,,,,,,,,
Estónia,0.1508,1.2061,19.4492,30.4553,58.7244,89.3305,105.5381,117.5242,125.5904,129.1334,131.998,135.2396,138.7072,141.7226,147.6026,149.0349,149.4872,,,,,,
Essuatíni,0.0862,0.7758,0.7758,1.0343,1.3791,3.103,9.1366,13.705,16.377,19.3938,24.0483,26.2894,40.6839,53.6993,59.4744,,,,,,,,
Etiópia,0.0052,0.0104,0.0252,0.0487,0.08,0.1009,0.1139,0.1661,0.2366,0.3471,0.7228,1.4231,2.3225,3.4393,4.3788,,,,,,,,
Fiji,0.5578,0.5578,1.6733,1.7848,2.0079,2.0079,2.0079,2.0079,2.0079,2.0079,2.0079,2.0079,2.0079,2.0079,,,,,,,,,
Finlândia,0.018,0.018,0.018,0.018,0.1083,0.7219,5.7935,14.2942,25.5923,41.6552,57.0503,72.4455,85.5484,97.6768,108.3433,115.4904,119.6234,124.2979,126.7886,128.3588,129.1348,129.3514,
França,0.0077,0.0092,0.0169,0.0184,0.0582,0.5822,3.5129,16.8062,45.2726,91.8121,133.846,223.7891,242.5226,258.9917,267.977,274.2215,278.7517,285.5124,294.6525,294.9022,299.1596,303.1628,
Gabão,0.1348,0.3145,0.9435,1.9769,4.8523,7.7278,12.4004,27.856,54.3192,77.6373,117.3995,139.3248,155.5891,198.9456,222.6681,,,,,,,,
Gâmbia,0.0828,0.1655,0.1655,0.3724,0.4138,0.4138,0.7034,0.9103,0.9931,1.0345,1.0345,1.1586,1.2414,1.6966,1.7379,,,,,,,,
Geórgia,0.0752,0.376,0.8523,1.7548,2.7575,4.9133,7.5204,10.2277,12.8097,15.141,16.0936,17.723,18.3497,19.954,20.5055,22.0347,22.8368,22.9121,,,,,
Alemanha,0.0119,0.0167,0.0191,0.0191,0.1552,1.2413,6.9166,29.6871,74.1132,119.5014,152.5996,173.2838,188.3058,197.7276,205.1455,210.5045,215.2298,218.9083,221.7012,223.8114,228.292,230.2004,
Gana,0.0515,0.4409,0.6597,1.2165,2.0629,4.1161,6.6746,12.9116,18.1444,20.8735,24.5101,29.5048,34.9372,42.4903,48.3154,,,,,,,,
Grécia,0.0672,0.8539,3.7129,7.1284,12.6067,17.5764,20.8192,23.0355,24.6185,25.3477,26.3263,27.2473,27.7462,28.1779,29.3388,30.2023,31.6798,31.7565,,,,,
Granada,6.221,10.6645,12.4419,12.4419,15.9967,18.6629,18.6629,19.5516,19.5516,20.4403,20.4403,20.4403,20.4403,20.4403,,,,,,,,,
Guatemala,0.067,0.1563,0.2791,0.7033,1.1945,2.4001,3.5946,5.0236,9.1708,15.3107,25.7151,36.1976,50.1352,69.822,82.7158,,,,,,,,
Guiné,0.0076,0.0305,0.396,1.4772,3.3352,6.5637,11.3837,14.6732,18.8307,23.3537,27.0544,30.3896,33.2907,36.8619,39.3976,,,,,,,,
Guiné-Bissau,0.4065,1.6768,1.9309,2.5406,3.7093,20.9858,41.6666,52.7439,59.8577,68.0386,70.5792,75.813,79.065,79.065,,,,,,,,,
Guiana,0.89,2.5427,2.4156,4.7041,6.9925,8.5182,9.9167,11.8238,14.3665,15.8921,17.6721,19.452,19.8334,21.7405,26.5717,,,,,,,,
Haiti,0.0702,0.1403,0.2631,0.3596,0.6314,0.7104,1.1313,2.3942,6.4372,11.5764,23.1528,34.5625,43.1132,47.6122,,,,,,,,,
Santa Sé,124.8439,124.8439,499.3758,873.9076,998.7516,998.7516,1123.5955,1373.2834,1498.1273,1498.1273,1498.1273,1498.1273,1498.1273,1498.1273,1498.1273,1498.1273,,,,,,,
Honduras,0.0808,0.3029,1.4236,3.0794,4.1092,4.9876,7.0876,12.8223,21.2023,29.8346,44.4339,55.8023,70.0179,97.49,140.7729,147.1134,,,,,,,
Hungria,0.0932,0.5176,1.9357,5.093,8.4572,15.6516,21.7176,27.4214,31.7276,34.2948,36.8103,39.0358,40.5886,41.5823,42.2034,42.514,42.5864,,,,,,
Islândia,9.9636,30.1838,96.7053,235.0231,386.5281,482.9403,509.6075,524.2598,526.6042,527.7764,528.0694,528.3625,528.9486,529.2416,529.5347,532.1721,534.5165,,,,,,
Índia,0.0002,0.0002,0.0002,0.0002,0.002,0.0045,0.0113,0.0476,0.1448,0.4287,0.8929,1.5485,2.3958,3.8396,5.6561,8.1179,11.4555,15.7118,20.7684,26.5902,34.2829,,
Indonésia,0.0022,0.0428,0.1879,0.4698,0.831,1.5505,2.4038,3.2473,4.0918,5.1301,6.4031,8.1423,9.6785,11.4016,13.994,16.7777,17.9176,,,,,,
Irã,0.1131,2.7812,9.5746,19.2504,29.5394,53.1056,74.517,89.1468,100.9632,110.2283,119.0219,131.8765,148.3494,166.0985,187.5896,209.4545,229.1133,249.9853,252.9986,,,,
Iraque,0.0472,0.1492,0.2884,0.5793,1.3599,2.3892,3.3613,3.8262,4.5248,5.7082,6.8792,8.4629,11.1107,16.0085,30.744,50.243,76.7431,91.2475,,,,,
Irlanda,0.3645,1.8227,13.8321,42.9545,86.5368,163.8184,283.1228,368.2622,421.9097,456.5001,485.1567,496.2953,503.7885,509.6009,511.3628,513.7525,514.3196,,,,,,
Israel,0.0347,0.2311,1.1553,4.9333,31.113,79.221,115.1633,147.397,171.0235,184.2289,189.2546,191.5422,192.7437,194.9273,202.125,214.5332,231.4819,254.681,,,,,
Itália,0.0033,0.005,0.005,1.0833,6.3809,24.9959,67.8693,133.2891,190.6029,237.5482,279.4176,314.2032,339.8227,357.0154,368.9865,377.1074,383.2699,387.0426,390.5638,393.8998,395.9689,,
Jamaica,0.4052,0.7092,1.2157,2.1275,2.4652,7.5308,12.2925,15.9734,17.1216,17.5606,19.0465,19.9246,20.4311,20.9715,22.6262,22.8964,,,,,,,
Japão,0.0055,0.0174,0.0206,0.0585,0.1344,0.2317,0.4594,0.6942,0.9433,1.5442,3.0883,6.0446,8.804,11.1902,12.06,12.6253,12.9407,13.1432,13.3124,13.529,13.8239,14.1362,14.2026
Jordânia,0.0098,0.1666,1.2447,2.6266,3.4205,3.8322,4.1654,4.4006,4.5574,5.5081,6.1648,6.9684,7.3115,8.1446,9.5951,10.2125,10.4968,,,,,,
Cazaquistão,0.2343,0.5912,2.3167,4.1594,7.4667,12.1906,18.1182,24.3813,29.6697,38.5265,50.9994,64.2658,73.8788,84.5569,102.707,,,,,,,,
Quénia,0.013,0.0577,0.2046,0.3422,0.4352,0.5951,0.7365,1.1289,1.4097,2.0624,3.009,4.3518,5.979,7.9169,9.6817,,,,,,,,
Coreia do Sul,0.0078,0.0312,0.0546,0.0605,1.9056,10.1152,14.654,16.2281,17.6266,19.0875,20.1505,20.605,20.8371,20.9892,21.077,21.3813,21.6699,21.9723,22.6062,23.2147,23.7921,24.4494,24.504
Kosovo,6.9071,10.1672,21.3843,34.8116,44.15,47.2996,50.7808,54.6487,57.8536,63.103,71.723,82.1112,119.8515,,,,,,,,,,
Kuwait,1.0537,1.4986,2.6226,4.4022,5.9711,13.0193,28.8954,44.8418,72.0044,116.6823,203.4388,347.7287,498.8092,633.2408,745.7551,841.1053,928.4473,980.6417,,,,,
Quirguistão,0.6438,1.64,3.4947,6.5909,9.0433,10.8519,12.9211,15.8947,19.0522,22.5009,28.2794,31.4981,39.2692,57.1105,60.6052,,,,,,,,
Laos,0.11,0.1649,0.2611,0.2611,0.2611,0.2611,0.2611,0.2611,0.2611,0.2611,0.2611,0.2611,0.2611,0.2611,,,,,,,,,
Letónia,0.106,1.5905,7.3693,18.3968,28.2579,34.5139,38.5431,43.0496,46.6017,49.7827,53.4408,55.5085,56.5158,57.6822,58.1593,58.9016,58.9016,,,,,,
Líbano,0.0293,0.2344,0.8937,2.3002,5.3916,7.2376,8.5269,9.7137,10.0799,10.622,11.4864,12.9808,15.0027,17.1124,19.1343,20.5408,21.9033,24.0863,,,,,
Lesoto,0.0467,0.0934,0.0934,0.1867,0.1867,0.7936,0.7936,,,,,,,,,,,,,,,,
Libéria,0.0593,0.0593,0.257,0.9886,1.7992,2.4517,3.124,3.9346,4.4685,5.2396,5.6943,7.0981,9.0555,12.3772,13.089,,,,,,,,
Líbia,0.1164,0.2765,0.3784,0.7422,0.8878,0.9169,0.9314,0.946,1.0915,2.445,4.8317,6.7964,8.6592,9.7507,,,,,,,,,
Liechtenstein,2.6227,18.3592,133.76,178.3466,204.5741,207.1968,212.4423,215.065,215.065,215.065,215.065,215.065,215.065,215.065,215.065,225.556,215.065,,,,,,
Lituânia,0.0367,0.1102,1.3224,10.9834,23.8402,35.0808,41.4357,51.3538,53.2273,52.6395,55.5048,58.5169,60.8312,61.9699,64.3576,65.5331,66.2678,,,,,,
Luxemburgo,0.3195,5.4315,77.319,256.3988,417.2671,514.8743,555.9301,590.2763,607.3696,618.3923,626.6993,635.9648,640.9171,644.1121,647.7863,654.8153,661.3651,,,,,,
MS Zaandam,492.0722,492.0722,492.0722,492.0722,492.0722,492.0722,492.0722,492.0722,492.0722,492.0722,492.0722,492.0722,492.0722,,,,,,,,,,
Madagascar,0.0831,0.2131,0.3358,0.4009,0.437,0.4622,0.697,0.8306,1.4626,2.369,3.456,4.3444,5.0666,6.4534,,,,,,,,,
Malawi,0.0418,0.0836,0.1202,0.1882,0.2248,0.3293,0.3711,0.528,1.9289,2.3785,2.9901,4.919,,,,,,,,,,,
Malásia,0.0247,0.0371,0.0587,0.068,0.0711,0.2564,0.6087,3.1824,6.6768,10.2978,13.4277,16.2238,17.5833,18.7573,20.1909,21.1796,22.0509,23.8893,25.5391,25.9593,26.3703,26.5587,
Maldivas,1.85,2.405,2.96,3.515,3.515,6.475,32.7448,96.0144,146.1491,199.4287,242.9034,309.318,351.6827,372.4026,404.5924,418.2823,,,,,,,
Mali,0.1383,0.2765,0.7111,1.274,2.0937,3.0221,3.6048,4.4492,5.3183,6.6713,7.8318,9.3083,9.7675,9.9008,,,,,,,,,
Malta,2.7177,14.4946,31.4805,45.7487,79.2675,95.5739,101.2359,105.7655,110.748,120.4866,135.8871,139.5108,141.5491,146.0786,150.1553,150.6082,,,,,,,
Mauritânia,0.043,0.0645,0.129,0.1505,0.1505,0.1505,0.1721,0.1721,0.6237,4.3014,9.0974,18.9906,33.8089,56.3697,75.683,,,,,,,,
Ilhas Maurício,3.3025,11.2442,21.073,25.4763,25.7909,26.2627,26.1054,26.1054,26.1054,26.2627,26.3413,26.4985,26.4985,26.7344,26.8131,,,,,,,,
México,0.0039,0.0093,0.1272,0.4537,1.1712,2.6688,4.8839,9.0225,14.9101,22.9701,33.0366,46.2001,63.1337,81.9652,103.91,128.3266,152.6742,,,,,,
Moldávia,0.2975,1.9832,5.7264,18.6417,38.6716,58.9495,81.9046,100.4471,120.6506,147.101,173.3779,200.7455,235.7731,284.0631,345.8882,373.7764,,,,,,,
Mónaco,2.5483,5.0966,28.0312,107.0282,163.0906,229.3461,239.5393,239.5393,242.0876,242.0876,244.6358,247.1841,249.7324,252.2807,252.2807,252.2807,259.9256,,,,,,
Mongólia,0.0305,0.305,0.366,0.4576,0.5186,1.0066,1.1591,1.2201,1.2812,4.2705,4.301,5.6432,5.9177,6.0092,6.5583,6.5888,,,,,,,
Montenegro,4.2989,14.4889,37.098,43.626,49.6763,51.1093,51.4277,51.5869,51.5869,51.5869,51.5869,51.5869,51.9054,58.4333,61.9362,,,,,,,,
Marrocos,0.0054,0.0759,0.3116,1.2977,2.7661,4.5001,7.7349,11.0131,13.2835,16.4262,18.6126,20.1379,21.1511,22.2809,23.8225,27.0302,29.5498,,,,,,
Moçambique,0.0256,0.032,0.064,0.112,0.224,0.2528,0.2784,0.4127,0.5375,0.7807,1.3086,1.7693,2.2012,2.438,,,,,,,,,
Namíbia,0.1181,0.3148,0.551,0.6297,0.6297,0.6297,0.6297,0.6297,0.6297,0.7478,0.9052,0.9839,1.22,1.771,2.9911,,,,,,,,
Nepal,0.0034,0.0034,0.0034,0.0034,0.0034,0.0034,0.0034,0.0034,0.0137,0.0206,0.0309,0.103,0.1682,0.2025,0.3501,0.9164,1.771,4.1597,9.9942,17.3732,28.3971,36.8194,
Países Baixos,0.2218,2.9355,12.0106,37.5725,79.9306,120.7012,165.2536,204.4486,227.5943,242.3012,253.343,260.5622,268.2833,273.9384,281.8463,288.371,291.8726,,,,,,
Nova Zelândia,0.0622,0.1037,0.5806,5.8687,16.5276,25.6935,29.0529,30.1935,30.6704,30.8985,31.0644,31.1889,31.1889,31.1889,31.1889,31.2511,31.4999,,,,,,
Nicarágua,0.0302,0.0755,0.0906,0.1359,0.151,0.1962,0.2415,0.3774,3.8342,11.4574,16.8766,22.0996,27.5188,32.7569,,,,,,,,,
Níger,0.0413,0.4048,1.6937,2.4126,2.772,2.9703,3.2264,3.6188,3.8171,3.9452,3.9782,4.0237,4.2137,4.3418,,,,,,,,,
Nigéria,0.0005,0.001,0.0039,0.0315,0.0893,0.1397,0.2144,0.4759,0.9372,1.7105,2.5041,3.4035,4.3247,5.5865,7.0603,8.9648,10.6821,,,,,,
Macedônia do Norte,0.048,0.336,1.248,7.1039,15.7917,28.7514,43.5831,59.0868,68.2067,73.2466,80.3504,88.2703,96.6701,114.7658,155.469,206.348,254.923,261.3549,,,,,
Noruega,0.5903,7.3784,26.9864,52.8108,85.6077,112.2621,122.1676,132.6449,141.2961,146.7376,150.4637,152.4928,154.6325,155.9606,158.1926,159.742,161.808,162.1031,,,,,
Omã,0.1175,0.3133,0.4308,1.077,3.2703,5.8356,11.7299,24.7913,39.1256,50.2876,66.5606,101.5543,152.1553,223.9639,330.5901,459.8144,577.113,656.7154,,,,,
Paquistão,0.0023,0.0072,0.1068,0.44,0.8774,1.8267,2.6425,4.3302,6.615,9.9818,15.5442,19.9038,26.1236,34.5861,49.0361,67.4179,83.7666,87.3593,,,,,
Panamá,1.2747,7.9958,22.9213,46.0743,78.7992,103.5282,139.544,166.7993,199.6863,225.4119,259.1797,320.6894,390.6121,496.481,620.0103,649.6295,,,,,,,
Papua-Nova Guiné,0.0112,0.0112,0.0224,0.0782,0.0894,0.0894,0.0894,0.0894,0.0894,0.0894,0.0894,0.0894,0.0894,0.1118,,,,,,,,,
Paraguai,0.0841,0.2524,0.7851,1.3459,1.8647,2.8321,3.1966,5.1875,9.66,10.9078,11.9172,13.5155,15.2821,17.6795,19.0956,21.4229,,,,,,,
Peru,0.0455,0.7097,1.7591,4.2885,15.9409,37.8838,63.4299,112.1441,177.5029,244.4631,329.8844,430.0001,555.6193,651.4283,741.2019,802.7726,,,,,,,
Filipinas,0.0018,0.0027,0.0027,0.0027,0.0027,0.0447,0.1843,0.5804,2.1089,3.5316,4.9762,6.1233,7.494,9.1293,10.6022,12.065,13.7332,18.0214,21.657,24.8565,29.4713,,
Polónia,0.0581,0.6289,2.3807,6.1062,12.8096,19.0294,26.042,32.2829,38.1302,44.7094,50.9108,58.3249,64.4576,72.8203,79.7826,85.9443,86.7211,,,,,,
Portugal,0.2942,2.4027,15.6913,58.4698,110.6043,162.6505,198.162,234.0363,248.6194,270.4892,284.7585,300.3224,318.7303,340.2372,359.822,383.7807,393.3034,,,,,,
Catar,0.2777,11.1071,16.3135,19.5068,37.3127,87.1903,161.8505,295.8988,489.2656,701.1672,1021.328,1405.0765,1836.3772,2273.3008,2658.3336,2966.346,3150.8619,,,,,,
Roménia,0.0156,0.13,0.9565,4.1273,11.6698,22.9601,35.7579,48.0411,60.3815,71.9265,82.0161,89.361,95.7963,101.4519,107.856,116.5161,127.3802,129.0488,,,,,
Rússia,0.0014,0.0014,0.0014,0.0014,0.0027,0.0192,0.1364,0.5756,2.4312,6.9422,19.1442,43.0145,72.9766,121.397,172.8481,217.6004,259.7406,301.8739,343.853,383.9539,415.2844,,
Ruanda,0.1313,0.4169,0.6871,0.911,1.1041,1.3588,1.9225,2.1077,2.2158,2.4783,2.7408,3.2427,3.9375,5.1034,6.4082,,,,,,,,
São Cristóvão e Névis,15.0379,20.6771,26.3163,28.196,28.196,28.196,28.196,28.196,28.196,28.196,28.196,28.196,28.196,28.196,,,,,,,,,
Santa Lúcia,1.0892,1.6337,7.0796,8.1687,8.1687,8.1687,9.2579,9.8025,9.8025,9.8025,9.8025,10.3471,10.3471,10.3471,10.3471,,,,,,,,
São Vicente e Granadinas,9.0139,9.0139,27.0416,108.1666,108.1666,126.1943,144.2221,153.236,153.236,162.2499,234.3609,234.3609,243.3748,261.4026,261.4026,,,,,,,,
San Marino,47.1545,182.7238,350.7117,613.0088,695.5292,822.2569,1096.3426,1438.2128,1659.2497,1791.8717,1895.0223,1933.3353,1965.754,1986.3841,2036.4858,2051.2216,2057.1159,,,,,,
São Tomé e Príncipe,1.8252,1.8252,1.8252,7.3006,94.9083,107.2281,114.5287,220.3879,234.0766,301.6075,318.4902,323.9657,,,,,,,,,,,
Arábia Saudita,0.0316,0.2959,1.4678,3.7313,6.8995,12.8167,26.8916,50.3305,77.5869,112.1622,157.2706,208.4227,244.9053,292.7396,366.3511,452.7276,480.4608,,,,,,
Senegal,0.0239,0.1433,0.4001,0.8481,1.3259,1.6722,2.1918,4.0074,7.0593,10.2067,14.8113,18.1976,21.7691,25.8482,30.3991,35.165,36.6043,,,,,,
Sérvia,0.2175,1.1788,4.3949,13.4022,32.8131,60.865,83.2745,103.1088,112.7112,118.7314,124.9689,129.3295,132.4311,138.5085,144.3913,151.4758,,,,,,,
Seychelles,7.1177,7.1177,10.1681,11.1849,11.1849,11.1849,11.1849,11.1849,11.1849,11.1849,11.1849,11.1849,11.1849,11.1849,11.1849,,,,,,,,
Serra Leoa,0.0752,0.1254,0.5391,1.1659,2.2314,4.2372,6.5062,9.214,10.8437,12.5486,14.7424,16.7983,16.9738,,,,,,,,,,
Singapura,0.1197,0.4786,0.8547,1.4358,1.5897,1.8802,3.0426,5.3501,10.7857,17.093,27.742,63.2271,173.3403,267.3519,345.2448,433.2396,501.9194,561.9501,622.2713,666.0294,704.5058,728.5557,
Eslováquia,0.2931,2.2529,4.1395,7.8027,12.8397,17.8949,24.269,25.5694,26.4669,27.0531,27.511,27.8407,27.9506,28.2253,28.6099,29.4342,,,,,,,
Eslovénia,2.7418,13.2279,25.3976,40.4533,52.4787,60.0307,65.0813,68.2079,69.6509,70.3725,70.613,70.7573,71.0459,71.575,72.2965,74.1244,,,,,,,
Somália,0.0063,0.0189,0.044,0.1573,1.0319,2.7433,4.5428,6.6318,8.9409,10.0294,12.433,14.6855,16.4724,17.4854,17.8378,,,,,,,,
África do Sul,0.0219,0.1956,1.1954,2.3268,3.1108,4.2254,6.129,9.0206,13.165,20.3579,30.3547,43.7322,63.2707,93.445,135.5822,188.4985,,,,,,,
Sudão do Sul,0.0357,0.0357,0.0447,0.402,1.072,2.1083,5.8515,8.88,8.88,15.1245,16.813,17.349,,,,,,,,,,,
Espanha,0.0021,0.0043,0.0043,0.0684,0.8555,11.1903,43.6533,140.561,254.9451,338.5173,408.17,455.6197,460.308,476.6508,492.3197,502.246,510.2452,515.4083,520.18,525.2404,528.4722,,
Sri Lanka,0.0047,0.0047,0.0047,0.0047,0.0047,0.0047,0.0841,0.3829,0.5464,0.8219,0.9807,1.2656,2.4424,3.3531,4.0302,4.5813,5.3285,7.6261,8.5695,8.8216,9.1065,9.3447,
Sudão,0.0046,0.0068,0.0182,0.0342,0.073,0.3968,1.008,2.1209,4.146,7.1563,9.9112,13.031,15.348,18.2899,20.2717,,,,,,,,
Suriname,0.6819,1.3637,1.7046,1.7046,1.7046,1.7046,1.7046,1.7046,1.7046,1.8751,2.0456,15.3418,31.8769,49.9461,60.8559,,,,,,,,
Suécia,0.0099,0.0099,0.0099,0.0693,0.9308,5.9311,14.2486,28.1209,55.1327,90.5115,124.1675,165.9032,208.8469,243.8098,283.0107,318.5578,353.7584,414.7133,478.1338,554.9216,617.1142,,
Suíça,0.4853,4.3214,25.4199,101.622,183.9711,250.2362,296.8125,322.8795,336.976,346.4161,350.6103,353.5336,355.2553,356.6996,357.8666,359.7038,361.772,362.5346,,,,,
Síria,0.0286,0.0914,0.1429,0.2171,0.24,0.2514,0.2686,0.2914,0.4,0.6971,0.7143,0.9714,1.1314,1.32,,,,,,,,,
Taiwan,0.0336,0.0462,0.0756,0.0924,0.1302,0.1763,0.1973,0.3233,0.9027,1.352,1.5787,1.6501,1.7845,1.8013,1.839,1.8474,1.8474,1.8516,1.86,1.86,1.8684,1.8726,1.8726
Tajiquistão,3.9737,8.3983,22.4374,35.8998,43.9417,49.939,54.741,59.0292,,,,,,,,,,,,,,,
Tanzânia,0.0201,0.0234,0.0368,0.0536,0.2846,0.5006,0.8036,0.8521,0.8521,0.8521,0.8521,0.8521,0.8521,0.8521,0.8521,,,,,,,,
Tailândia,0.0201,0.0358,0.0473,0.0501,0.053,0.0616,0.0759,0.2536,1.1848,2.3653,3.235,3.7436,4.0272,4.2092,4.2808,4.3224,4.3453,4.3625,4.4169,4.4713,4.4914,4.5215,4.5244
Timor-Leste,0.0758,0.0758,0.1517,1.3652,1.8203,1.8203,1.8203,1.8203,1.8203,1.8203,1.8203,1.8203,1.8203,1.8203,,,,,,,,,
Togo,0.0121,0.0121,0.2778,0.4711,0.8818,0.9784,1.063,1.4012,1.6307,2.8748,4.276,5.0974,5.6168,6.3295,6.6073,7.0421,,,,,,,
Trinidad e Tobago,0.6431,4.716,7.0026,7.7886,8.1458,8.2173,8.2887,8.2887,8.2887,8.2887,8.2887,8.3602,8.3602,8.7889,8.7889,,,,,,,,
Tunísia,0.0423,0.2031,0.9646,3.3337,5.2713,6.3205,7.4797,8.2497,8.6474,8.732,8.8335,8.8927,9.1889,9.1974,9.5189,9.8066,9.815,,,,,,
Turquia,0.0557,2.2196,16.0436,40.4427,77.2015,113.3413,135.9429,153.5362,167.7455,179.7684,188.2425,196.2969,204.0739,214.9633,225.4768,227.2458,,,,,,,
Estados Unidos,0.0015,0.0033,0.0036,0.0039,0.0045,0.0221,0.2148,1.8553,16.3467,57.0089,120.2383,183.9396,244.4733,306.8006,365.0336,415.3785,463.8443,510.285,555.0913,598.1426,645.835,709.0644,719.4386
Uganda,0.0503,0.1049,0.1159,0.1224,0.164,0.1858,0.2208,0.4438,0.5772,0.7193,1.2177,1.4997,1.6506,1.7599,,,,,,,,,
Ucrânia,0.0023,0.016,0.1669,1.253,3.016,7.0929,13.0563,20.5996,28.1956,35.7801,42.5667,48.578,56.1626,64.1998,74.3956,87.0174,91.1241,,,,,,
Emirados Árabes Unidos,0.0506,0.0809,0.091,0.1314,0.273,0.7482,0.9909,2.5075,6.7136,23.8514,49.8766,78.4094,115.061,153.6035,198.7887,253.4073,314.3047,361.8458,403.4619,434.5829,461.8922,466.4421,
Reino Unido,0.0029,0.0133,0.0133,0.0221,0.1709,0.6761,4.0008,17.3998,50.3388,97.0332,153.4116,205.1174,254.0744,306.3621,345.3436,371.5729,398.4738,416.9917,431.3996,444.7676,454.1981,,
Uruguai,2.706,6.8514,10.6226,13.6165,14.4513,16.0346,18.5104,19.6906,20.8421,21.5618,23.3467,23.9512,24.383,24.4694,25.9663,,,,,,,,
Uzbequistão,0.1285,0.3107,0.7948,2.2917,4.4519,5.5633,6.3282,7.0184,8.1807,9.3071,10.5948,12.2321,14.8375,18.3841,20.8849,,,,,,,,
Venezuela,0.1477,0.3763,0.5381,0.6014,0.7174,1.1183,1.1781,1.3645,1.6142,3.3197,4.8178,7.5433,10.1245,12.6284,15.3538,,,,,,,,
Vietnã,0.0021,0.0082,0.0154,0.0164,0.0164,0.0164,0.039,0.0771,0.1449,0.224,0.2579,0.2743,0.2753,0.2774,0.2784,0.2959,0.3329,0.3359,0.337,0.3411,0.3442,0.3616,
Cisjordânia e Faixa de Gaza,0.6677,0.9125,1.3131,2.9823,5.8534,6.4766,7.4558,7.6562,8.3238,8.3461,8.858,9.6592,10.1711,10.7943,12.3522,29.5563,,,,,,,
Saara Ocidental,0.6696,1.0045,1.0045,1.0045,1.0045,1.0045,1.0045,1.5067,1.5067,1.5067,1.5067,1.6741,,,,,,,,,,,
Iémen,0.0034,0.0034,0.0201,0.0838,0.285,0.6605,0.9321,1.5188,1.9815,3.0477,3.4031,,,,,,,,,,,,
Zâmbia,0.0163,0.1904,0.2121,0.2448,0.3808,0.5168,0.7507,2.3988,4.1993,5.0044,5.9236,6.5274,7.6425,8.0342,8.0995,,,,,,,,
Zimbábue,0.0202,0.0606,0.074,0.1547,0.1884,0.2691,0.2691,0.2489,0.3431,1.0025,1.5946,2.2337,3.1151,3.5659,,,,,,,,,
