País Português,22/01/20,23/01/20,24/01/20,25/01/20,26/01/20,27/01/20,28/01/20,29/01/20,30/01/20,31/01/20,01/02/20,02/02/20,03/02/20,04/02/20,05/02/20,06/02/20,07/02/20,08/02/20,09/02/20,10/02/20,11/02/20,12/02/20,13/02/20,14/02/20,15/02/20,16/02/20,17/02/20,18/02/20,19/02/20,20/02/20,21/02/20,22/02/20,23/02/20,24/02/20,25/02/20,26/02/20,27/02/20,28/02/20,29/02/20,01/03/20,02/03/20,03/03/20,04/03/20,05/03/20,06/03/20,07/03/20,08/03/20,09/03/20,10/03/20,11/03/20,12/03/20,13/03/20,14/03/20,15/03/20,16/03/20,17/03/20,18/03/20,19/03/20,20/03/20,21/03/20,22/03/20,23/03/20,24/03/20,25/03/20,26/03/20,27/03/20,28/03/20,29/03/20,30/03/20,31/03/20,01/04/20,02/04/20,03/04/20,04/04/20,05/04/20,06/04/20,07/04/20,08/04/20,09/04/20,10/04/20,11/04/20,12/04/20,13/04/20,14/04/20,15/04/20,16/04/20,17/04/20,18/04/20,19/04/20,20/04/20,21/04/20,22/04/20
Afeganistão,0.0,0.0,0.0,0.0,0.0,0.0,0.0,0.0,0.0,0.0,0.0,0.0,0.0,0.0,0.0,0.0,0.0,0.0,0.0,0.0,0.0,0.0,0.0,0.0,0.0,0.0,0.0,0.0,0.0,0.0,0.0,0.0,0.0,0.0,0.0,0.0,0.0,0.0,0.0,0.0,0.0,0.0,0.0,0.0,0.0,0.0,0.0,0.0,0.0,0.0,0.0,0.0,0.0,0.0,0.0,0.0,0.0,0.0,0.0,0.0,0.0026,0.0026,0.0026,0.0051,0.0103,0.0103,0.0103,0.0103,0.0103,0.0103,0.0103,0.0154,0.0154,0.018,0.018,0.0283,0.036,0.036,0.0385,0.0385,0.0462,0.0462,0.0539,0.0591,0.0642,0.0771,0.0771,0.0771,0.0848,0.0925,0.0925,0.1028
Albânia,0.0,0.0,0.0,0.0,0.0,0.0,0.0,0.0,0.0,0.0,0.0,0.0,0.0,0.0,0.0,0.0,0.0,0.0,0.0,0.0,0.0,0.0,0.0,0.0,0.0,0.0,0.0,0.0,0.0,0.0,0.0,0.0,0.0,0.0,0.0,0.0,0.0,0.0,0.0,0.0,0.0,0.0,0.0,0.0,0.0,0.0,0.0,0.0,0.0,0.0347,0.0347,0.0347,0.0347,0.0347,0.0347,0.0347,0.0695,0.0695,0.0695,0.0695,0.0695,0.139,0.1737,0.1737,0.2085,0.278,0.3475,0.3475,0.3822,0.5212,0.5212,0.556,0.5907,0.695,0.695,0.7297,0.7645,0.7645,0.7992,0.7992,0.7992,0.7992,0.7992,0.834,0.8687,0.9035,0.9035,0.9035,0.9035,0.9035,0.9035,0.9382
Argélia,0.0,0.0,0.0,0.0,0.0,0.0,0.0,0.0,0.0,0.0,0.0,0.0,0.0,0.0,0.0,0.0,0.0,0.0,0.0,0.0,0.0,0.0,0.0,0.0,0.0,0.0,0.0,0.0,0.0,0.0,0.0,0.0,0.0,0.0,0.0,0.0,0.0,0.0,0.0,0.0,0.0,0.0,0.0,0.0,0.0,0.0,0.0,0.0,0.0,0.0,0.0023,0.0046,0.0068,0.0091,0.0091,0.0091,0.016,0.0205,0.0251,0.0342,0.0388,0.0388,0.0433,0.0479,0.057,0.0593,0.0661,0.0707,0.0798,0.1003,0.1323,0.1961,0.2394,0.2965,0.3466,0.3945,0.4401,0.4675,0.5359,0.5838,0.6271,0.6682,0.7138,0.7434,0.7662,0.7936,0.8301,0.8369,0.8552,0.8757,0.8939,0.9167
Andorra,0.0,0.0,0.0,0.0,0.0,0.0,0.0,0.0,0.0,0.0,0.0,0.0,0.0,0.0,0.0,0.0,0.0,0.0,0.0,0.0,0.0,0.0,0.0,0.0,0.0,0.0,0.0,0.0,0.0,0.0,0.0,0.0,0.0,0.0,0.0,0.0,0.0,0.0,0.0,0.0,0.0,0.0,0.0,0.0,0.0,0.0,0.0,0.0,0.0,0.0,0.0,0.0,0.0,0.0,0.0,0.0,0.0,0.0,0.0,0.0,1.2942,1.2942,1.2942,1.2942,3.8827,3.8827,3.8827,7.7655,10.354,15.531,18.1195,19.4137,20.708,22.0022,23.2964,27.1792,28.4734,29.7677,32.3562,33.6504,33.6504,37.5332,37.5332,40.1217,42.7102,42.7102,45.2986,45.2986,46.5929,47.8871,47.8871,47.8871
Angola,0.0,0.0,0.0,0.0,0.0,0.0,0.0,0.0,0.0,0.0,0.0,0.0,0.0,0.0,0.0,0.0,0.0,0.0,0.0,0.0,0.0,0.0,0.0,0.0,0.0,0.0,0.0,0.0,0.0,0.0,0.0,0.0,0.0,0.0,0.0,0.0,0.0,0.0,0.0,0.0,0.0,0.0,0.0,0.0,0.0,0.0,0.0,0.0,0.0,0.0,0.0,0.0,0.0,0.0,0.0,0.0,0.0,0.0,0.0,0.0,0.0,0.0,0.0,0.0,0.0,0.0,0.0,0.0061,0.0061,0.0061,0.0061,0.0061,0.0061,0.0061,0.0061,0.0061,0.0061,0.0061,0.0061,0.0061,0.0061,0.0061,0.0061,0.0061,0.0061,0.0061,0.0061,0.0061,0.0061,0.0061,0.0061,0.0061
Antígua e Barbuda,0.0,0.0,0.0,0.0,0.0,0.0,0.0,0.0,0.0,0.0,0.0,0.0,0.0,0.0,0.0,0.0,0.0,0.0,0.0,0.0,0.0,0.0,0.0,0.0,0.0,0.0,0.0,0.0,0.0,0.0,0.0,0.0,0.0,0.0,0.0,0.0,0.0,0.0,0.0,0.0,0.0,0.0,0.0,0.0,0.0,0.0,0.0,0.0,0.0,0.0,0.0,0.0,0.0,0.0,0.0,0.0,0.0,0.0,0.0,0.0,0.0,0.0,0.0,0.0,0.0,0.0,0.0,0.0,0.0,0.0,0.0,0.0,0.0,0.0,0.0,0.0,1.0211,2.0423,2.0423,2.0423,2.0423,2.0423,2.0423,2.0423,2.0423,3.0634,3.0634,3.0634,3.0634,3.0634,3.0634,3.0634
Argentina,0.0,0.0,0.0,0.0,0.0,0.0,0.0,0.0,0.0,0.0,0.0,0.0,0.0,0.0,0.0,0.0,0.0,0.0,0.0,0.0,0.0,0.0,0.0,0.0,0.0,0.0,0.0,0.0,0.0,0.0,0.0,0.0,0.0,0.0,0.0,0.0,0.0,0.0,0.0,0.0,0.0,0.0,0.0,0.0,0.0,0.0,0.0022,0.0022,0.0022,0.0022,0.0022,0.0044,0.0044,0.0044,0.0044,0.0044,0.0044,0.0066,0.0066,0.0089,0.0089,0.0089,0.0133,0.0177,0.0199,0.0288,0.0398,0.042,0.0509,0.0597,0.062,0.0797,0.0863,0.0951,0.0974,0.1062,0.1239,0.1394,0.1593,0.1814,0.1836,0.1991,0.2146,0.2257,0.2456,0.2544,0.2721,0.2854,0.2921,0.3009,0.3253,0.3363
Arménia,0.0,0.0,0.0,0.0,0.0,0.0,0.0,0.0,0.0,0.0,0.0,0.0,0.0,0.0,0.0,0.0,0.0,0.0,0.0,0.0,0.0,0.0,0.0,0.0,0.0,0.0,0.0,0.0,0.0,0.0,0.0,0.0,0.0,0.0,0.0,0.0,0.0,0.0,0.0,0.0,0.0,0.0,0.0,0.0,0.0,0.0,0.0,0.0,0.0,0.0,0.0,0.0,0.0,0.0,0.0,0.0,0.0,0.0,0.0,0.0,0.0,0.0,0.0,0.0,0.0337,0.0337,0.0337,0.1012,0.1012,0.1012,0.135,0.2362,0.2362,0.2362,0.2362,0.27,0.27,0.3037,0.3375,0.405,0.4387,0.4387,0.4725,0.5399,0.5737,0.6074,0.6412,0.6749,0.6749,0.7424,0.8099,0.8099
Austrália,0.0,0.0,0.0,0.0,0.0,0.0,0.0,0.0,0.0,0.0,0.0,0.0,0.0,0.0,0.0,0.0,0.0,0.0,0.0,0.0,0.0,0.0,0.0,0.0,0.0,0.0,0.0,0.0,0.0,0.0,0.0,0.0,0.0,0.0,0.0,0.0,0.0,0.0,0.0,0.0039,0.0039,0.0039,0.0078,0.0078,0.0078,0.0078,0.0118,0.0118,0.0118,0.0118,0.0118,0.0118,0.0118,0.0118,0.0118,0.0196,0.0235,0.0235,0.0275,0.0275,0.0275,0.0275,0.0314,0.0314,0.051,0.051,0.0549,0.0627,0.0667,0.0706,0.0784,0.0941,0.1098,0.1176,0.1373,0.1569,0.1765,0.1961,0.2,0.2118,0.2235,0.2353,0.2392,0.2431,0.2471,0.2471,0.2588,0.2627,0.2627,0.2627,0.2627,0.2627
Áustria,0.0,0.0,0.0,0.0,0.0,0.0,0.0,0.0,0.0,0.0,0.0,0.0,0.0,0.0,0.0,0.0,0.0,0.0,0.0,0.0,0.0,0.0,0.0,0.0,0.0,0.0,0.0,0.0,0.0,0.0,0.0,0.0,0.0,0.0,0.0,0.0,0.0,0.0,0.0,0.0,0.0,0.0,0.0,0.0,0.0,0.0,0.0,0.0,0.0,0.0,0.0111,0.0111,0.0111,0.0111,0.0333,0.0333,0.0444,0.0666,0.0666,0.0888,0.1777,0.2332,0.3109,0.3331,0.5441,0.644,0.755,0.9549,1.1991,1.4212,1.6211,1.7543,1.8653,2.0652,2.2651,2.4427,2.6981,3.0312,3.2754,3.5419,3.7418,3.8861,4.086,4.2636,4.3636,4.5523,4.7855,4.9187,5.0187,5.2185,5.4517,5.6626
Azerbaijão,0.0,0.0,0.0,0.0,0.0,0.0,0.0,0.0,0.0,0.0,0.0,0.0,0.0,0.0,0.0,0.0,0.0,0.0,0.0,0.0,0.0,0.0,0.0,0.0,0.0,0.0,0.0,0.0,0.0,0.0,0.0,0.0,0.0,0.0,0.0,0.0,0.0,0.0,0.0,0.0,0.0,0.0,0.0,0.0,0.0,0.0,0.0,0.0,0.0,0.0,0.0,0.0099,0.0099,0.0099,0.0099,0.0099,0.0099,0.0099,0.0099,0.0099,0.0099,0.0099,0.0099,0.0197,0.0296,0.0296,0.0395,0.0395,0.0395,0.0493,0.0493,0.0493,0.0493,0.0493,0.069,0.069,0.0789,0.0789,0.0888,0.0986,0.1085,0.1085,0.1184,0.1282,0.1282,0.1479,0.1479,0.1775,0.1874,0.1874,0.1973,0.1973
Bahamas,0.0,0.0,0.0,0.0,0.0,0.0,0.0,0.0,0.0,0.0,0.0,0.0,0.0,0.0,0.0,0.0,0.0,0.0,0.0,0.0,0.0,0.0,0.0,0.0,0.0,0.0,0.0,0.0,0.0,0.0,0.0,0.0,0.0,0.0,0.0,0.0,0.0,0.0,0.0,0.0,0.0,0.0,0.0,0.0,0.0,0.0,0.0,0.0,0.0,0.0,0.0,0.0,0.0,0.0,0.0,0.0,0.0,0.0,0.0,0.0,0.0,0.0,0.0,0.0,0.0,0.0,0.0,0.0,0.0,0.0,0.2543,0.2543,0.2543,1.0172,1.0172,1.2715,1.5258,1.7801,2.0344,2.0344,2.0344,2.0344,2.0344,2.0344,2.0344,2.0344,2.2887,2.2887,2.2887,2.2887,2.2887,2.2887
Bahrein,0.0,0.0,0.0,0.0,0.0,0.0,0.0,0.0,0.0,0.0,0.0,0.0,0.0,0.0,0.0,0.0,0.0,0.0,0.0,0.0,0.0,0.0,0.0,0.0,0.0,0.0,0.0,0.0,0.0,0.0,0.0,0.0,0.0,0.0,0.0,0.0,0.0,0.0,0.0,0.0,0.0,0.0,0.0,0.0,0.0,0.0,0.0,0.0,0.0,0.0,0.0,0.0,0.0,0.0,0.0588,0.0588,0.0588,0.0588,0.0588,0.0588,0.1175,0.1175,0.1763,0.2351,0.2351,0.2351,0.2351,0.2351,0.2351,0.2351,0.2351,0.2351,0.2351,0.2351,0.2351,0.2351,0.2938,0.2938,0.2938,0.3526,0.3526,0.3526,0.3526,0.4114,0.4114,0.4114,0.4114,0.4114,0.4114,0.4114,0.4114,0.4114
Bangladesh,0.0,0.0,0.0,0.0,0.0,0.0,0.0,0.0,0.0,0.0,0.0,0.0,0.0,0.0,0.0,0.0,0.0,0.0,0.0,0.0,0.0,0.0,0.0,0.0,0.0,0.0,0.0,0.0,0.0,0.0,0.0,0.0,0.0,0.0,0.0,0.0,0.0,0.0,0.0,0.0,0.0,0.0,0.0,0.0,0.0,0.0,0.0,0.0,0.0,0.0,0.0,0.0,0.0,0.0,0.0,0.0,0.0006,0.0006,0.0006,0.0012,0.0012,0.0018,0.0024,0.003,0.003,0.003,0.003,0.003,0.003,0.003,0.0036,0.0036,0.0036,0.0049,0.0055,0.0073,0.0103,0.0121,0.0128,0.0164,0.0182,0.0206,0.0237,0.0279,0.0304,0.0364,0.0455,0.051,0.0553,0.0613,0.0668,0.0729
Barbados,0.0,0.0,0.0,0.0,0.0,0.0,0.0,0.0,0.0,0.0,0.0,0.0,0.0,0.0,0.0,0.0,0.0,0.0,0.0,0.0,0.0,0.0,0.0,0.0,0.0,0.0,0.0,0.0,0.0,0.0,0.0,0.0,0.0,0.0,0.0,0.0,0.0,0.0,0.0,0.0,0.0,0.0,0.0,0.0,0.0,0.0,0.0,0.0,0.0,0.0,0.0,0.0,0.0,0.0,0.0,0.0,0.0,0.0,0.0,0.0,0.0,0.0,0.0,0.0,0.0,0.0,0.0,0.0,0.0,0.0,0.0,0.0,0.0,0.0,0.348,0.696,1.0439,1.0439,1.0439,1.3919,1.3919,1.3919,1.3919,1.3919,1.7399,1.7399,1.7399,1.7399,1.7399,1.7399,1.7399,1.7399
Bielorrússia,0.0,0.0,0.0,0.0,0.0,0.0,0.0,0.0,0.0,0.0,0.0,0.0,0.0,0.0,0.0,0.0,0.0,0.0,0.0,0.0,0.0,0.0,0.0,0.0,0.0,0.0,0.0,0.0,0.0,0.0,0.0,0.0,0.0,0.0,0.0,0.0,0.0,0.0,0.0,0.0,0.0,0.0,0.0,0.0,0.0,0.0,0.0,0.0,0.0,0.0,0.0,0.0,0.0,0.0,0.0,0.0,0.0,0.0,0.0,0.0,0.0,0.0,0.0,0.0,0.0,0.0,0.0,0.0,0.0,0.0106,0.0212,0.0423,0.0423,0.0529,0.0847,0.1376,0.1376,0.1376,0.1693,0.2011,0.2434,0.2752,0.3069,0.3492,0.381,0.4233,0.4445,0.4762,0.4974,0.5397,0.5821,0.6138
Bélgica,0.0,0.0,0.0,0.0,0.0,0.0,0.0,0.0,0.0,0.0,0.0,0.0,0.0,0.0,0.0,0.0,0.0,0.0,0.0,0.0,0.0,0.0,0.0,0.0,0.0,0.0,0.0,0.0,0.0,0.0,0.0,0.0,0.0,0.0,0.0,0.0,0.0,0.0,0.0,0.0,0.0,0.0,0.0,0.0,0.0,0.0,0.0,0.0,0.0,0.0259,0.0259,0.0259,0.0345,0.0345,0.0431,0.0863,0.1208,0.1812,0.3193,0.5781,0.6471,0.7593,1.0527,1.5359,1.8982,2.4936,3.0458,3.7188,4.4264,6.083,7.1443,8.7233,9.8623,11.0702,12.4853,14.0816,17.5588,19.3276,21.7695,26.0492,28.8707,31.0623,33.6767,35.8683,38.3101,41.9082,44.5485,47.0507,49.0352,50.2864,51.7532,54.0311
Belize,0.0,0.0,0.0,0.0,0.0,0.0,0.0,0.0,0.0,0.0,0.0,0.0,0.0,0.0,0.0,0.0,0.0,0.0,0.0,0.0,0.0,0.0,0.0,0.0,0.0,0.0,0.0,0.0,0.0,0.0,0.0,0.0,0.0,0.0,0.0,0.0,0.0,0.0,0.0,0.0,0.0,0.0,0.0,0.0,0.0,0.0,0.0,0.0,0.0,0.0,0.0,0.0,0.0,0.0,0.0,0.0,0.0,0.0,0.0,0.0,0.0,0.0,0.0,0.0,0.0,0.0,0.0,0.0,0.0,0.0,0.0,0.0,0.0,0.0,0.0,0.2515,0.2515,0.2515,0.2515,0.503,0.503,0.503,0.503,0.503,0.503,0.503,0.503,0.503,0.503,0.503,0.503,0.503
Benim,0.0,0.0,0.0,0.0,0.0,0.0,0.0,0.0,0.0,0.0,0.0,0.0,0.0,0.0,0.0,0.0,0.0,0.0,0.0,0.0,0.0,0.0,0.0,0.0,0.0,0.0,0.0,0.0,0.0,0.0,0.0,0.0,0.0,0.0,0.0,0.0,0.0,0.0,0.0,0.0,0.0,0.0,0.0,0.0,0.0,0.0,0.0,0.0,0.0,0.0,0.0,0.0,0.0,0.0,0.0,0.0,0.0,0.0,0.0,0.0,0.0,0.0,0.0,0.0,0.0,0.0,0.0,0.0,0.0,0.0,0.0,0.0,0.0,0.0,0.0,0.0082,0.0082,0.0082,0.0082,0.0082,0.0082,0.0082,0.0082,0.0082,0.0082,0.0082,0.0082,0.0082,0.0082,0.0082,0.0082,0.0082
Butão,0.0,0.0,0.0,0.0,0.0,0.0,0.0,0.0,0.0,0.0,0.0,0.0,0.0,0.0,0.0,0.0,0.0,0.0,0.0,0.0,0.0,0.0,0.0,0.0,0.0,0.0,0.0,0.0,0.0,0.0,0.0,0.0,0.0,0.0,0.0,0.0,0.0,0.0,0.0,0.0,0.0,0.0,0.0,0.0,0.0,0.0,0.0,0.0,0.0,0.0,0.0,0.0,0.0,0.0,0.0,0.0,0.0,0.0,0.0,0.0,0.0,0.0,0.0,0.0,0.0,0.0,0.0,0.0,0.0,0.0,0.0,0.0,0.0,0.0,0.0,0.0,0.0,0.0,0.0,0.0,0.0,0.0,0.0,0.0,0.0,0.0,0.0,0.0,0.0,0.0,0.0,0.0
Bolívia,0.0,0.0,0.0,0.0,0.0,0.0,0.0,0.0,0.0,0.0,0.0,0.0,0.0,0.0,0.0,0.0,0.0,0.0,0.0,0.0,0.0,0.0,0.0,0.0,0.0,0.0,0.0,0.0,0.0,0.0,0.0,0.0,0.0,0.0,0.0,0.0,0.0,0.0,0.0,0.0,0.0,0.0,0.0,0.0,0.0,0.0,0.0,0.0,0.0,0.0,0.0,0.0,0.0,0.0,0.0,0.0,0.0,0.0,0.0,0.0,0.0,0.0,0.0,0.0,0.0,0.0,0.0,0.0086,0.0343,0.0514,0.06,0.0685,0.0771,0.0857,0.0857,0.0942,0.1199,0.1285,0.1542,0.1628,0.1713,0.2056,0.2313,0.2399,0.2399,0.2484,0.2656,0.2656,0.2741,0.2827,0.2913,0.317
Bósnia e Herzegovina,0.0,0.0,0.0,0.0,0.0,0.0,0.0,0.0,0.0,0.0,0.0,0.0,0.0,0.0,0.0,0.0,0.0,0.0,0.0,0.0,0.0,0.0,0.0,0.0,0.0,0.0,0.0,0.0,0.0,0.0,0.0,0.0,0.0,0.0,0.0,0.0,0.0,0.0,0.0,0.0,0.0,0.0,0.0,0.0,0.0,0.0,0.0,0.0,0.0,0.0,0.0,0.0,0.0,0.0,0.0,0.0,0.0,0.0,0.0,0.0305,0.0305,0.0305,0.0914,0.0914,0.0914,0.1219,0.1524,0.1829,0.3048,0.3962,0.3962,0.4877,0.5182,0.6401,0.701,0.8839,1.0058,1.0363,1.0668,1.0973,1.1278,1.1887,1.1887,1.2192,1.2497,1.3106,1.4021,1.4326,1.463,1.4935,1.5545,1.6155
Botswana,0.0,0.0,0.0,0.0,0.0,0.0,0.0,0.0,0.0,0.0,0.0,0.0,0.0,0.0,0.0,0.0,0.0,0.0,0.0,0.0,0.0,0.0,0.0,0.0,0.0,0.0,0.0,0.0,0.0,0.0,0.0,0.0,0.0,0.0,0.0,0.0,0.0,0.0,0.0,0.0,0.0,0.0,0.0,0.0,0.0,0.0,0.0,0.0,0.0,0.0,0.0,0.0,0.0,0.0,0.0,0.0,0.0,0.0,0.0,0.0,0.0,0.0,0.0,0.0,0.0,0.0,0.0,0.0,0.0,0.0425,0.0425,0.0425,0.0425,0.0425,0.0425,0.0425,0.0425,0.0425,0.0425,0.0425,0.0425,0.0425,0.0425,0.0425,0.0425,0.0425,0.0425,0.0425,0.0425,0.0425,0.0425,0.0425
Brasil,0.0,0.0,0.0,0.0,0.0,0.0,0.0,0.0,0.0,0.0,0.0,0.0,0.0,0.0,0.0,0.0,0.0,0.0,0.0,0.0,0.0,0.0,0.0,0.0,0.0,0.0,0.0,0.0,0.0,0.0,0.0,0.0,0.0,0.0,0.0,0.0,0.0,0.0,0.0,0.0,0.0,0.0,0.0,0.0,0.0,0.0,0.0,0.0,0.0,0.0,0.0,0.0,0.0,0.0,0.0,0.0005,0.0014,0.0028,0.0052,0.0071,0.0118,0.016,0.0216,0.0278,0.0362,0.0433,0.0522,0.064,0.0748,0.0946,0.1129,0.1524,0.1689,0.2094,0.2286,0.2653,0.3227,0.3853,0.4469,0.4973,0.5288,0.5754,0.6248,0.7207,0.8167,0.9052,1.0072,1.1075,1.1583,1.2171,1.2895,1.3671
Brunei,0.0,0.0,0.0,0.0,0.0,0.0,0.0,0.0,0.0,0.0,0.0,0.0,0.0,0.0,0.0,0.0,0.0,0.0,0.0,0.0,0.0,0.0,0.0,0.0,0.0,0.0,0.0,0.0,0.0,0.0,0.0,0.0,0.0,0.0,0.0,0.0,0.0,0.0,0.0,0.0,0.0,0.0,0.0,0.0,0.0,0.0,0.0,0.0,0.0,0.0,0.0,0.0,0.0,0.0,0.0,0.0,0.0,0.0,0.0,0.0,0.0,0.0,0.0,0.0,0.0,0.0,0.2286,0.2286,0.2286,0.2286,0.2286,0.2286,0.2286,0.2286,0.2286,0.2286,0.2286,0.2286,0.2286,0.2286,0.2286,0.2286,0.2286,0.2286,0.2286,0.2286,0.2286,0.2286,0.2286,0.2286,0.2286,0.2286
Bulgária,0.0,0.0,0.0,0.0,0.0,0.0,0.0,0.0,0.0,0.0,0.0,0.0,0.0,0.0,0.0,0.0,0.0,0.0,0.0,0.0,0.0,0.0,0.0,0.0,0.0,0.0,0.0,0.0,0.0,0.0,0.0,0.0,0.0,0.0,0.0,0.0,0.0,0.0,0.0,0.0,0.0,0.0,0.0,0.0,0.0,0.0,0.0,0.0,0.0,0.0144,0.0144,0.0144,0.0288,0.0288,0.0288,0.0288,0.0288,0.0432,0.0432,0.0432,0.0432,0.0432,0.0432,0.0432,0.0432,0.0432,0.1007,0.1151,0.1151,0.1151,0.1439,0.1439,0.2015,0.2447,0.2878,0.3166,0.331,0.3454,0.3454,0.3598,0.403,0.4174,0.4605,0.5037,0.5181,0.5469,0.5901,0.5901,0.6045,0.6188,0.6476,0.7052
Burkina Faso,0.0,0.0,0.0,0.0,0.0,0.0,0.0,0.0,0.0,0.0,0.0,0.0,0.0,0.0,0.0,0.0,0.0,0.0,0.0,0.0,0.0,0.0,0.0,0.0,0.0,0.0,0.0,0.0,0.0,0.0,0.0,0.0,0.0,0.0,0.0,0.0,0.0,0.0,0.0,0.0,0.0,0.0,0.0,0.0,0.0,0.0,0.0,0.0,0.0,0.0,0.0,0.0,0.0,0.0,0.0,0.0,0.0048,0.0048,0.0048,0.0096,0.0191,0.0191,0.0191,0.0191,0.0335,0.0431,0.0526,0.0574,0.0574,0.067,0.0765,0.0765,0.0765,0.0765,0.0813,0.0861,0.0909,0.11,0.1148,0.1148,0.1292,0.1292,0.1292,0.1435,0.1531,0.1531,0.1674,0.1722,0.1722,0.1818,0.1818,0.1866
Myanmar,0.0,0.0,0.0,0.0,0.0,0.0,0.0,0.0,0.0,0.0,0.0,0.0,0.0,0.0,0.0,0.0,0.0,0.0,0.0,0.0,0.0,0.0,0.0,0.0,0.0,0.0,0.0,0.0,0.0,0.0,0.0,0.0,0.0,0.0,0.0,0.0,0.0,0.0,0.0,0.0,0.0,0.0,0.0,0.0,0.0,0.0,0.0,0.0,0.0,0.0,0.0,0.0,0.0,0.0,0.0,0.0,0.0,0.0,0.0,0.0,0.0,0.0,0.0,0.0,0.0,0.0,0.0,0.0,0.0,0.0018,0.0018,0.0018,0.0018,0.0018,0.0018,0.0018,0.0018,0.0055,0.0055,0.0055,0.0055,0.0074,0.0074,0.0074,0.0074,0.0074,0.0074,0.0092,0.0092,0.0092,0.0092,0.0092
Burundi,0.0,0.0,0.0,0.0,0.0,0.0,0.0,0.0,0.0,0.0,0.0,0.0,0.0,0.0,0.0,0.0,0.0,0.0,0.0,0.0,0.0,0.0,0.0,0.0,0.0,0.0,0.0,0.0,0.0,0.0,0.0,0.0,0.0,0.0,0.0,0.0,0.0,0.0,0.0,0.0,0.0,0.0,0.0,0.0,0.0,0.0,0.0,0.0,0.0,0.0,0.0,0.0,0.0,0.0,0.0,0.0,0.0,0.0,0.0,0.0,0.0,0.0,0.0,0.0,0.0,0.0,0.0,0.0,0.0,0.0,0.0,0.0,0.0,0.0,0.0,0.0,0.0,0.0,0.0,0.0,0.0,0.0,0.0084,0.0084,0.0084,0.0084,0.0084,0.0084,0.0084,0.0084,0.0084,0.0084
Cabo Verde,0.0,0.0,0.0,0.0,0.0,0.0,0.0,0.0,0.0,0.0,0.0,0.0,0.0,0.0,0.0,0.0,0.0,0.0,0.0,0.0,0.0,0.0,0.0,0.0,0.0,0.0,0.0,0.0,0.0,0.0,0.0,0.0,0.0,0.0,0.0,0.0,0.0,0.0,0.0,0.0,0.0,0.0,0.0,0.0,0.0,0.0,0.0,0.0,0.0,0.0,0.0,0.0,0.0,0.0,0.0,0.0,0.0,0.0,0.0,0.0,0.0,0.0,0.1799,0.1799,0.1799,0.1799,0.1799,0.1799,0.1799,0.1799,0.1799,0.1799,0.1799,0.1799,0.1799,0.1799,0.1799,0.1799,0.1799,0.1799,0.1799,0.1799,0.1799,0.1799,0.1799,0.1799,0.1799,0.1799,0.1799,0.1799,0.1799,0.1799
Camboja,0.0,0.0,0.0,0.0,0.0,0.0,0.0,0.0,0.0,0.0,0.0,0.0,0.0,0.0,0.0,0.0,0.0,0.0,0.0,0.0,0.0,0.0,0.0,0.0,0.0,0.0,0.0,0.0,0.0,0.0,0.0,0.0,0.0,0.0,0.0,0.0,0.0,0.0,0.0,0.0,0.0,0.0,0.0,0.0,0.0,0.0,0.0,0.0,0.0,0.0,0.0,0.0,0.0,0.0,0.0,0.0,0.0,0.0,0.0,0.0,0.0,0.0,0.0,0.0,0.0,0.0,0.0,0.0,0.0,0.0,0.0,0.0,0.0,0.0,0.0,0.0,0.0,0.0,0.0,0.0,0.0,0.0,0.0,0.0,0.0,0.0,0.0,0.0,0.0,0.0,0.0,0.0
Camarões,0.0,0.0,0.0,0.0,0.0,0.0,0.0,0.0,0.0,0.0,0.0,0.0,0.0,0.0,0.0,0.0,0.0,0.0,0.0,0.0,0.0,0.0,0.0,0.0,0.0,0.0,0.0,0.0,0.0,0.0,0.0,0.0,0.0,0.0,0.0,0.0,0.0,0.0,0.0,0.0,0.0,0.0,0.0,0.0,0.0,0.0,0.0,0.0,0.0,0.0,0.0,0.0,0.0,0.0,0.0,0.0,0.0,0.0,0.0,0.0,0.0,0.0,0.0,0.0038,0.0038,0.0075,0.0075,0.0226,0.0226,0.0226,0.0226,0.0264,0.0301,0.0339,0.0339,0.0339,0.0339,0.0377,0.0377,0.0452,0.0452,0.0452,0.0452,0.0527,0.064,0.0829,0.0829,0.0829,0.1582,0.1582,0.162,0.162
Canadá,0.0,0.0,0.0,0.0,0.0,0.0,0.0,0.0,0.0,0.0,0.0,0.0,0.0,0.0,0.0,0.0,0.0,0.0,0.0,0.0,0.0,0.0,0.0,0.0,0.0,0.0,0.0,0.0,0.0,0.0,0.0,0.0,0.0,0.0,0.0,0.0,0.0,0.0,0.0,0.0,0.0,0.0,0.0,0.0,0.0,0.0,0.0,0.0026,0.0026,0.0026,0.0026,0.0026,0.0026,0.0026,0.0106,0.0132,0.0212,0.0238,0.0318,0.0503,0.0556,0.0662,0.0689,0.0795,0.1007,0.1431,0.1616,0.1696,0.212,0.2676,0.2888,0.3683,0.4743,0.5776,0.6862,0.8982,0.9936,1.0784,1.3327,1.4758,1.7328,1.8918,2.064,2.382,2.6655,3.3305,3.5875,3.7067,4.1413,4.5705,5.0554,5.4978
República Centro-Africana,0.0,0.0,0.0,0.0,0.0,0.0,0.0,0.0,0.0,0.0,0.0,0.0,0.0,0.0,0.0,0.0,0.0,0.0,0.0,0.0,0.0,0.0,0.0,0.0,0.0,0.0,0.0,0.0,0.0,0.0,0.0,0.0,0.0,0.0,0.0,0.0,0.0,0.0,0.0,0.0,0.0,0.0,0.0,0.0,0.0,0.0,0.0,0.0,0.0,0.0,0.0,0.0,0.0,0.0,0.0,0.0,0.0,0.0,0.0,0.0,0.0,0.0,0.0,0.0,0.0,0.0,0.0,0.0,0.0,0.0,0.0,0.0,0.0,0.0,0.0,0.0,0.0,0.0,0.0,0.0,0.0,0.0,0.0,0.0,0.0,0.0,0.0,0.0,0.0,0.0,0.0,0.0
Chade,0.0,0.0,0.0,0.0,0.0,0.0,0.0,0.0,0.0,0.0,0.0,0.0,0.0,0.0,0.0,0.0,0.0,0.0,0.0,0.0,0.0,0.0,0.0,0.0,0.0,0.0,0.0,0.0,0.0,0.0,0.0,0.0,0.0,0.0,0.0,0.0,0.0,0.0,0.0,0.0,0.0,0.0,0.0,0.0,0.0,0.0,0.0,0.0,0.0,0.0,0.0,0.0,0.0,0.0,0.0,0.0,0.0,0.0,0.0,0.0,0.0,0.0,0.0,0.0,0.0,0.0,0.0,0.0,0.0,0.0,0.0,0.0,0.0,0.0,0.0,0.0,0.0,0.0,0.0,0.0,0.0,0.0,0.0,0.0,0.0,0.0,0.0,0.0,0.0,0.0,0.0,0.0
Chile,0.0,0.0,0.0,0.0,0.0,0.0,0.0,0.0,0.0,0.0,0.0,0.0,0.0,0.0,0.0,0.0,0.0,0.0,0.0,0.0,0.0,0.0,0.0,0.0,0.0,0.0,0.0,0.0,0.0,0.0,0.0,0.0,0.0,0.0,0.0,0.0,0.0,0.0,0.0,0.0,0.0,0.0,0.0,0.0,0.0,0.0,0.0,0.0,0.0,0.0,0.0,0.0,0.0,0.0,0.0,0.0,0.0,0.0,0.0,0.0,0.0052,0.0105,0.0105,0.0157,0.0209,0.0262,0.0314,0.0366,0.0418,0.0628,0.0837,0.0942,0.1151,0.1412,0.1779,0.1936,0.2249,0.2511,0.2982,0.34,0.3819,0.4185,0.429,0.4813,0.4917,0.5493,0.6068,0.6591,0.6957,0.7271,0.769,0.837
China,0.0012,0.0013,0.0018,0.0029,0.0039,0.0057,0.0091,0.0092,0.0119,0.0148,0.018,0.0251,0.0295,0.0341,0.0391,0.044,0.0499,0.0559,0.0629,0.0703,0.0773,0.0776,0.0951,0.1057,0.1155,0.1227,0.1295,0.1392,0.147,0.1555,0.1555,0.1697,0.1699,0.1803,0.1852,0.1888,0.1908,0.1938,0.1971,0.1995,0.2025,0.2047,0.2073,0.2095,0.2115,0.2134,0.2154,0.217,0.2181,0.2196,0.2204,0.2209,0.2218,0.2225,0.2235,0.2244,0.2252,0.2257,0.226,0.2264,0.2275,0.2275,0.228,0.2282,0.2286,0.229,0.2292,0.2296,0.2298,0.2299,0.2304,0.2308,0.2311,0.2314,0.2316,0.2317,0.2317,0.2318,0.232,0.2321,0.2323,0.2323,0.2324,0.2324,0.2325,0.2325,0.3221,0.3221,0.3221,0.3221,0.3221,0.3221
Colômbia,0.0,0.0,0.0,0.0,0.0,0.0,0.0,0.0,0.0,0.0,0.0,0.0,0.0,0.0,0.0,0.0,0.0,0.0,0.0,0.0,0.0,0.0,0.0,0.0,0.0,0.0,0.0,0.0,0.0,0.0,0.0,0.0,0.0,0.0,0.0,0.0,0.0,0.0,0.0,0.0,0.0,0.0,0.0,0.0,0.0,0.0,0.0,0.0,0.0,0.0,0.0,0.0,0.0,0.0,0.0,0.0,0.0,0.0,0.0,0.0,0.0039,0.0059,0.0059,0.0079,0.0118,0.0118,0.0118,0.0197,0.0236,0.0314,0.0334,0.0373,0.0491,0.0629,0.0688,0.0904,0.0983,0.1061,0.1356,0.1572,0.1965,0.2142,0.2201,0.2496,0.2575,0.283,0.3007,0.3007,0.3518,0.3714,0.3852,0.4049
República do Congo,0.0,0.0,0.0,0.0,0.0,0.0,0.0,0.0,0.0,0.0,0.0,0.0,0.0,0.0,0.0,0.0,0.0,0.0,0.0,0.0,0.0,0.0,0.0,0.0,0.0,0.0,0.0,0.0,0.0,0.0,0.0,0.0,0.0,0.0,0.0,0.0,0.0,0.0,0.0,0.0,0.0,0.0,0.0,0.0,0.0,0.0,0.0,0.0,0.0,0.0,0.0,0.0,0.0,0.0,0.0,0.0,0.0,0.0,0.0,0.0,0.0,0.0,0.0,0.0,0.0,0.0,0.0,0.0,0.0,0.0,0.0,0.0362,0.0362,0.0362,0.0906,0.0906,0.0906,0.0906,0.0906,0.0906,0.0906,0.0906,0.0906,0.0906,0.0906,0.0906,0.1087,0.1087,0.1087,0.1087,0.1087,0.1087
República Democrática do Congo,0.0,0.0,0.0,0.0,0.0,0.0,0.0,0.0,0.0,0.0,0.0,0.0,0.0,0.0,0.0,0.0,0.0,0.0,0.0,0.0,0.0,0.0,0.0,0.0,0.0,0.0,0.0,0.0,0.0,0.0,0.0,0.0,0.0,0.0,0.0,0.0,0.0,0.0,0.0,0.0,0.0,0.0,0.0,0.0,0.0,0.0,0.0,0.0,0.0,0.0,0.0,0.0,0.0,0.0,0.0,0.0,0.0,0.0,0.0,0.0011,0.0011,0.0011,0.0022,0.0022,0.0033,0.0033,0.0067,0.0067,0.0089,0.0089,0.01,0.0145,0.0145,0.0201,0.0201,0.0201,0.0201,0.0201,0.0201,0.0223,0.0223,0.0223,0.0223,0.0223,0.0234,0.0246,0.0257,0.0279,0.0279,0.0279,0.0279,0.0279
Costa Rica,0.0,0.0,0.0,0.0,0.0,0.0,0.0,0.0,0.0,0.0,0.0,0.0,0.0,0.0,0.0,0.0,0.0,0.0,0.0,0.0,0.0,0.0,0.0,0.0,0.0,0.0,0.0,0.0,0.0,0.0,0.0,0.0,0.0,0.0,0.0,0.0,0.0,0.0,0.0,0.0,0.0,0.0,0.0,0.0,0.0,0.0,0.0,0.0,0.0,0.0,0.0,0.0,0.0,0.0,0.0,0.0,0.0,0.0196,0.0196,0.0393,0.0393,0.0393,0.0393,0.0393,0.0393,0.0393,0.0393,0.0393,0.0393,0.0393,0.0393,0.0393,0.0393,0.0393,0.0393,0.0393,0.0393,0.0589,0.0589,0.0589,0.0589,0.0589,0.0589,0.0589,0.0785,0.0785,0.0785,0.0785,0.0982,0.1178,0.1178,0.1178
Costa do Marfim,0.0,0.0,0.0,0.0,0.0,0.0,0.0,0.0,0.0,0.0,0.0,0.0,0.0,0.0,0.0,0.0,0.0,0.0,0.0,0.0,0.0,0.0,0.0,0.0,0.0,0.0,0.0,0.0,0.0,0.0,0.0,0.0,0.0,0.0,0.0,0.0,0.0,0.0,0.0,0.0,0.0,0.0,0.0,0.0,0.0,0.0,0.0,0.0,0.0,0.0,0.0,0.0,0.0,0.0,0.0,0.0,0.0,0.0,0.0,0.0,0.0,0.0,0.0,0.0,0.0,0.0,0.0,0.0038,0.0038,0.0038,0.0038,0.0038,0.0038,0.0038,0.0114,0.0114,0.0114,0.0114,0.0114,0.0114,0.0152,0.019,0.0227,0.0227,0.0227,0.0227,0.0227,0.0303,0.0341,0.0341,0.0493,0.0531
Croácia,0.0,0.0,0.0,0.0,0.0,0.0,0.0,0.0,0.0,0.0,0.0,0.0,0.0,0.0,0.0,0.0,0.0,0.0,0.0,0.0,0.0,0.0,0.0,0.0,0.0,0.0,0.0,0.0,0.0,0.0,0.0,0.0,0.0,0.0,0.0,0.0,0.0,0.0,0.0,0.0,0.0,0.0,0.0,0.0,0.0,0.0,0.0,0.0,0.0,0.0,0.0,0.0,0.0,0.0,0.0,0.0,0.0,0.0244,0.0244,0.0244,0.0244,0.0244,0.0244,0.0244,0.0731,0.0731,0.1218,0.1462,0.1462,0.1462,0.1462,0.1705,0.1949,0.2923,0.3654,0.3897,0.4385,0.4628,0.4872,0.5115,0.5115,0.5603,0.609,0.7551,0.8038,0.8526,0.8769,0.95,1.1449,1.1449,1.1692,1.1692
Cuba,0.0,0.0,0.0,0.0,0.0,0.0,0.0,0.0,0.0,0.0,0.0,0.0,0.0,0.0,0.0,0.0,0.0,0.0,0.0,0.0,0.0,0.0,0.0,0.0,0.0,0.0,0.0,0.0,0.0,0.0,0.0,0.0,0.0,0.0,0.0,0.0,0.0,0.0,0.0,0.0,0.0,0.0,0.0,0.0,0.0,0.0,0.0,0.0,0.0,0.0,0.0,0.0,0.0,0.0,0.0,0.0,0.0088,0.0088,0.0088,0.0088,0.0088,0.0088,0.0088,0.0088,0.0177,0.0177,0.0265,0.0265,0.0353,0.053,0.053,0.053,0.053,0.053,0.0706,0.0795,0.0971,0.1059,0.1324,0.1324,0.1413,0.1589,0.1854,0.1854,0.2119,0.2384,0.2737,0.2825,0.3002,0.3178,0.3355,0.3532
Chipre,0.0,0.0,0.0,0.0,0.0,0.0,0.0,0.0,0.0,0.0,0.0,0.0,0.0,0.0,0.0,0.0,0.0,0.0,0.0,0.0,0.0,0.0,0.0,0.0,0.0,0.0,0.0,0.0,0.0,0.0,0.0,0.0,0.0,0.0,0.0,0.0,0.0,0.0,0.0,0.0,0.0,0.0,0.0,0.0,0.0,0.0,0.0,0.0,0.0,0.0,0.0,0.0,0.0,0.0,0.0,0.0,0.0,0.0,0.0,0.0,0.0828,0.0828,0.2485,0.2485,0.2485,0.4141,0.4141,0.4141,0.5798,0.6626,0.7454,0.8283,0.9111,0.9111,0.7454,0.7454,0.7454,0.7454,0.8283,0.8283,0.8283,0.9111,0.9939,0.9939,0.9939,0.9939,0.9939,0.9939,0.9939,0.9939,0.9939,1.0767
República Tcheca,0.0,0.0,0.0,0.0,0.0,0.0,0.0,0.0,0.0,0.0,0.0,0.0,0.0,0.0,0.0,0.0,0.0,0.0,0.0,0.0,0.0,0.0,0.0,0.0,0.0,0.0,0.0,0.0,0.0,0.0,0.0,0.0,0.0,0.0,0.0,0.0,0.0,0.0,0.0,0.0,0.0,0.0,0.0,0.0,0.0,0.0,0.0,0.0,0.0,0.0,0.0,0.0,0.0,0.0,0.0,0.0,0.0,0.0,0.0,0.0,0.0093,0.0093,0.028,0.056,0.084,0.084,0.1027,0.1494,0.2148,0.2895,0.3642,0.4109,0.4949,0.5509,0.6256,0.7284,0.8217,0.9245,1.0459,1.1112,1.2046,1.2886,1.3353,1.5034,1.5501,1.5781,1.6155,1.6902,1.7369,1.8116,1.8769,1.9423
Dinamarca,0.0,0.0,0.0,0.0,0.0,0.0,0.0,0.0,0.0,0.0,0.0,0.0,0.0,0.0,0.0,0.0,0.0,0.0,0.0,0.0,0.0,0.0,0.0,0.0,0.0,0.0,0.0,0.0,0.0,0.0,0.0,0.0,0.0,0.0,0.0,0.0,0.0,0.0,0.0,0.0,0.0,0.0,0.0,0.0,0.0,0.0,0.0,0.0,0.0,0.0,0.0,0.0,0.0173,0.0345,0.0518,0.0691,0.0691,0.1036,0.1554,0.2244,0.2244,0.4144,0.5525,0.587,0.7078,0.8978,1.1222,1.2431,1.3294,1.5538,1.7955,2.1235,2.3998,2.7796,3.0904,3.2285,3.5047,3.7637,4.0917,4.2644,4.4888,4.7132,4.9204,5.1621,5.3348,5.5419,5.8009,5.9735,6.1289,6.2843,6.3879,6.6296
Diamond Princess,0.0,0.0,0.0,0.0,0.0,0.0,0.0,0.0,0.0,0.0,0.0,0.0,0.0,0.0,0.0,0.0,0.0,0.0,0.0,0.0,0.0,0.0,0.0,0.0,0.0,0.0,0.0,0.0,0.0,53.8938,53.8938,53.8938,80.8407,80.8407,80.8407,107.7877,107.7877,161.6815,161.6815,161.6815,161.6815,161.6815,161.6815,161.6815,161.6815,161.6815,161.6815,161.6815,161.6815,188.6284,188.6284,188.6284,188.6284,188.6284,188.6284,188.6284,188.6284,188.6284,188.6284,215.5753,215.5753,215.5753,269.4691,269.4691,269.4691,269.4691,269.4691,269.4691,269.4691,269.4691,296.4161,296.4161,296.4161,296.4161,296.4161,296.4161,296.4161,296.4161,296.4161,296.4161,296.4161,296.4161,296.4161,323.363,323.363,323.363,350.3099,350.3099,350.3099,350.3099,350.3099,350.3099
Djibouti,0.0,0.0,0.0,0.0,0.0,0.0,0.0,0.0,0.0,0.0,0.0,0.0,0.0,0.0,0.0,0.0,0.0,0.0,0.0,0.0,0.0,0.0,0.0,0.0,0.0,0.0,0.0,0.0,0.0,0.0,0.0,0.0,0.0,0.0,0.0,0.0,0.0,0.0,0.0,0.0,0.0,0.0,0.0,0.0,0.0,0.0,0.0,0.0,0.0,0.0,0.0,0.0,0.0,0.0,0.0,0.0,0.0,0.0,0.0,0.0,0.0,0.0,0.0,0.0,0.0,0.0,0.0,0.0,0.0,0.0,0.0,0.0,0.0,0.0,0.0,0.0,0.0,0.0,0.0,101.2146,202.4291,202.4291,202.4291,202.4291,202.4291,202.4291,202.4291,202.4291,202.4291,202.4291,202.4291,202.4291
Domínica,0.0,0.0,0.0,0.0,0.0,0.0,0.0,0.0,0.0,0.0,0.0,0.0,0.0,0.0,0.0,0.0,0.0,0.0,0.0,0.0,0.0,0.0,0.0,0.0,0.0,0.0,0.0,0.0,0.0,0.0,0.0,0.0,0.0,0.0,0.0,0.0,0.0,0.0,0.0,0.0,0.0,0.0,0.0,0.0,0.0,0.0,0.0,0.0,0.0,0.0,0.0,0.0,0.0,0.0,0.0,0.0,0.0,0.0,0.0,0.0,0.0,0.0,0.0,0.0,0.0,0.0,0.0,0.0,0.0,0.0,0.0,0.0,0.0,0.0,0.0,0.0,0.0,0.0,0.0,0.0,0.0,0.0,0.0,0.0,0.0,0.0,0.0,0.0,0.0,0.0,0.0,0.0
República Dominicana,0.0,0.0,0.0,0.0,0.0,0.0,0.0,0.0,0.0,0.0,0.0,0.0,0.0,0.0,0.0,0.0,0.0,0.0,0.0,0.0,0.0,0.0,0.0,0.0,0.0,0.0,0.0,0.0,0.0,0.0,0.0,0.0,0.0,0.0,0.0,0.0,0.0,0.0,0.0,0.0,0.0,0.0,0.0,0.0,0.0,0.0,0.0,0.0,0.0,0.0,0.0,0.0,0.0,0.0,0.0,0.0092,0.0092,0.0184,0.0184,0.0184,0.0277,0.0277,0.0553,0.0922,0.0922,0.1844,0.2581,0.3595,0.3872,0.4701,0.5254,0.5531,0.6268,0.6268,0.7559,0.7928,0.9034,0.9956,1.0878,1.1615,1.2445,1.5948,1.6317,1.687,1.7423,1.8068,1.8437,2.0004,2.0834,2.1663,2.2585,2.3968
Equador,0.0,0.0,0.0,0.0,0.0,0.0,0.0,0.0,0.0,0.0,0.0,0.0,0.0,0.0,0.0,0.0,0.0,0.0,0.0,0.0,0.0,0.0,0.0,0.0,0.0,0.0,0.0,0.0,0.0,0.0,0.0,0.0,0.0,0.0,0.0,0.0,0.0,0.0,0.0,0.0,0.0,0.0,0.0,0.0,0.0,0.0,0.0,0.0,0.0,0.0,0.0,0.0,0.0113,0.0113,0.0113,0.0113,0.0113,0.017,0.0283,0.0397,0.0794,0.102,0.153,0.1587,0.1927,0.204,0.2721,0.3287,0.3401,0.4251,0.5271,0.6802,0.8219,0.9749,1.0202,1.0826,1.0826,1.3716,1.5417,1.6834,1.7854,1.8874,2.0121,2.0915,2.1992,2.2842,2.3862,2.5846,2.6866,2.8737,2.9473,3.0437
Egito,0.0,0.0,0.0,0.0,0.0,0.0,0.0,0.0,0.0,0.0,0.0,0.0,0.0,0.0,0.0,0.0,0.0,0.0,0.0,0.0,0.0,0.0,0.0,0.0,0.0,0.0,0.0,0.0,0.0,0.0,0.0,0.0,0.0,0.0,0.0,0.0,0.0,0.0,0.0,0.0,0.0,0.0,0.0,0.0,0.0,0.0,0.001,0.001,0.001,0.001,0.001,0.002,0.002,0.002,0.002,0.0039,0.0059,0.0059,0.0078,0.0098,0.0137,0.0186,0.0195,0.0205,0.0235,0.0293,0.0352,0.0391,0.0401,0.045,0.0508,0.0567,0.0645,0.0694,0.0762,0.0831,0.0919,0.1007,0.1153,0.1319,0.1427,0.1554,0.1603,0.1739,0.1788,0.1915,0.2003,0.2189,0.2335,0.2443,0.258,0.2697
El Salvador,0.0,0.0,0.0,0.0,0.0,0.0,0.0,0.0,0.0,0.0,0.0,0.0,0.0,0.0,0.0,0.0,0.0,0.0,0.0,0.0,0.0,0.0,0.0,0.0,0.0,0.0,0.0,0.0,0.0,0.0,0.0,0.0,0.0,0.0,0.0,0.0,0.0,0.0,0.0,0.0,0.0,0.0,0.0,0.0,0.0,0.0,0.0,0.0,0.0,0.0,0.0,0.0,0.0,0.0,0.0,0.0,0.0,0.0,0.0,0.0,0.0,0.0,0.0,0.0,0.0,0.0,0.0,0.0,0.0,0.0154,0.0154,0.0308,0.0308,0.0463,0.0463,0.0617,0.0617,0.0771,0.0925,0.0925,0.0925,0.0925,0.0925,0.0925,0.0925,0.0925,0.1079,0.1079,0.1079,0.1079,0.1079,0.1079
Guiné Equatorial,0.0,0.0,0.0,0.0,0.0,0.0,0.0,0.0,0.0,0.0,0.0,0.0,0.0,0.0,0.0,0.0,0.0,0.0,0.0,0.0,0.0,0.0,0.0,0.0,0.0,0.0,0.0,0.0,0.0,0.0,0.0,0.0,0.0,0.0,0.0,0.0,0.0,0.0,0.0,0.0,0.0,0.0,0.0,0.0,0.0,0.0,0.0,0.0,0.0,0.0,0.0,0.0,0.0,0.0,0.0,0.0,0.0,0.0,0.0,0.0,0.0,0.0,0.0,0.0,0.0,0.0,0.0,0.0,0.0,0.0,0.0,0.0,0.0,0.0,0.0,0.0,0.0,0.0,0.0,0.0,0.0,0.0,0.0,0.0,0.0,0.0,0.0,0.0,0.0,0.0,0.0,0.0713
Eritreia,0.0,0.0,0.0,0.0,0.0,0.0,0.0,0.0,0.0,0.0,0.0,0.0,0.0,0.0,0.0,0.0,0.0,0.0,0.0,0.0,0.0,0.0,0.0,0.0,0.0,0.0,0.0,0.0,0.0,0.0,0.0,0.0,0.0,0.0,0.0,0.0,0.0,0.0,0.0,0.0,0.0,0.0,0.0,0.0,0.0,0.0,0.0,0.0,0.0,0.0,0.0,0.0,0.0,0.0,0.0,0.0,0.0,0.0,0.0,0.0,0.0,0.0,0.0,0.0,0.0,0.0,0.0,0.0,0.0,0.0,0.0,0.0,0.0,0.0,0.0,0.0,0.0,0.0,0.0,0.0,0.0,0.0,0.0,0.0,0.0,0.0,0.0,0.0,0.0,0.0,0.0,0.0
Estónia,0.0,0.0,0.0,0.0,0.0,0.0,0.0,0.0,0.0,0.0,0.0,0.0,0.0,0.0,0.0,0.0,0.0,0.0,0.0,0.0,0.0,0.0,0.0,0.0,0.0,0.0,0.0,0.0,0.0,0.0,0.0,0.0,0.0,0.0,0.0,0.0,0.0,0.0,0.0,0.0,0.0,0.0,0.0,0.0,0.0,0.0,0.0,0.0,0.0,0.0,0.0,0.0,0.0,0.0,0.0,0.0,0.0,0.0,0.0,0.0,0.0,0.0,0.0,0.0754,0.0754,0.0754,0.0754,0.2262,0.2262,0.3015,0.3769,0.8292,0.9046,0.98,1.1308,1.4323,1.5831,1.8092,1.8092,1.8092,1.8092,1.8846,2.1108,2.3369,2.6385,2.7138,2.8646,2.8646,3.0154,3.0154,3.2415,3.3169
Essuatíni,0.0,0.0,0.0,0.0,0.0,0.0,0.0,0.0,0.0,0.0,0.0,0.0,0.0,0.0,0.0,0.0,0.0,0.0,0.0,0.0,0.0,0.0,0.0,0.0,0.0,0.0,0.0,0.0,0.0,0.0,0.0,0.0,0.0,0.0,0.0,0.0,0.0,0.0,0.0,0.0,0.0,0.0,0.0,0.0,0.0,0.0,0.0,0.0,0.0,0.0,0.0,0.0,0.0,0.0,0.0,0.0,0.0,0.0,0.0,0.0,0.0,0.0,0.0,0.0,0.0,0.0,0.0,0.0,0.0,0.0,0.0,0.0,0.0,0.0,0.0,0.0,0.0,0.0,0.0,0.0,0.0,0.0,0.0,0.0,0.0,0.0862,0.0862,0.0862,0.0862,0.0862,0.0862,0.0862
Etiópia,0.0,0.0,0.0,0.0,0.0,0.0,0.0,0.0,0.0,0.0,0.0,0.0,0.0,0.0,0.0,0.0,0.0,0.0,0.0,0.0,0.0,0.0,0.0,0.0,0.0,0.0,0.0,0.0,0.0,0.0,0.0,0.0,0.0,0.0,0.0,0.0,0.0,0.0,0.0,0.0,0.0,0.0,0.0,0.0,0.0,0.0,0.0,0.0,0.0,0.0,0.0,0.0,0.0,0.0,0.0,0.0,0.0,0.0,0.0,0.0,0.0,0.0,0.0,0.0,0.0,0.0,0.0,0.0,0.0,0.0,0.0,0.0,0.0,0.0,0.0017,0.0017,0.0017,0.0017,0.0017,0.0026,0.0026,0.0026,0.0026,0.0026,0.0026,0.0026,0.0026,0.0026,0.0026,0.0026,0.0026,0.0026
Fiji,0.0,0.0,0.0,0.0,0.0,0.0,0.0,0.0,0.0,0.0,0.0,0.0,0.0,0.0,0.0,0.0,0.0,0.0,0.0,0.0,0.0,0.0,0.0,0.0,0.0,0.0,0.0,0.0,0.0,0.0,0.0,0.0,0.0,0.0,0.0,0.0,0.0,0.0,0.0,0.0,0.0,0.0,0.0,0.0,0.0,0.0,0.0,0.0,0.0,0.0,0.0,0.0,0.0,0.0,0.0,0.0,0.0,0.0,0.0,0.0,0.0,0.0,0.0,0.0,0.0,0.0,0.0,0.0,0.0,0.0,0.0,0.0,0.0,0.0,0.0,0.0,0.0,0.0,0.0,0.0,0.0,0.0,0.0,0.0,0.0,0.0,0.0,0.0,0.0,0.0,0.0,0.0
Finlândia,0.0,0.0,0.0,0.0,0.0,0.0,0.0,0.0,0.0,0.0,0.0,0.0,0.0,0.0,0.0,0.0,0.0,0.0,0.0,0.0,0.0,0.0,0.0,0.0,0.0,0.0,0.0,0.0,0.0,0.0,0.0,0.0,0.0,0.0,0.0,0.0,0.0,0.0,0.0,0.0,0.0,0.0,0.0,0.0,0.0,0.0,0.0,0.0,0.0,0.0,0.0,0.0,0.0,0.0,0.0,0.0,0.0,0.0,0.0,0.018,0.018,0.018,0.018,0.0541,0.0902,0.1263,0.1624,0.1985,0.2346,0.3068,0.3068,0.3429,0.361,0.4512,0.5053,0.4873,0.6136,0.7219,0.758,0.8663,0.8844,1.0107,1.0648,1.1551,1.2995,1.3536,1.48,1.6243,1.6965,1.7687,2.5448,2.6892
França,0.0,0.0,0.0,0.0,0.0,0.0,0.0,0.0,0.0,0.0,0.0,0.0,0.0,0.0,0.0,0.0,0.0,0.0,0.0,0.0,0.0,0.0,0.0,0.0,0.0015,0.0015,0.0015,0.0015,0.0015,0.0015,0.0015,0.0015,0.0015,0.0015,0.0015,0.0031,0.0031,0.0031,0.0031,0.0031,0.0046,0.0061,0.0061,0.0092,0.0138,0.0169,0.0291,0.0291,0.0506,0.0735,0.0735,0.121,0.1394,0.1394,0.2283,0.2283,0.2283,0.3738,0.6909,0.8625,1.0356,1.3206,1.6883,2.0422,2.6014,3.0594,3.5497,4.0001,4.642,5.4111,6.7623,8.2698,9.9887,11.6035,12.3986,13.6748,15.8456,16.679,18.7335,20.2456,21.2199,22.0794,22.9588,24.1262,26.3323,27.4859,28.6533,29.6368,30.2481,31.0876,31.9103,32.7438
Gabão,0.0,0.0,0.0,0.0,0.0,0.0,0.0,0.0,0.0,0.0,0.0,0.0,0.0,0.0,0.0,0.0,0.0,0.0,0.0,0.0,0.0,0.0,0.0,0.0,0.0,0.0,0.0,0.0,0.0,0.0,0.0,0.0,0.0,0.0,0.0,0.0,0.0,0.0,0.0,0.0,0.0,0.0,0.0,0.0,0.0,0.0,0.0,0.0,0.0,0.0,0.0,0.0,0.0,0.0,0.0,0.0,0.0,0.0,0.0449,0.0449,0.0449,0.0449,0.0449,0.0449,0.0449,0.0449,0.0449,0.0449,0.0449,0.0449,0.0449,0.0449,0.0449,0.0449,0.0449,0.0449,0.0449,0.0449,0.0449,0.0449,0.0449,0.0449,0.0449,0.0449,0.0449,0.0449,0.0449,0.0449,0.0449,0.0449,0.0449,0.0449
Gâmbia,0.0,0.0,0.0,0.0,0.0,0.0,0.0,0.0,0.0,0.0,0.0,0.0,0.0,0.0,0.0,0.0,0.0,0.0,0.0,0.0,0.0,0.0,0.0,0.0,0.0,0.0,0.0,0.0,0.0,0.0,0.0,0.0,0.0,0.0,0.0,0.0,0.0,0.0,0.0,0.0,0.0,0.0,0.0,0.0,0.0,0.0,0.0,0.0,0.0,0.0,0.0,0.0,0.0,0.0,0.0,0.0,0.0,0.0,0.0,0.0,0.0,0.0414,0.0414,0.0414,0.0414,0.0414,0.0414,0.0414,0.0414,0.0414,0.0414,0.0414,0.0414,0.0414,0.0414,0.0414,0.0414,0.0414,0.0414,0.0414,0.0414,0.0414,0.0414,0.0414,0.0414,0.0414,0.0414,0.0414,0.0414,0.0414,0.0414,0.0414
Geórgia,0.0,0.0,0.0,0.0,0.0,0.0,0.0,0.0,0.0,0.0,0.0,0.0,0.0,0.0,0.0,0.0,0.0,0.0,0.0,0.0,0.0,0.0,0.0,0.0,0.0,0.0,0.0,0.0,0.0,0.0,0.0,0.0,0.0,0.0,0.0,0.0,0.0,0.0,0.0,0.0,0.0,0.0,0.0,0.0,0.0,0.0,0.0,0.0,0.0,0.0,0.0,0.0,0.0,0.0,0.0,0.0,0.0,0.0,0.0,0.0,0.0,0.0,0.0,0.0,0.0,0.0,0.0,0.0,0.0,0.0,0.0,0.0,0.0,0.0251,0.0501,0.0501,0.0752,0.0752,0.0752,0.0752,0.0752,0.0752,0.0752,0.0752,0.0752,0.0752,0.0752,0.1003,0.1003,0.1003,0.1003,0.1253
Alemanha,0.0,0.0,0.0,0.0,0.0,0.0,0.0,0.0,0.0,0.0,0.0,0.0,0.0,0.0,0.0,0.0,0.0,0.0,0.0,0.0,0.0,0.0,0.0,0.0,0.0,0.0,0.0,0.0,0.0,0.0,0.0,0.0,0.0,0.0,0.0,0.0,0.0,0.0,0.0,0.0,0.0,0.0,0.0,0.0,0.0,0.0,0.0,0.0024,0.0024,0.0036,0.0036,0.0084,0.0107,0.0131,0.0203,0.0286,0.0334,0.0525,0.08,0.1003,0.1122,0.1468,0.1874,0.2459,0.3187,0.4082,0.5168,0.6362,0.7698,0.925,1.0981,1.3213,1.5218,1.7235,1.8906,2.1603,2.4062,2.8036,3.1116,3.3025,3.2655,3.6069,3.8122,3.9315,4.5402,4.8362,5.1943,5.322,5.4736,5.803,6.0071,6.3007
Gana,0.0,0.0,0.0,0.0,0.0,0.0,0.0,0.0,0.0,0.0,0.0,0.0,0.0,0.0,0.0,0.0,0.0,0.0,0.0,0.0,0.0,0.0,0.0,0.0,0.0,0.0,0.0,0.0,0.0,0.0,0.0,0.0,0.0,0.0,0.0,0.0,0.0,0.0,0.0,0.0,0.0,0.0,0.0,0.0,0.0,0.0,0.0,0.0,0.0,0.0,0.0,0.0,0.0,0.0,0.0,0.0,0.0,0.0,0.0,0.0032,0.0032,0.0064,0.0064,0.0129,0.0129,0.0129,0.0161,0.0161,0.0161,0.0161,0.0161,0.0161,0.0161,0.0161,0.0161,0.0161,0.0161,0.0193,0.0193,0.0193,0.0257,0.0257,0.0257,0.0257,0.0257,0.0257,0.0257,0.029,0.029,0.029,0.029,0.029
Grécia,0.0,0.0,0.0,0.0,0.0,0.0,0.0,0.0,0.0,0.0,0.0,0.0,0.0,0.0,0.0,0.0,0.0,0.0,0.0,0.0,0.0,0.0,0.0,0.0,0.0,0.0,0.0,0.0,0.0,0.0,0.0,0.0,0.0,0.0,0.0,0.0,0.0,0.0,0.0,0.0,0.0,0.0,0.0,0.0,0.0,0.0,0.0,0.0,0.0,0.0096,0.0096,0.0096,0.0288,0.0384,0.0384,0.048,0.048,0.0576,0.0576,0.1247,0.1439,0.1631,0.1919,0.2111,0.2494,0.2686,0.307,0.3646,0.4125,0.4701,0.4797,0.5085,0.6044,0.6524,0.7004,0.7579,0.7771,0.7963,0.8347,0.8827,0.8923,0.9402,0.9498,0.969,0.9786,1.0074,1.0362,1.0554,1.0841,1.1129,1.1609,1.1609
Granada,0.0,0.0,0.0,0.0,0.0,0.0,0.0,0.0,0.0,0.0,0.0,0.0,0.0,0.0,0.0,0.0,0.0,0.0,0.0,0.0,0.0,0.0,0.0,0.0,0.0,0.0,0.0,0.0,0.0,0.0,0.0,0.0,0.0,0.0,0.0,0.0,0.0,0.0,0.0,0.0,0.0,0.0,0.0,0.0,0.0,0.0,0.0,0.0,0.0,0.0,0.0,0.0,0.0,0.0,0.0,0.0,0.0,0.0,0.0,0.0,0.0,0.0,0.0,0.0,0.0,0.0,0.0,0.0,0.0,0.0,0.0,0.0,0.0,0.0,0.0,0.0,0.0,0.0,0.0,0.0,0.0,0.0,0.0,0.0,0.0,0.0,0.0,0.0,0.0,0.0,0.0,0.0
Guatemala,0.0,0.0,0.0,0.0,0.0,0.0,0.0,0.0,0.0,0.0,0.0,0.0,0.0,0.0,0.0,0.0,0.0,0.0,0.0,0.0,0.0,0.0,0.0,0.0,0.0,0.0,0.0,0.0,0.0,0.0,0.0,0.0,0.0,0.0,0.0,0.0,0.0,0.0,0.0,0.0,0.0,0.0,0.0,0.0,0.0,0.0,0.0,0.0,0.0,0.0,0.0,0.0,0.0,0.0,0.0056,0.0056,0.0056,0.0056,0.0056,0.0056,0.0056,0.0056,0.0056,0.0056,0.0056,0.0056,0.0056,0.0056,0.0056,0.0056,0.0056,0.0056,0.0056,0.0112,0.0112,0.0167,0.0167,0.0167,0.0167,0.0167,0.0167,0.0279,0.0279,0.0279,0.0279,0.0279,0.0391,0.0391,0.0391,0.0391,0.0391,0.0447
Guiné,0.0,0.0,0.0,0.0,0.0,0.0,0.0,0.0,0.0,0.0,0.0,0.0,0.0,0.0,0.0,0.0,0.0,0.0,0.0,0.0,0.0,0.0,0.0,0.0,0.0,0.0,0.0,0.0,0.0,0.0,0.0,0.0,0.0,0.0,0.0,0.0,0.0,0.0,0.0,0.0,0.0,0.0,0.0,0.0,0.0,0.0,0.0,0.0,0.0,0.0,0.0,0.0,0.0,0.0,0.0,0.0,0.0,0.0,0.0,0.0,0.0,0.0,0.0,0.0,0.0,0.0,0.0,0.0,0.0,0.0,0.0,0.0,0.0,0.0,0.0,0.0,0.0,0.0,0.0,0.0,0.0,0.0,0.0,0.0,0.0076,0.0076,0.0228,0.0228,0.0381,0.0381,0.0457,0.0457
Guiné-Bissau,0.0,0.0,0.0,0.0,0.0,0.0,0.0,0.0,0.0,0.0,0.0,0.0,0.0,0.0,0.0,0.0,0.0,0.0,0.0,0.0,0.0,0.0,0.0,0.0,0.0,0.0,0.0,0.0,0.0,0.0,0.0,0.0,0.0,0.0,0.0,0.0,0.0,0.0,0.0,0.0,0.0,0.0,0.0,0.0,0.0,0.0,0.0,0.0,0.0,0.0,0.0,0.0,0.0,0.0,0.0,0.0,0.0,0.0,0.0,0.0,0.0,0.0,0.0,0.0,0.0,0.0,0.0,0.0,0.0,0.0,0.0,0.0,0.0,0.0,0.0,0.0,0.0,0.0,0.0,0.0,0.0,0.0,0.0,0.0,0.0,0.0,0.0,0.0,0.0,0.0,0.0,0.0
Guiana,0.0,0.0,0.0,0.0,0.0,0.0,0.0,0.0,0.0,0.0,0.0,0.0,0.0,0.0,0.0,0.0,0.0,0.0,0.0,0.0,0.0,0.0,0.0,0.0,0.0,0.0,0.0,0.0,0.0,0.0,0.0,0.0,0.0,0.0,0.0,0.0,0.0,0.0,0.0,0.0,0.0,0.0,0.0,0.0,0.0,0.0,0.0,0.0,0.0,0.0,0.1271,0.1271,0.1271,0.1271,0.1271,0.1271,0.1271,0.1271,0.1271,0.1271,0.1271,0.1271,0.1271,0.1271,0.1271,0.1271,0.1271,0.1271,0.1271,0.2543,0.2543,0.5085,0.5085,0.5085,0.5085,0.5085,0.6357,0.7628,0.7628,0.7628,0.7628,0.7628,0.7628,0.7628,0.7628,0.7628,0.7628,0.7628,0.89,0.89,0.89,0.89
Haiti,0.0,0.0,0.0,0.0,0.0,0.0,0.0,0.0,0.0,0.0,0.0,0.0,0.0,0.0,0.0,0.0,0.0,0.0,0.0,0.0,0.0,0.0,0.0,0.0,0.0,0.0,0.0,0.0,0.0,0.0,0.0,0.0,0.0,0.0,0.0,0.0,0.0,0.0,0.0,0.0,0.0,0.0,0.0,0.0,0.0,0.0,0.0,0.0,0.0,0.0,0.0,0.0,0.0,0.0,0.0,0.0,0.0,0.0,0.0,0.0,0.0,0.0,0.0,0.0,0.0,0.0,0.0,0.0,0.0,0.0,0.0,0.0,0.0,0.0,0.0088,0.0088,0.0088,0.0088,0.0175,0.0175,0.0175,0.0263,0.0263,0.0263,0.0263,0.0263,0.0263,0.0263,0.0263,0.0263,0.0263,0.0351
Santa Sé,0.0,0.0,0.0,0.0,0.0,0.0,0.0,0.0,0.0,0.0,0.0,0.0,0.0,0.0,0.0,0.0,0.0,0.0,0.0,0.0,0.0,0.0,0.0,0.0,0.0,0.0,0.0,0.0,0.0,0.0,0.0,0.0,0.0,0.0,0.0,0.0,0.0,0.0,0.0,0.0,0.0,0.0,0.0,0.0,0.0,0.0,0.0,0.0,0.0,0.0,0.0,0.0,0.0,0.0,0.0,0.0,0.0,0.0,0.0,0.0,0.0,0.0,0.0,0.0,0.0,0.0,0.0,0.0,0.0,0.0,0.0,0.0,0.0,0.0,0.0,0.0,0.0,0.0,0.0,0.0,0.0,0.0,0.0,0.0,0.0,0.0,0.0,0.0,0.0,0.0,0.0,0.0
Honduras,0.0,0.0,0.0,0.0,0.0,0.0,0.0,0.0,0.0,0.0,0.0,0.0,0.0,0.0,0.0,0.0,0.0,0.0,0.0,0.0,0.0,0.0,0.0,0.0,0.0,0.0,0.0,0.0,0.0,0.0,0.0,0.0,0.0,0.0,0.0,0.0,0.0,0.0,0.0,0.0,0.0,0.0,0.0,0.0,0.0,0.0,0.0,0.0,0.0,0.0,0.0,0.0,0.0,0.0,0.0,0.0,0.0,0.0,0.0,0.0,0.0,0.0,0.0,0.0,0.0101,0.0101,0.0101,0.0303,0.0707,0.0707,0.101,0.1413,0.1514,0.1514,0.2221,0.2221,0.2221,0.2221,0.2322,0.2322,0.2423,0.2524,0.2524,0.2625,0.313,0.3534,0.4139,0.4644,0.4644,0.4644,0.4644,0.4644
Hungria,0.0,0.0,0.0,0.0,0.0,0.0,0.0,0.0,0.0,0.0,0.0,0.0,0.0,0.0,0.0,0.0,0.0,0.0,0.0,0.0,0.0,0.0,0.0,0.0,0.0,0.0,0.0,0.0,0.0,0.0,0.0,0.0,0.0,0.0,0.0,0.0,0.0,0.0,0.0,0.0,0.0,0.0,0.0,0.0,0.0,0.0,0.0,0.0,0.0,0.0,0.0,0.0,0.0,0.0104,0.0104,0.0104,0.0104,0.0104,0.0311,0.0414,0.0621,0.0725,0.0932,0.1035,0.1035,0.1035,0.1139,0.1346,0.1553,0.1656,0.207,0.2174,0.2691,0.3313,0.352,0.3934,0.4865,0.6004,0.6832,0.7971,0.8799,1.0248,1.1283,1.2629,1.3871,1.4699,1.6148,1.7805,1.9565,2.06,2.2049,2.3291
Islândia,0.0,0.0,0.0,0.0,0.0,0.0,0.0,0.0,0.0,0.0,0.0,0.0,0.0,0.0,0.0,0.0,0.0,0.0,0.0,0.0,0.0,0.0,0.0,0.0,0.0,0.0,0.0,0.0,0.0,0.0,0.0,0.0,0.0,0.0,0.0,0.0,0.0,0.0,0.0,0.0,0.0,0.0,0.0,0.0,0.0,0.0,0.0,0.0,0.0,0.0,0.0,0.0,0.0,1.4652,0.0,0.293,0.293,0.293,0.0,0.293,0.293,0.293,0.5861,0.5861,0.5861,0.5861,0.5861,0.5861,0.5861,0.5861,0.5861,1.1722,1.1722,1.1722,1.1722,1.7583,1.7583,1.7583,1.7583,2.0513,2.3444,2.3444,2.3444,2.3444,2.3444,2.3444,2.6374,2.6374,2.6374,2.9305,2.9305,2.9305
Índia,0.0,0.0,0.0,0.0,0.0,0.0,0.0,0.0,0.0,0.0,0.0,0.0,0.0,0.0,0.0,0.0,0.0,0.0,0.0,0.0,0.0,0.0,0.0,0.0,0.0,0.0,0.0,0.0,0.0,0.0,0.0,0.0,0.0,0.0,0.0,0.0,0.0,0.0,0.0,0.0,0.0,0.0,0.0,0.0,0.0,0.0,0.0,0.0,0.0,0.0001,0.0001,0.0001,0.0001,0.0001,0.0001,0.0002,0.0002,0.0003,0.0004,0.0003,0.0005,0.0007,0.0007,0.0009,0.0014,0.0014,0.0017,0.002,0.0023,0.0025,0.0042,0.0052,0.0052,0.0062,0.0072,0.0099,0.0109,0.0129,0.0164,0.0178,0.0209,0.024,0.0259,0.0285,0.0293,0.0325,0.0352,0.0378,0.0405,0.0429,0.0467,0.0493
Indonésia,0.0,0.0,0.0,0.0,0.0,0.0,0.0,0.0,0.0,0.0,0.0,0.0,0.0,0.0,0.0,0.0,0.0,0.0,0.0,0.0,0.0,0.0,0.0,0.0,0.0,0.0,0.0,0.0,0.0,0.0,0.0,0.0,0.0,0.0,0.0,0.0,0.0,0.0,0.0,0.0,0.0,0.0,0.0,0.0,0.0,0.0,0.0,0.0,0.0,0.0004,0.0004,0.0015,0.0018,0.0018,0.0018,0.0018,0.0069,0.0091,0.0117,0.0139,0.0175,0.0179,0.0201,0.0212,0.0285,0.0318,0.0373,0.0417,0.0446,0.0497,0.0574,0.0622,0.0662,0.0698,0.0724,0.0764,0.0808,0.0877,0.1024,0.1119,0.1196,0.1364,0.1459,0.1678,0.1715,0.1813,0.1901,0.1956,0.2128,0.2157,0.2252,0.2322
Irã,0.0,0.0,0.0,0.0,0.0,0.0,0.0,0.0,0.0,0.0,0.0,0.0,0.0,0.0,0.0,0.0,0.0,0.0,0.0,0.0,0.0,0.0,0.0,0.0,0.0,0.0,0.0,0.0,0.0024,0.0024,0.0048,0.006,0.0095,0.0143,0.019,0.0226,0.031,0.0405,0.0512,0.0643,0.0786,0.0917,0.1095,0.1274,0.1476,0.1726,0.231,0.2822,0.3465,0.4215,0.5108,0.612,0.7274,0.862,1.0156,1.1763,1.3513,1.5287,1.7061,1.8525,2.0061,2.1573,2.3026,2.4728,2.6597,2.8312,2.9967,3.1431,3.2824,3.4503,3.6146,3.7622,3.9218,4.1099,4.2896,4.4516,4.6099,4.754,4.8933,5.0385,5.1873,5.3266,5.4588,5.5755,5.6874,5.7969,5.9029,5.9898,6.0934,6.2017,6.3065,6.4184
Iraque,0.0,0.0,0.0,0.0,0.0,0.0,0.0,0.0,0.0,0.0,0.0,0.0,0.0,0.0,0.0,0.0,0.0,0.0,0.0,0.0,0.0,0.0,0.0,0.0,0.0,0.0,0.0,0.0,0.0,0.0,0.0,0.0,0.0,0.0,0.0,0.0,0.0,0.0,0.0,0.0,0.0,0.0,0.005,0.005,0.0075,0.0099,0.0149,0.0149,0.0174,0.0174,0.0199,0.0224,0.0249,0.0249,0.0249,0.0273,0.0298,0.0323,0.0423,0.0423,0.0497,0.0572,0.0671,0.0721,0.0895,0.0994,0.1044,0.1044,0.1144,0.1243,0.1293,0.1343,0.1343,0.1392,0.1517,0.1591,0.1616,0.1715,0.1715,0.174,0.179,0.1889,0.1939,0.1939,0.1964,0.1989,0.2014,0.2039,0.2039,0.2039,0.2064,0.2064
Irlanda,0.0,0.0,0.0,0.0,0.0,0.0,0.0,0.0,0.0,0.0,0.0,0.0,0.0,0.0,0.0,0.0,0.0,0.0,0.0,0.0,0.0,0.0,0.0,0.0,0.0,0.0,0.0,0.0,0.0,0.0,0.0,0.0,0.0,0.0,0.0,0.0,0.0,0.0,0.0,0.0,0.0,0.0,0.0,0.0,0.0,0.0,0.0,0.0,0.0,0.0203,0.0203,0.0203,0.0405,0.0405,0.0405,0.0405,0.0405,0.0608,0.0608,0.0608,0.081,0.1215,0.1418,0.1823,0.3848,0.4455,0.7291,0.9316,1.0936,1.4379,1.7214,1.9847,2.4302,2.7745,3.1998,3.5238,4.2529,4.7592,5.3263,5.8123,6.4806,6.7642,7.392,8.2223,8.9919,9.8425,10.7336,11.5639,12.3537,13.9131,14.784,15.5738
Israel,0.0,0.0,0.0,0.0,0.0,0.0,0.0,0.0,0.0,0.0,0.0,0.0,0.0,0.0,0.0,0.0,0.0,0.0,0.0,0.0,0.0,0.0,0.0,0.0,0.0,0.0,0.0,0.0,0.0,0.0,0.0,0.0,0.0,0.0,0.0,0.0,0.0,0.0,0.0,0.0,0.0,0.0,0.0,0.0,0.0,0.0,0.0,0.0,0.0,0.0,0.0,0.0,0.0,0.0,0.0,0.0,0.0,0.0,0.0,0.0116,0.0116,0.0116,0.0347,0.0578,0.0924,0.1386,0.1386,0.1733,0.1849,0.2311,0.3004,0.4159,0.4621,0.5083,0.5661,0.6585,0.751,0.8434,0.9936,1.0976,1.1669,1.19,1.3402,1.4211,1.5019,1.6406,1.7445,1.8947,1.9872,2.0449,2.1258,2.1836
Itália,0.0,0.0,0.0,0.0,0.0,0.0,0.0,0.0,0.0,0.0,0.0,0.0,0.0,0.0,0.0,0.0,0.0,0.0,0.0,0.0,0.0,0.0,0.0,0.0,0.0,0.0,0.0,0.0,0.0,0.0,0.0017,0.0033,0.005,0.0116,0.0165,0.0198,0.0281,0.0347,0.048,0.0562,0.086,0.1307,0.177,0.2448,0.3258,0.3854,0.6053,0.7658,1.0436,1.3678,1.3678,2.0939,2.3833,2.992,3.5692,4.1398,4.9254,5.6317,6.6687,7.9802,9.057,10.051,11.2798,12.4095,13.5871,15.1071,16.5774,17.8278,19.1708,20.5551,21.7575,23.0145,24.2814,25.4078,26.2761,27.328,28.327,29.2234,30.2323,31.175,32.1988,32.9117,33.8478,34.8435,35.7994,36.6678,37.6188,38.416,39.1321,39.883,40.7662,41.489
Jamaica,0.0,0.0,0.0,0.0,0.0,0.0,0.0,0.0,0.0,0.0,0.0,0.0,0.0,0.0,0.0,0.0,0.0,0.0,0.0,0.0,0.0,0.0,0.0,0.0,0.0,0.0,0.0,0.0,0.0,0.0,0.0,0.0,0.0,0.0,0.0,0.0,0.0,0.0,0.0,0.0,0.0,0.0,0.0,0.0,0.0,0.0,0.0,0.0,0.0,0.0,0.0,0.0,0.0,0.0,0.0,0.0,0.0,0.0338,0.0338,0.0338,0.0338,0.0338,0.0338,0.0338,0.0338,0.0338,0.0338,0.0338,0.0338,0.0338,0.1013,0.1013,0.1013,0.1013,0.1013,0.1013,0.1013,0.1351,0.1351,0.1351,0.1351,0.1351,0.1351,0.1351,0.1689,0.1689,0.1689,0.1689,0.1689,0.1689,0.2026,0.2026
Japão,0.0,0.0,0.0,0.0,0.0,0.0,0.0,0.0,0.0,0.0,0.0,0.0,0.0,0.0,0.0,0.0,0.0,0.0,0.0,0.0,0.0,0.0,0.0008,0.0008,0.0008,0.0008,0.0008,0.0008,0.0008,0.0008,0.0008,0.0008,0.0008,0.0008,0.0008,0.0016,0.0032,0.0032,0.004,0.0047,0.0047,0.0047,0.0047,0.0047,0.0047,0.0047,0.0047,0.0079,0.0079,0.0119,0.0127,0.015,0.0174,0.0174,0.0213,0.0229,0.0229,0.0229,0.0261,0.0277,0.0324,0.0332,0.034,0.0356,0.0372,0.0387,0.0411,0.0427,0.0427,0.0443,0.0451,0.049,0.0498,0.0609,0.0609,0.0672,0.0727,0.0735,0.0743,0.0783,0.0783,0.0854,0.0973,0.1131,0.1154,0.1407,0.1502,0.1755,0.1866,0.1866,0.2079,0.2222
Jordânia,0.0,0.0,0.0,0.0,0.0,0.0,0.0,0.0,0.0,0.0,0.0,0.0,0.0,0.0,0.0,0.0,0.0,0.0,0.0,0.0,0.0,0.0,0.0,0.0,0.0,0.0,0.0,0.0,0.0,0.0,0.0,0.0,0.0,0.0,0.0,0.0,0.0,0.0,0.0,0.0,0.0,0.0,0.0,0.0,0.0,0.0,0.0,0.0,0.0,0.0,0.0,0.0,0.0,0.0,0.0,0.0,0.0,0.0,0.0,0.0,0.0,0.0,0.0,0.0,0.0,0.0098,0.0098,0.0294,0.049,0.049,0.049,0.049,0.049,0.049,0.049,0.0588,0.0588,0.0588,0.0686,0.0686,0.0686,0.0686,0.0686,0.0686,0.0686,0.0686,0.0686,0.0686,0.0686,0.0686,0.0686,0.0686
Cazaquistão,0.0,0.0,0.0,0.0,0.0,0.0,0.0,0.0,0.0,0.0,0.0,0.0,0.0,0.0,0.0,0.0,0.0,0.0,0.0,0.0,0.0,0.0,0.0,0.0,0.0,0.0,0.0,0.0,0.0,0.0,0.0,0.0,0.0,0.0,0.0,0.0,0.0,0.0,0.0,0.0,0.0,0.0,0.0,0.0,0.0,0.0,0.0,0.0,0.0,0.0,0.0,0.0,0.0,0.0,0.0,0.0,0.0,0.0,0.016,0.0,0.0,0.0,0.0,0.0,0.0053,0.0053,0.0053,0.0053,0.0053,0.0107,0.016,0.016,0.032,0.0266,0.032,0.032,0.032,0.0373,0.0426,0.0533,0.0533,0.0533,0.0639,0.0746,0.0852,0.0905,0.0905,0.0905,0.0905,0.1012,0.1012,0.1012
Quénia,0.0,0.0,0.0,0.0,0.0,0.0,0.0,0.0,0.0,0.0,0.0,0.0,0.0,0.0,0.0,0.0,0.0,0.0,0.0,0.0,0.0,0.0,0.0,0.0,0.0,0.0,0.0,0.0,0.0,0.0,0.0,0.0,0.0,0.0,0.0,0.0,0.0,0.0,0.0,0.0,0.0,0.0,0.0,0.0,0.0,0.0,0.0,0.0,0.0,0.0,0.0,0.0,0.0,0.0,0.0,0.0,0.0,0.0,0.0,0.0,0.0,0.0,0.0,0.0,0.0019,0.0019,0.0019,0.0019,0.0019,0.0019,0.0019,0.0056,0.0074,0.0074,0.0074,0.0112,0.0112,0.0112,0.013,0.013,0.013,0.0149,0.0167,0.0167,0.0186,0.0205,0.0205,0.0223,0.026,0.026,0.026,0.026
Coreia do Sul,0.0,0.0,0.0,0.0,0.0,0.0,0.0,0.0,0.0,0.0,0.0,0.0,0.0,0.0,0.0,0.0,0.0,0.0,0.0,0.0,0.0,0.0,0.0,0.0,0.0,0.0,0.0,0.0,0.0,0.002,0.0039,0.0039,0.0117,0.0156,0.0195,0.0234,0.0254,0.0254,0.0312,0.0332,0.0546,0.0546,0.0683,0.0683,0.0819,0.0858,0.0975,0.1034,0.1053,0.117,0.1287,0.1287,0.1404,0.1463,0.1463,0.158,0.1638,0.1775,0.1833,0.1989,0.2165,0.2165,0.2341,0.2458,0.2555,0.2711,0.2809,0.2965,0.3082,0.316,0.3218,0.3296,0.3394,0.3452,0.3569,0.3628,0.3745,0.3901,0.3979,0.4057,0.4116,0.4174,0.4233,0.433,0.4389,0.4467,0.4486,0.4525,0.4564,0.4603,0.4623,0.4642
Kosovo,0.0,0.0,0.0,0.0,0.0,0.0,0.0,0.0,0.0,0.0,0.0,0.0,0.0,0.0,0.0,0.0,0.0,0.0,0.0,0.0,0.0,0.0,0.0,0.0,0.0,0.0,0.0,0.0,0.0,0.0,0.0,0.0,0.0,0.0,0.0,0.0,0.0,0.0,0.0,0.0,0.0,0.0,0.0,0.0,0.0,0.0,0.0,0.0,0.0,0.0,0.0,0.0,0.0,0.0,0.0,0.0,0.0,0.0,0.0,0.0,0.0,0.0,0.0,0.0,0.0553,0.0553,0.0553,0.0553,0.0553,0.0553,0.0553,0.0553,0.0553,0.0553,0.0553,0.0553,0.221,0.2763,0.2763,0.3868,0.3868,0.3868,0.3868,0.4421,0.4421,0.6078,0.6631,0.6631,0.6631,0.6631,0.6631,0.6631
Kuwait,0.0,0.0,0.0,0.0,0.0,0.0,0.0,0.0,0.0,0.0,0.0,0.0,0.0,0.0,0.0,0.0,0.0,0.0,0.0,0.0,0.0,0.0,0.0,0.0,0.0,0.0,0.0,0.0,0.0,0.0,0.0,0.0,0.0,0.0,0.0,0.0,0.0,0.0,0.0,0.0,0.0,0.0,0.0,0.0,0.0,0.0,0.0,0.0,0.0,0.0,0.0,0.0,0.0,0.0,0.0,0.0,0.0,0.0,0.0,0.0,0.0,0.0,0.0,0.0,0.0,0.0,0.0,0.0,0.0,0.0,0.0,0.0,0.0,0.0234,0.0234,0.0234,0.0234,0.0234,0.0234,0.0234,0.0234,0.0234,0.0468,0.0702,0.0702,0.0702,0.1171,0.1405,0.1639,0.2107,0.2576,0.3044
Quirguistão,0.0,0.0,0.0,0.0,0.0,0.0,0.0,0.0,0.0,0.0,0.0,0.0,0.0,0.0,0.0,0.0,0.0,0.0,0.0,0.0,0.0,0.0,0.0,0.0,0.0,0.0,0.0,0.0,0.0,0.0,0.0,0.0,0.0,0.0,0.0,0.0,0.0,0.0,0.0,0.0,0.0,0.0,0.0,0.0,0.0,0.0,0.0,0.0,0.0,0.0,0.0,0.0,0.0,0.0,0.0,0.0,0.0,0.0,0.0,0.0,0.0,0.0,0.0,0.0,0.0,0.0,0.0,0.0,0.0,0.0,0.0,0.0,0.0153,0.0153,0.0153,0.0613,0.0613,0.0613,0.0613,0.0766,0.0766,0.0766,0.0766,0.0766,0.0766,0.0766,0.0766,0.0766,0.0766,0.1073,0.1073,0.1073
Laos,0.0,0.0,0.0,0.0,0.0,0.0,0.0,0.0,0.0,0.0,0.0,0.0,0.0,0.0,0.0,0.0,0.0,0.0,0.0,0.0,0.0,0.0,0.0,0.0,0.0,0.0,0.0,0.0,0.0,0.0,0.0,0.0,0.0,0.0,0.0,0.0,0.0,0.0,0.0,0.0,0.0,0.0,0.0,0.0,0.0,0.0,0.0,0.0,0.0,0.0,0.0,0.0,0.0,0.0,0.0,0.0,0.0,0.0,0.0,0.0,0.0,0.0,0.0,0.0,0.0,0.0,0.0,0.0,0.0,0.0,0.0,0.0,0.0,0.0,0.0,0.0,0.0,0.0,0.0,0.0,0.0,0.0,0.0,0.0,0.0,0.0,0.0,0.0,0.0,0.0,0.0,0.0
Letónia,0.0,0.0,0.0,0.0,0.0,0.0,0.0,0.0,0.0,0.0,0.0,0.0,0.0,0.0,0.0,0.0,0.0,0.0,0.0,0.0,0.0,0.0,0.0,0.0,0.0,0.0,0.0,0.0,0.0,0.0,0.0,0.0,0.0,0.0,0.0,0.0,0.0,0.0,0.0,0.0,0.0,0.0,0.0,0.0,0.0,0.0,0.0,0.0,0.0,0.0,0.0,0.0,0.0,0.0,0.0,0.0,0.0,0.0,0.0,0.0,0.0,0.0,0.0,0.0,0.0,0.0,0.0,0.0,0.0,0.0,0.0,0.0,0.053,0.053,0.053,0.053,0.106,0.106,0.1591,0.1591,0.1591,0.2651,0.2651,0.2651,0.2651,0.2651,0.2651,0.2651,0.2651,0.2651,0.4772,0.5832
Líbano,0.0,0.0,0.0,0.0,0.0,0.0,0.0,0.0,0.0,0.0,0.0,0.0,0.0,0.0,0.0,0.0,0.0,0.0,0.0,0.0,0.0,0.0,0.0,0.0,0.0,0.0,0.0,0.0,0.0,0.0,0.0,0.0,0.0,0.0,0.0,0.0,0.0,0.0,0.0,0.0,0.0,0.0,0.0,0.0,0.0,0.0,0.0,0.0,0.0147,0.044,0.044,0.044,0.044,0.044,0.044,0.044,0.044,0.0586,0.0586,0.0586,0.0586,0.0586,0.0586,0.0879,0.0879,0.1172,0.1172,0.1465,0.1612,0.1758,0.2051,0.2344,0.2491,0.2491,0.2637,0.2784,0.2784,0.2784,0.2784,0.293,0.293,0.293,0.293,0.3077,0.3077,0.3077,0.3077,0.3077,0.3077,0.3077,0.3077,0.3223
Libéria,0.0,0.0,0.0,0.0,0.0,0.0,0.0,0.0,0.0,0.0,0.0,0.0,0.0,0.0,0.0,0.0,0.0,0.0,0.0,0.0,0.0,0.0,0.0,0.0,0.0,0.0,0.0,0.0,0.0,0.0,0.0,0.0,0.0,0.0,0.0,0.0,0.0,0.0,0.0,0.0,0.0,0.0,0.0,0.0,0.0,0.0,0.0,0.0,0.0,0.0,0.0,0.0,0.0,0.0,0.0,0.0,0.0,0.0,0.0,0.0,0.0,0.0,0.0,0.0,0.0,0.0,0.0,0.0,0.0,0.0,0.0,0.0,0.0,0.0198,0.0593,0.0593,0.0593,0.0791,0.0791,0.0989,0.0989,0.0989,0.1186,0.1186,0.1186,0.1186,0.1384,0.1384,0.1582,0.1582,0.1582,0.1582
Líbia,0.0,0.0,0.0,0.0,0.0,0.0,0.0,0.0,0.0,0.0,0.0,0.0,0.0,0.0,0.0,0.0,0.0,0.0,0.0,0.0,0.0,0.0,0.0,0.0,0.0,0.0,0.0,0.0,0.0,0.0,0.0,0.0,0.0,0.0,0.0,0.0,0.0,0.0,0.0,0.0,0.0,0.0,0.0,0.0,0.0,0.0,0.0,0.0,0.0,0.0,0.0,0.0,0.0,0.0,0.0,0.0,0.0,0.0,0.0,0.0,0.0,0.0,0.0,0.0,0.0,0.0,0.0,0.0,0.0,0.0,0.0,0.0146,0.0146,0.0146,0.0146,0.0146,0.0146,0.0146,0.0146,0.0146,0.0146,0.0146,0.0146,0.0146,0.0146,0.0146,0.0146,0.0146,0.0146,0.0146,0.0146,0.0146
Liechtenstein,0.0,0.0,0.0,0.0,0.0,0.0,0.0,0.0,0.0,0.0,0.0,0.0,0.0,0.0,0.0,0.0,0.0,0.0,0.0,0.0,0.0,0.0,0.0,0.0,0.0,0.0,0.0,0.0,0.0,0.0,0.0,0.0,0.0,0.0,0.0,0.0,0.0,0.0,0.0,0.0,0.0,0.0,0.0,0.0,0.0,0.0,0.0,0.0,0.0,0.0,0.0,0.0,0.0,0.0,0.0,0.0,0.0,0.0,0.0,0.0,0.0,0.0,0.0,0.0,0.0,0.0,0.0,0.0,0.0,0.0,0.0,0.0,0.0,2.6227,2.6227,2.6227,2.6227,2.6227,2.6227,2.6227,2.6227,2.6227,2.6227,2.6227,2.6227,2.6227,2.6227,2.6227,2.6227,2.6227,2.6227,2.6227
Lituânia,0.0,0.0,0.0,0.0,0.0,0.0,0.0,0.0,0.0,0.0,0.0,0.0,0.0,0.0,0.0,0.0,0.0,0.0,0.0,0.0,0.0,0.0,0.0,0.0,0.0,0.0,0.0,0.0,0.0,0.0,0.0,0.0,0.0,0.0,0.0,0.0,0.0,0.0,0.0,0.0,0.0,0.0,0.0,0.0,0.0,0.0,0.0,0.0,0.0,0.0,0.0,0.0,0.0,0.0,0.0,0.0,0.0,0.0,0.0,0.0367,0.0367,0.0367,0.0735,0.1469,0.1469,0.1837,0.2571,0.2571,0.2571,0.2939,0.2939,0.3306,0.3306,0.4041,0.4775,0.551,0.551,0.551,0.5877,0.8081,0.8449,0.8449,0.8816,1.0653,1.102,1.1755,1.2122,1.2122,1.2857,1.3592,1.3959,1.3959
Luxemburgo,0.0,0.0,0.0,0.0,0.0,0.0,0.0,0.0,0.0,0.0,0.0,0.0,0.0,0.0,0.0,0.0,0.0,0.0,0.0,0.0,0.0,0.0,0.0,0.0,0.0,0.0,0.0,0.0,0.0,0.0,0.0,0.0,0.0,0.0,0.0,0.0,0.0,0.0,0.0,0.0,0.0,0.0,0.0,0.0,0.0,0.0,0.0,0.0,0.0,0.0,0.0,0.0,0.1598,0.1598,0.1598,0.1598,0.3195,0.639,0.639,1.278,1.278,1.278,1.278,1.278,1.4378,2.3963,2.8755,3.3548,3.5145,3.6743,4.6328,4.7925,4.9523,4.9523,5.751,6.5498,7.029,7.3485,8.307,8.6265,9.9045,10.5435,11.0228,10.7033,11.0228,11.0228,11.502,11.502,11.6618,11.9813,12.4605,12.78
MS Zaandam,0.0,0.0,0.0,0.0,0.0,0.0,0.0,0.0,0.0,0.0,0.0,0.0,0.0,0.0,0.0,0.0,0.0,0.0,0.0,0.0,0.0,0.0,0.0,0.0,0.0,0.0,0.0,0.0,0.0,0.0,0.0,0.0,0.0,0.0,0.0,0.0,0.0,0.0,0.0,0.0,0.0,0.0,0.0,0.0,0.0,0.0,0.0,0.0,0.0,0.0,0.0,0.0,0.0,0.0,0.0,0.0,0.0,0.0,0.0,0.0,0.0,0.0,0.0,0.0,0.0,0.0,0.0,0.0,0.0,0.0,109.3494,109.3494,109.3494,109.3494,109.3494,109.3494,109.3494,109.3494,109.3494,109.3494,109.3494,109.3494,109.3494,109.3494,109.3494,109.3494,109.3494,109.3494,109.3494,109.3494,109.3494,109.3494
Madagascar,0.0,0.0,0.0,0.0,0.0,0.0,0.0,0.0,0.0,0.0,0.0,0.0,0.0,0.0,0.0,0.0,0.0,0.0,0.0,0.0,0.0,0.0,0.0,0.0,0.0,0.0,0.0,0.0,0.0,0.0,0.0,0.0,0.0,0.0,0.0,0.0,0.0,0.0,0.0,0.0,0.0,0.0,0.0,0.0,0.0,0.0,0.0,0.0,0.0,0.0,0.0,0.0,0.0,0.0,0.0,0.0,0.0,0.0,0.0,0.0,0.0,0.0,0.0,0.0,0.0,0.0,0.0,0.0,0.0,0.0,0.0,0.0,0.0,0.0,0.0,0.0,0.0,0.0,0.0,0.0,0.0,0.0,0.0,0.0,0.0,0.0,0.0,0.0,0.0,0.0,0.0,0.0
Malawi,0.0,0.0,0.0,0.0,0.0,0.0,0.0,0.0,0.0,0.0,0.0,0.0,0.0,0.0,0.0,0.0,0.0,0.0,0.0,0.0,0.0,0.0,0.0,0.0,0.0,0.0,0.0,0.0,0.0,0.0,0.0,0.0,0.0,0.0,0.0,0.0,0.0,0.0,0.0,0.0,0.0,0.0,0.0,0.0,0.0,0.0,0.0,0.0,0.0,0.0,0.0,0.0,0.0,0.0,0.0,0.0,0.0,0.0,0.0,0.0,0.0,0.0,0.0,0.0,0.0,0.0,0.0,0.0,0.0,0.0,0.0,0.0,0.0,0.0,0.0,0.0,0.0052,0.0052,0.0052,0.0052,0.0105,0.0105,0.0105,0.0105,0.0105,0.0105,0.0105,0.0105,0.0105,0.0105,0.0105,0.0157
Malásia,0.0,0.0,0.0,0.0,0.0,0.0,0.0,0.0,0.0,0.0,0.0,0.0,0.0,0.0,0.0,0.0,0.0,0.0,0.0,0.0,0.0,0.0,0.0,0.0,0.0,0.0,0.0,0.0,0.0,0.0,0.0,0.0,0.0,0.0,0.0,0.0,0.0,0.0,0.0,0.0,0.0,0.0,0.0,0.0,0.0,0.0,0.0,0.0,0.0,0.0,0.0,0.0,0.0,0.0,0.0,0.0062,0.0062,0.0062,0.0093,0.0124,0.0309,0.0433,0.0494,0.0618,0.0711,0.0803,0.0834,0.1081,0.1143,0.1329,0.139,0.1545,0.1638,0.1761,0.1885,0.1916,0.1946,0.2008,0.207,0.2163,0.2255,0.2348,0.2379,0.2534,0.2564,0.2595,0.2657,0.2719,0.275,0.275,0.2842,0.2873
Maldivas,0.0,0.0,0.0,0.0,0.0,0.0,0.0,0.0,0.0,0.0,0.0,0.0,0.0,0.0,0.0,0.0,0.0,0.0,0.0,0.0,0.0,0.0,0.0,0.0,0.0,0.0,0.0,0.0,0.0,0.0,0.0,0.0,0.0,0.0,0.0,0.0,0.0,0.0,0.0,0.0,0.0,0.0,0.0,0.0,0.0,0.0,0.0,0.0,0.0,0.0,0.0,0.0,0.0,0.0,0.0,0.0,0.0,0.0,0.0,0.0,0.0,0.0,0.0,0.0,0.0,0.0,0.0,0.0,0.0,0.0,0.0,0.0,0.0,0.0,0.0,0.0,0.0,0.0,0.0,0.0,0.0,0.0,0.0,0.0,0.0,0.0,0.0,0.0,0.0,0.0,0.0,0.0
Mali,0.0,0.0,0.0,0.0,0.0,0.0,0.0,0.0,0.0,0.0,0.0,0.0,0.0,0.0,0.0,0.0,0.0,0.0,0.0,0.0,0.0,0.0,0.0,0.0,0.0,0.0,0.0,0.0,0.0,0.0,0.0,0.0,0.0,0.0,0.0,0.0,0.0,0.0,0.0,0.0,0.0,0.0,0.0,0.0,0.0,0.0,0.0,0.0,0.0,0.0,0.0,0.0,0.0,0.0,0.0,0.0,0.0,0.0,0.0,0.0,0.0,0.0,0.0,0.0,0.0,0.0,0.0,0.0049,0.0099,0.0099,0.0148,0.0148,0.0148,0.0148,0.0247,0.0247,0.0247,0.0346,0.0346,0.0346,0.0346,0.0444,0.0494,0.0642,0.0642,0.0642,0.0642,0.0642,0.0691,0.0691,0.0691,0.0839
Malta,0.0,0.0,0.0,0.0,0.0,0.0,0.0,0.0,0.0,0.0,0.0,0.0,0.0,0.0,0.0,0.0,0.0,0.0,0.0,0.0,0.0,0.0,0.0,0.0,0.0,0.0,0.0,0.0,0.0,0.0,0.0,0.0,0.0,0.0,0.0,0.0,0.0,0.0,0.0,0.0,0.0,0.0,0.0,0.0,0.0,0.0,0.0,0.0,0.0,0.0,0.0,0.0,0.0,0.0,0.0,0.0,0.0,0.0,0.0,0.0,0.0,0.0,0.0,0.0,0.0,0.0,0.0,0.0,0.0,0.0,0.0,0.0,0.0,0.0,0.0,0.0,0.0,0.2265,0.453,0.453,0.6794,0.6794,0.6794,0.6794,0.6794,0.6794,0.6794,0.6794,0.6794,0.6794,0.6794,0.6794
Mauritânia,0.0,0.0,0.0,0.0,0.0,0.0,0.0,0.0,0.0,0.0,0.0,0.0,0.0,0.0,0.0,0.0,0.0,0.0,0.0,0.0,0.0,0.0,0.0,0.0,0.0,0.0,0.0,0.0,0.0,0.0,0.0,0.0,0.0,0.0,0.0,0.0,0.0,0.0,0.0,0.0,0.0,0.0,0.0,0.0,0.0,0.0,0.0,0.0,0.0,0.0,0.0,0.0,0.0,0.0,0.0,0.0,0.0,0.0,0.0,0.0,0.0,0.0,0.0,0.0,0.0,0.0,0.0,0.0,0.0215,0.0215,0.0215,0.0215,0.0215,0.0215,0.0215,0.0215,0.0215,0.0215,0.0215,0.0215,0.0215,0.0215,0.0215,0.0215,0.0215,0.0215,0.0215,0.0215,0.0215,0.0215,0.0215,0.0215
Ilhas Maurício,0.0,0.0,0.0,0.0,0.0,0.0,0.0,0.0,0.0,0.0,0.0,0.0,0.0,0.0,0.0,0.0,0.0,0.0,0.0,0.0,0.0,0.0,0.0,0.0,0.0,0.0,0.0,0.0,0.0,0.0,0.0,0.0,0.0,0.0,0.0,0.0,0.0,0.0,0.0,0.0,0.0,0.0,0.0,0.0,0.0,0.0,0.0,0.0,0.0,0.0,0.0,0.0,0.0,0.0,0.0,0.0,0.0,0.0,0.0,0.0786,0.1573,0.1573,0.1573,0.1573,0.1573,0.1573,0.1573,0.2359,0.2359,0.3932,0.4718,0.5504,0.5504,0.5504,0.5504,0.5504,0.5504,0.5504,0.5504,0.7077,0.7077,0.7077,0.7077,0.7077,0.7077,0.7077,0.7077,0.7077,0.7077,0.7077,0.7077,0.7077
México,0.0,0.0,0.0,0.0,0.0,0.0,0.0,0.0,0.0,0.0,0.0,0.0,0.0,0.0,0.0,0.0,0.0,0.0,0.0,0.0,0.0,0.0,0.0,0.0,0.0,0.0,0.0,0.0,0.0,0.0,0.0,0.0,0.0,0.0,0.0,0.0,0.0,0.0,0.0,0.0,0.0,0.0,0.0,0.0,0.0,0.0,0.0,0.0,0.0,0.0,0.0,0.0,0.0,0.0,0.0,0.0,0.0,0.0008,0.0008,0.0016,0.0016,0.0023,0.0031,0.0039,0.0047,0.0062,0.0093,0.0124,0.0155,0.0217,0.0225,0.0287,0.0388,0.0465,0.0613,0.0729,0.0969,0.1094,0.135,0.1505,0.1807,0.2117,0.2296,0.2575,0.3149,0.3482,0.3769,0.4235,0.5041,0.5321,0.5522,0.6647
Moldávia,0.0,0.0,0.0,0.0,0.0,0.0,0.0,0.0,0.0,0.0,0.0,0.0,0.0,0.0,0.0,0.0,0.0,0.0,0.0,0.0,0.0,0.0,0.0,0.0,0.0,0.0,0.0,0.0,0.0,0.0,0.0,0.0,0.0,0.0,0.0,0.0,0.0,0.0,0.0,0.0,0.0,0.0,0.0,0.0,0.0,0.0,0.0,0.0,0.0,0.0,0.0,0.0,0.0,0.0,0.0,0.0,0.0248,0.0248,0.0248,0.0248,0.0248,0.0248,0.0248,0.0248,0.0248,0.0496,0.0496,0.0496,0.0496,0.0992,0.1239,0.1487,0.1983,0.2975,0.3718,0.471,0.5454,0.6693,0.7189,0.7189,0.7437,0.7685,0.8676,0.9916,1.1403,1.3386,1.3882,1.413,1.6609,1.7353,1.7848,1.8592
Mónaco,0.0,0.0,0.0,0.0,0.0,0.0,0.0,0.0,0.0,0.0,0.0,0.0,0.0,0.0,0.0,0.0,0.0,0.0,0.0,0.0,0.0,0.0,0.0,0.0,0.0,0.0,0.0,0.0,0.0,0.0,0.0,0.0,0.0,0.0,0.0,0.0,0.0,0.0,0.0,0.0,0.0,0.0,0.0,0.0,0.0,0.0,0.0,0.0,0.0,0.0,0.0,0.0,0.0,0.0,0.0,0.0,0.0,0.0,0.0,0.0,0.0,0.0,0.0,0.0,0.0,0.0,0.0,2.5483,2.5483,2.5483,2.5483,2.5483,2.5483,2.5483,2.5483,2.5483,2.5483,2.5483,2.5483,2.5483,2.5483,2.5483,2.5483,2.5483,7.6449,7.6449,7.6449,7.6449,7.6449,7.6449,7.6449,7.6449
Mongólia,0.0,0.0,0.0,0.0,0.0,0.0,0.0,0.0,0.0,0.0,0.0,0.0,0.0,0.0,0.0,0.0,0.0,0.0,0.0,0.0,0.0,0.0,0.0,0.0,0.0,0.0,0.0,0.0,0.0,0.0,0.0,0.0,0.0,0.0,0.0,0.0,0.0,0.0,0.0,0.0,0.0,0.0,0.0,0.0,0.0,0.0,0.0,0.0,0.0,0.0,0.0,0.0,0.0,0.0,0.0,0.0,0.0,0.0,0.0,0.0,0.0,0.0,0.0,0.0,0.0,0.0,0.0,0.0,0.0,0.0,0.0,0.0,0.0,0.0,0.0,0.0,0.0,0.0,0.0,0.0,0.0,0.0,0.0,0.0,0.0,0.0,0.0,0.0,0.0,0.0,0.0,0.0
Montenegro,0.0,0.0,0.0,0.0,0.0,0.0,0.0,0.0,0.0,0.0,0.0,0.0,0.0,0.0,0.0,0.0,0.0,0.0,0.0,0.0,0.0,0.0,0.0,0.0,0.0,0.0,0.0,0.0,0.0,0.0,0.0,0.0,0.0,0.0,0.0,0.0,0.0,0.0,0.0,0.0,0.0,0.0,0.0,0.0,0.0,0.0,0.0,0.0,0.0,0.0,0.0,0.0,0.0,0.0,0.0,0.0,0.0,0.0,0.0,0.0,0.0,0.1592,0.1592,0.1592,0.1592,0.1592,0.1592,0.1592,0.1592,0.3184,0.3184,0.3184,0.3184,0.3184,0.3184,0.3184,0.3184,0.3184,0.3184,0.3184,0.3184,0.4777,0.4777,0.6369,0.6369,0.6369,0.7961,0.7961,0.7961,0.7961,0.7961,0.7961
Marrocos,0.0,0.0,0.0,0.0,0.0,0.0,0.0,0.0,0.0,0.0,0.0,0.0,0.0,0.0,0.0,0.0,0.0,0.0,0.0,0.0,0.0,0.0,0.0,0.0,0.0,0.0,0.0,0.0,0.0,0.0,0.0,0.0,0.0,0.0,0.0,0.0,0.0,0.0,0.0,0.0,0.0,0.0,0.0,0.0,0.0,0.0,0.0,0.0,0.0027,0.0027,0.0027,0.0027,0.0027,0.0027,0.0027,0.0054,0.0054,0.0054,0.0081,0.0081,0.0108,0.0108,0.0135,0.0163,0.0298,0.0623,0.0677,0.0704,0.0894,0.0975,0.1057,0.1192,0.13,0.1598,0.1896,0.2167,0.2438,0.252,0.2628,0.2899,0.3007,0.3197,0.3414,0.3414,0.3441,0.3522,0.3657,0.3712,0.382,0.3874,0.3928,0.4037
Moçambique,0.0,0.0,0.0,0.0,0.0,0.0,0.0,0.0,0.0,0.0,0.0,0.0,0.0,0.0,0.0,0.0,0.0,0.0,0.0,0.0,0.0,0.0,0.0,0.0,0.0,0.0,0.0,0.0,0.0,0.0,0.0,0.0,0.0,0.0,0.0,0.0,0.0,0.0,0.0,0.0,0.0,0.0,0.0,0.0,0.0,0.0,0.0,0.0,0.0,0.0,0.0,0.0,0.0,0.0,0.0,0.0,0.0,0.0,0.0,0.0,0.0,0.0,0.0,0.0,0.0,0.0,0.0,0.0,0.0,0.0,0.0,0.0,0.0,0.0,0.0,0.0,0.0,0.0,0.0,0.0,0.0,0.0,0.0,0.0,0.0,0.0,0.0,0.0,0.0,0.0,0.0,0.0
Namíbia,0.0,0.0,0.0,0.0,0.0,0.0,0.0,0.0,0.0,0.0,0.0,0.0,0.0,0.0,0.0,0.0,0.0,0.0,0.0,0.0,0.0,0.0,0.0,0.0,0.0,0.0,0.0,0.0,0.0,0.0,0.0,0.0,0.0,0.0,0.0,0.0,0.0,0.0,0.0,0.0,0.0,0.0,0.0,0.0,0.0,0.0,0.0,0.0,0.0,0.0,0.0,0.0,0.0,0.0,0.0,0.0,0.0,0.0,0.0,0.0,0.0,0.0,0.0,0.0,0.0,0.0,0.0,0.0,0.0,0.0,0.0,0.0,0.0,0.0,0.0,0.0,0.0,0.0,0.0,0.0,0.0,0.0,0.0,0.0,0.0,0.0,0.0,0.0,0.0,0.0,0.0,0.0
Nepal,0.0,0.0,0.0,0.0,0.0,0.0,0.0,0.0,0.0,0.0,0.0,0.0,0.0,0.0,0.0,0.0,0.0,0.0,0.0,0.0,0.0,0.0,0.0,0.0,0.0,0.0,0.0,0.0,0.0,0.0,0.0,0.0,0.0,0.0,0.0,0.0,0.0,0.0,0.0,0.0,0.0,0.0,0.0,0.0,0.0,0.0,0.0,0.0,0.0,0.0,0.0,0.0,0.0,0.0,0.0,0.0,0.0,0.0,0.0,0.0,0.0,0.0,0.0,0.0,0.0,0.0,0.0,0.0,0.0,0.0,0.0,0.0,0.0,0.0,0.0,0.0,0.0,0.0,0.0,0.0,0.0,0.0,0.0,0.0,0.0,0.0,0.0,0.0,0.0,0.0,0.0,0.0
Países Baixos,0.0,0.0,0.0,0.0,0.0,0.0,0.0,0.0,0.0,0.0,0.0,0.0,0.0,0.0,0.0,0.0,0.0,0.0,0.0,0.0,0.0,0.0,0.0,0.0,0.0,0.0,0.0,0.0,0.0,0.0,0.0,0.0,0.0,0.0,0.0,0.0,0.0,0.0,0.0,0.0,0.0,0.0,0.0,0.0,0.0058,0.0058,0.0175,0.0175,0.0233,0.0292,0.0292,0.0584,0.07,0.1167,0.1401,0.251,0.3385,0.4494,0.6245,0.7995,1.0505,1.2489,1.6166,2.0835,2.5387,3.1923,3.7351,4.5054,5.0482,6.0695,6.8574,7.8261,8.6957,9.6645,10.3356,10.9368,12.3024,13.1603,14.024,14.7069,15.483,16.0316,16.5335,17.2455,18.3544,19.4165,20.2569,21.0857,21.5759,21.9669,22.9298,23.7411
Nova Zelândia,0.0,0.0,0.0,0.0,0.0,0.0,0.0,0.0,0.0,0.0,0.0,0.0,0.0,0.0,0.0,0.0,0.0,0.0,0.0,0.0,0.0,0.0,0.0,0.0,0.0,0.0,0.0,0.0,0.0,0.0,0.0,0.0,0.0,0.0,0.0,0.0,0.0,0.0,0.0,0.0,0.0,0.0,0.0,0.0,0.0,0.0,0.0,0.0,0.0,0.0,0.0,0.0,0.0,0.0,0.0,0.0,0.0,0.0,0.0,0.0,0.0,0.0,0.0,0.0,0.0,0.0,0.0,0.0207,0.0207,0.0207,0.0207,0.0207,0.0207,0.0207,0.0207,0.0207,0.0207,0.0207,0.0207,0.0415,0.0829,0.0829,0.1037,0.1866,0.1866,0.1866,0.2281,0.2281,0.2488,0.2488,0.2696,0.2903
Nicarágua,0.0,0.0,0.0,0.0,0.0,0.0,0.0,0.0,0.0,0.0,0.0,0.0,0.0,0.0,0.0,0.0,0.0,0.0,0.0,0.0,0.0,0.0,0.0,0.0,0.0,0.0,0.0,0.0,0.0,0.0,0.0,0.0,0.0,0.0,0.0,0.0,0.0,0.0,0.0,0.0,0.0,0.0,0.0,0.0,0.0,0.0,0.0,0.0,0.0,0.0,0.0,0.0,0.0,0.0,0.0,0.0,0.0,0.0,0.0,0.0,0.0,0.0,0.0,0.0,0.0,0.0151,0.0151,0.0151,0.0151,0.0151,0.0151,0.0151,0.0151,0.0151,0.0151,0.0151,0.0151,0.0151,0.0151,0.0151,0.0151,0.0151,0.0151,0.0151,0.0151,0.0151,0.0151,0.0302,0.0302,0.0302,0.0302,0.0302
Níger,0.0,0.0,0.0,0.0,0.0,0.0,0.0,0.0,0.0,0.0,0.0,0.0,0.0,0.0,0.0,0.0,0.0,0.0,0.0,0.0,0.0,0.0,0.0,0.0,0.0,0.0,0.0,0.0,0.0,0.0,0.0,0.0,0.0,0.0,0.0,0.0,0.0,0.0,0.0,0.0,0.0,0.0,0.0,0.0,0.0,0.0,0.0,0.0,0.0,0.0,0.0,0.0,0.0,0.0,0.0,0.0,0.0,0.0,0.0,0.0,0.0,0.0,0.0,0.0041,0.0041,0.0041,0.0041,0.0041,0.0124,0.0124,0.0207,0.0207,0.0207,0.033,0.0413,0.0413,0.0454,0.0454,0.0454,0.0454,0.0454,0.0496,0.0496,0.0578,0.0578,0.0578,0.0744,0.0785,0.0826,0.0826,0.0826,0.0909
Nigéria,0.0,0.0,0.0,0.0,0.0,0.0,0.0,0.0,0.0,0.0,0.0,0.0,0.0,0.0,0.0,0.0,0.0,0.0,0.0,0.0,0.0,0.0,0.0,0.0,0.0,0.0,0.0,0.0,0.0,0.0,0.0,0.0,0.0,0.0,0.0,0.0,0.0,0.0,0.0,0.0,0.0,0.0,0.0,0.0,0.0,0.0,0.0,0.0,0.0,0.0,0.0,0.0,0.0,0.0,0.0,0.0,0.0,0.0,0.0,0.0,0.0,0.0005,0.0005,0.0005,0.0005,0.0005,0.0005,0.0005,0.001,0.001,0.001,0.001,0.0019,0.0019,0.0024,0.0024,0.0029,0.0029,0.0034,0.0034,0.0049,0.0049,0.0049,0.0053,0.0058,0.0063,0.0082,0.0092,0.0102,0.0107,0.0107,0.0136
Macedônia do Norte,0.0,0.0,0.0,0.0,0.0,0.0,0.0,0.0,0.0,0.0,0.0,0.0,0.0,0.0,0.0,0.0,0.0,0.0,0.0,0.0,0.0,0.0,0.0,0.0,0.0,0.0,0.0,0.0,0.0,0.0,0.0,0.0,0.0,0.0,0.0,0.0,0.0,0.0,0.0,0.0,0.0,0.0,0.0,0.0,0.0,0.0,0.0,0.0,0.0,0.0,0.0,0.0,0.0,0.0,0.0,0.0,0.0,0.0,0.0,0.0,0.048,0.096,0.096,0.144,0.144,0.144,0.192,0.288,0.336,0.432,0.528,0.528,0.576,0.816,0.864,1.104,1.248,1.392,1.44,1.536,1.632,1.632,1.824,2.112,2.16,2.208,2.352,2.352,2.448,2.5919,2.6399,2.6879
Noruega,0.0,0.0,0.0,0.0,0.0,0.0,0.0,0.0,0.0,0.0,0.0,0.0,0.0,0.0,0.0,0.0,0.0,0.0,0.0,0.0,0.0,0.0,0.0,0.0,0.0,0.0,0.0,0.0,0.0,0.0,0.0,0.0,0.0,0.0,0.0,0.0,0.0,0.0,0.0,0.0,0.0,0.0,0.0,0.0,0.0,0.0,0.0,0.0,0.0,0.0,0.0,0.0,0.0553,0.0553,0.0553,0.0553,0.1107,0.1291,0.1291,0.1291,0.1291,0.1845,0.2214,0.2582,0.2582,0.3505,0.4243,0.4611,0.5903,0.7194,0.8116,0.9223,1.0883,1.1436,1.3097,1.4019,1.6417,1.863,1.9922,2.0844,2.1951,2.3611,2.4718,2.564,2.7669,2.8038,2.9698,3.0251,3.0436,3.3387,3.3572,3.4494
Omã,0.0,0.0,0.0,0.0,0.0,0.0,0.0,0.0,0.0,0.0,0.0,0.0,0.0,0.0,0.0,0.0,0.0,0.0,0.0,0.0,0.0,0.0,0.0,0.0,0.0,0.0,0.0,0.0,0.0,0.0,0.0,0.0,0.0,0.0,0.0,0.0,0.0,0.0,0.0,0.0,0.0,0.0,0.0,0.0,0.0,0.0,0.0,0.0,0.0,0.0,0.0,0.0,0.0,0.0,0.0,0.0,0.0,0.0,0.0,0.0,0.0,0.0,0.0,0.0,0.0,0.0,0.0,0.0,0.0,0.0196,0.0196,0.0196,0.0196,0.0392,0.0392,0.0392,0.0392,0.0392,0.0587,0.0587,0.0587,0.0783,0.0783,0.0783,0.0783,0.0783,0.1175,0.1175,0.1371,0.1371,0.1567,0.1567
Paquistão,0.0,0.0,0.0,0.0,0.0,0.0,0.0,0.0,0.0,0.0,0.0,0.0,0.0,0.0,0.0,0.0,0.0,0.0,0.0,0.0,0.0,0.0,0.0,0.0,0.0,0.0,0.0,0.0,0.0,0.0,0.0,0.0,0.0,0.0,0.0,0.0,0.0,0.0,0.0,0.0,0.0,0.0,0.0,0.0,0.0,0.0,0.0,0.0,0.0,0.0,0.0,0.0,0.0,0.0,0.0,0.0,0.0,0.0009,0.0014,0.0014,0.0023,0.0027,0.0032,0.0036,0.0041,0.005,0.0054,0.0063,0.0095,0.0118,0.0122,0.0154,0.0181,0.0186,0.0213,0.024,0.0258,0.0276,0.0294,0.0299,0.0389,0.0412,0.0421,0.0435,0.0503,0.0579,0.0611,0.0647,0.0761,0.0797,0.091,0.096
Panamá,0.0,0.0,0.0,0.0,0.0,0.0,0.0,0.0,0.0,0.0,0.0,0.0,0.0,0.0,0.0,0.0,0.0,0.0,0.0,0.0,0.0,0.0,0.0,0.0,0.0,0.0,0.0,0.0,0.0,0.0,0.0,0.0,0.0,0.0,0.0,0.0,0.0,0.0,0.0,0.0,0.0,0.0,0.0,0.0,0.0,0.0,0.0,0.0,0.0,0.0232,0.0232,0.0232,0.0232,0.0232,0.0232,0.0232,0.0232,0.0232,0.0232,0.0232,0.0695,0.1391,0.1391,0.1854,0.1854,0.2086,0.3245,0.394,0.5562,0.6953,0.6953,0.7416,0.8575,0.9502,1.0661,1.2515,1.2747,1.3674,1.4601,1.5296,1.715,1.8309,2.0163,2.1786,2.2017,2.3872,2.5262,2.6884,2.7811,2.9202,3.152,3.2678
Papua-Nova Guiné,0.0,0.0,0.0,0.0,0.0,0.0,0.0,0.0,0.0,0.0,0.0,0.0,0.0,0.0,0.0,0.0,0.0,0.0,0.0,0.0,0.0,0.0,0.0,0.0,0.0,0.0,0.0,0.0,0.0,0.0,0.0,0.0,0.0,0.0,0.0,0.0,0.0,0.0,0.0,0.0,0.0,0.0,0.0,0.0,0.0,0.0,0.0,0.0,0.0,0.0,0.0,0.0,0.0,0.0,0.0,0.0,0.0,0.0,0.0,0.0,0.0,0.0,0.0,0.0,0.0,0.0,0.0,0.0,0.0,0.0,0.0,0.0,0.0,0.0,0.0,0.0,0.0,0.0,0.0,0.0,0.0,0.0,0.0,0.0,0.0,0.0,0.0,0.0,0.0,0.0,0.0,0.0
Paraguai,0.0,0.0,0.0,0.0,0.0,0.0,0.0,0.0,0.0,0.0,0.0,0.0,0.0,0.0,0.0,0.0,0.0,0.0,0.0,0.0,0.0,0.0,0.0,0.0,0.0,0.0,0.0,0.0,0.0,0.0,0.0,0.0,0.0,0.0,0.0,0.0,0.0,0.0,0.0,0.0,0.0,0.0,0.0,0.0,0.0,0.0,0.0,0.0,0.0,0.0,0.0,0.0,0.0,0.0,0.0,0.0,0.0,0.0,0.0,0.014,0.014,0.014,0.028,0.0421,0.0421,0.0421,0.0421,0.0421,0.0421,0.0421,0.0421,0.0421,0.0421,0.0421,0.0421,0.0701,0.0701,0.0701,0.0701,0.0841,0.0841,0.0841,0.0841,0.0981,0.1122,0.1122,0.1122,0.1122,0.1122,0.1122,0.1122,0.1262
Peru,0.0,0.0,0.0,0.0,0.0,0.0,0.0,0.0,0.0,0.0,0.0,0.0,0.0,0.0,0.0,0.0,0.0,0.0,0.0,0.0,0.0,0.0,0.0,0.0,0.0,0.0,0.0,0.0,0.0,0.0,0.0,0.0,0.0,0.0,0.0,0.0,0.0,0.0,0.0,0.0,0.0,0.0,0.0,0.0,0.0,0.0,0.0,0.0,0.0,0.0,0.0,0.0,0.0,0.0,0.0,0.0,0.0,0.0,0.0091,0.0152,0.0152,0.0152,0.0212,0.0273,0.0273,0.0334,0.0485,0.0546,0.0728,0.091,0.1152,0.1668,0.185,0.2214,0.2517,0.279,0.3245,0.367,0.4185,0.5126,0.549,0.5853,0.6551,0.6976,0.7704,0.831,0.9099,1.0554,1.2132,1.3496,1.4679,1.6074
Filipinas,0.0,0.0,0.0,0.0,0.0,0.0,0.0,0.0,0.0,0.0,0.0,0.0009,0.0009,0.0009,0.0009,0.0009,0.0009,0.0009,0.0009,0.0009,0.0009,0.0009,0.0009,0.0009,0.0009,0.0009,0.0009,0.0009,0.0009,0.0009,0.0009,0.0009,0.0009,0.0009,0.0009,0.0009,0.0009,0.0009,0.0009,0.0009,0.0009,0.0009,0.0009,0.0009,0.0009,0.0009,0.0009,0.0009,0.0009,0.0009,0.0018,0.0046,0.0073,0.01,0.011,0.011,0.0173,0.0155,0.0164,0.0173,0.0228,0.0301,0.0319,0.0347,0.0411,0.0493,0.0621,0.0648,0.0712,0.0803,0.0876,0.0976,0.1241,0.1314,0.1387,0.1487,0.1615,0.1661,0.1853,0.2017,0.2254,0.271,0.2875,0.3057,0.3185,0.3303,0.3532,0.3623,0.3732,0.3906,0.3988,0.407
Polónia,0.0,0.0,0.0,0.0,0.0,0.0,0.0,0.0,0.0,0.0,0.0,0.0,0.0,0.0,0.0,0.0,0.0,0.0,0.0,0.0,0.0,0.0,0.0,0.0,0.0,0.0,0.0,0.0,0.0,0.0,0.0,0.0,0.0,0.0,0.0,0.0,0.0,0.0,0.0,0.0,0.0,0.0,0.0,0.0,0.0,0.0,0.0,0.0,0.0,0.0,0.0026,0.0053,0.0079,0.0079,0.0106,0.0132,0.0132,0.0132,0.0132,0.0132,0.0185,0.0211,0.0264,0.037,0.0423,0.0423,0.0476,0.0581,0.0819,0.0872,0.1136,0.1506,0.1876,0.2087,0.2484,0.2827,0.3408,0.4201,0.4598,0.4782,0.5496,0.613,0.6473,0.6949,0.7557,0.8297,0.8772,0.9169,0.9512,1.0041,1.0595,1.1256
Portugal,0.0,0.0,0.0,0.0,0.0,0.0,0.0,0.0,0.0,0.0,0.0,0.0,0.0,0.0,0.0,0.0,0.0,0.0,0.0,0.0,0.0,0.0,0.0,0.0,0.0,0.0,0.0,0.0,0.0,0.0,0.0,0.0,0.0,0.0,0.0,0.0,0.0,0.0,0.0,0.0,0.0,0.0,0.0,0.0,0.0,0.0,0.0,0.0,0.0,0.0,0.0,0.0,0.0,0.0,0.0,0.0098,0.0196,0.0294,0.0588,0.1177,0.1373,0.2256,0.3236,0.4217,0.5884,0.7453,0.9807,1.167,1.373,1.5691,1.8339,2.0497,2.4125,2.6087,2.8931,3.05,3.3834,3.7267,4.0111,4.2661,4.6093,4.9428,5.2468,5.5606,5.8744,6.1687,6.4433,6.7375,7.0023,7.2082,7.473,7.6986
Catar,0.0,0.0,0.0,0.0,0.0,0.0,0.0,0.0,0.0,0.0,0.0,0.0,0.0,0.0,0.0,0.0,0.0,0.0,0.0,0.0,0.0,0.0,0.0,0.0,0.0,0.0,0.0,0.0,0.0,0.0,0.0,0.0,0.0,0.0,0.0,0.0,0.0,0.0,0.0,0.0,0.0,0.0,0.0,0.0,0.0,0.0,0.0,0.0,0.0,0.0,0.0,0.0,0.0,0.0,0.0,0.0,0.0,0.0,0.0,0.0,0.0,0.0,0.0,0.0,0.0,0.0,0.0347,0.0347,0.0347,0.0694,0.0694,0.1041,0.1041,0.1041,0.1388,0.1388,0.2083,0.2083,0.2083,0.2083,0.2083,0.243,0.243,0.243,0.243,0.243,0.243,0.2777,0.2777,0.3124,0.3124,0.3471
Roménia,0.0,0.0,0.0,0.0,0.0,0.0,0.0,0.0,0.0,0.0,0.0,0.0,0.0,0.0,0.0,0.0,0.0,0.0,0.0,0.0,0.0,0.0,0.0,0.0,0.0,0.0,0.0,0.0,0.0,0.0,0.0,0.0,0.0,0.0,0.0,0.0,0.0,0.0,0.0,0.0,0.0,0.0,0.0,0.0,0.0,0.0,0.0,0.0,0.0,0.0,0.0,0.0,0.0,0.0,0.0,0.0,0.0,0.0,0.0,0.0,0.0156,0.0364,0.0572,0.0884,0.1196,0.1352,0.1923,0.2235,0.3379,0.4262,0.4782,0.5978,0.6914,0.7589,0.7849,0.9149,1.024,1.1436,1.2891,1.4035,1.5127,1.6426,1.7206,1.8245,1.9337,2.0377,2.1364,2.1884,2.3444,2.4847,2.5887,2.7238
Rússia,0.0,0.0,0.0,0.0,0.0,0.0,0.0,0.0,0.0,0.0,0.0,0.0,0.0,0.0,0.0,0.0,0.0,0.0,0.0,0.0,0.0,0.0,0.0,0.0,0.0,0.0,0.0,0.0,0.0,0.0,0.0,0.0,0.0,0.0,0.0,0.0,0.0,0.0,0.0,0.0,0.0,0.0,0.0,0.0,0.0,0.0,0.0,0.0,0.0,0.0,0.0,0.0,0.0,0.0,0.0,0.0,0.0,0.0007,0.0007,0.0007,0.0007,0.0007,0.0007,0.0021,0.0021,0.0027,0.0027,0.0055,0.0062,0.0116,0.0164,0.0206,0.0233,0.0295,0.0308,0.0322,0.0397,0.0432,0.0521,0.0644,0.0726,0.0891,0.1014,0.1165,0.1357,0.159,0.1871,0.2145,0.2474,0.2775,0.3125,0.3515
Ruanda,0.0,0.0,0.0,0.0,0.0,0.0,0.0,0.0,0.0,0.0,0.0,0.0,0.0,0.0,0.0,0.0,0.0,0.0,0.0,0.0,0.0,0.0,0.0,0.0,0.0,0.0,0.0,0.0,0.0,0.0,0.0,0.0,0.0,0.0,0.0,0.0,0.0,0.0,0.0,0.0,0.0,0.0,0.0,0.0,0.0,0.0,0.0,0.0,0.0,0.0,0.0,0.0,0.0,0.0,0.0,0.0,0.0,0.0,0.0,0.0,0.0,0.0,0.0,0.0,0.0,0.0,0.0,0.0,0.0,0.0,0.0,0.0,0.0,0.0,0.0,0.0,0.0,0.0,0.0,0.0,0.0,0.0,0.0,0.0,0.0,0.0,0.0,0.0,0.0,0.0,0.0,0.0
São Cristóvão e Névis,0.0,0.0,0.0,0.0,0.0,0.0,0.0,0.0,0.0,0.0,0.0,0.0,0.0,0.0,0.0,0.0,0.0,0.0,0.0,0.0,0.0,0.0,0.0,0.0,0.0,0.0,0.0,0.0,0.0,0.0,0.0,0.0,0.0,0.0,0.0,0.0,0.0,0.0,0.0,0.0,0.0,0.0,0.0,0.0,0.0,0.0,0.0,0.0,0.0,0.0,0.0,0.0,0.0,0.0,0.0,0.0,0.0,0.0,0.0,0.0,0.0,0.0,0.0,0.0,0.0,0.0,0.0,0.0,0.0,0.0,0.0,0.0,0.0,0.0,0.0,0.0,0.0,0.0,0.0,0.0,0.0,0.0,0.0,0.0,0.0,0.0,0.0,0.0,0.0,0.0,0.0,0.0
Santa Lúcia,0.0,0.0,0.0,0.0,0.0,0.0,0.0,0.0,0.0,0.0,0.0,0.0,0.0,0.0,0.0,0.0,0.0,0.0,0.0,0.0,0.0,0.0,0.0,0.0,0.0,0.0,0.0,0.0,0.0,0.0,0.0,0.0,0.0,0.0,0.0,0.0,0.0,0.0,0.0,0.0,0.0,0.0,0.0,0.0,0.0,0.0,0.0,0.0,0.0,0.0,0.0,0.0,0.0,0.0,0.0,0.0,0.0,0.0,0.0,0.0,0.0,0.0,0.0,0.0,0.0,0.0,0.0,0.0,0.0,0.0,0.0,0.0,0.0,0.0,0.0,0.0,0.0,0.0,0.0,0.0,0.0,0.0,0.0,0.0,0.0,0.0,0.0,0.0,0.0,0.0,0.0,0.0
São Vicente e Granadinas,0.0,0.0,0.0,0.0,0.0,0.0,0.0,0.0,0.0,0.0,0.0,0.0,0.0,0.0,0.0,0.0,0.0,0.0,0.0,0.0,0.0,0.0,0.0,0.0,0.0,0.0,0.0,0.0,0.0,0.0,0.0,0.0,0.0,0.0,0.0,0.0,0.0,0.0,0.0,0.0,0.0,0.0,0.0,0.0,0.0,0.0,0.0,0.0,0.0,0.0,0.0,0.0,0.0,0.0,0.0,0.0,0.0,0.0,0.0,0.0,0.0,0.0,0.0,0.0,0.0,0.0,0.0,0.0,0.0,0.0,0.0,0.0,0.0,0.0,0.0,0.0,0.0,0.0,0.0,0.0,0.0,0.0,0.0,0.0,0.0,0.0,0.0,0.0,0.0,0.0,0.0,0.0
San Marino,0.0,0.0,0.0,0.0,0.0,0.0,0.0,0.0,0.0,0.0,0.0,0.0,0.0,0.0,0.0,0.0,0.0,0.0,0.0,0.0,0.0,0.0,0.0,0.0,0.0,0.0,0.0,0.0,0.0,0.0,0.0,0.0,0.0,0.0,0.0,0.0,0.0,0.0,0.0,0.0,0.0,2.9472,2.9472,2.9472,2.9472,2.9472,2.9472,2.9472,5.8943,5.8943,8.8415,14.7358,14.7358,14.7358,20.6301,20.6301,32.4187,32.4187,41.2602,58.9431,58.9431,58.9431,61.8903,61.8903,61.8903,61.8903,64.8375,64.8375,73.6789,76.6261,76.6261,88.4147,88.4147,94.309,94.309,94.309,100.2034,100.2034,100.2034,100.2034,103.1505,103.1505,103.1505,106.0977,106.0977,111.992,114.9391,114.9391,114.9391,114.9391,117.8863,117.8863
São Tomé e Príncipe,0.0,0.0,0.0,0.0,0.0,0.0,0.0,0.0,0.0,0.0,0.0,0.0,0.0,0.0,0.0,0.0,0.0,0.0,0.0,0.0,0.0,0.0,0.0,0.0,0.0,0.0,0.0,0.0,0.0,0.0,0.0,0.0,0.0,0.0,0.0,0.0,0.0,0.0,0.0,0.0,0.0,0.0,0.0,0.0,0.0,0.0,0.0,0.0,0.0,0.0,0.0,0.0,0.0,0.0,0.0,0.0,0.0,0.0,0.0,0.0,0.0,0.0,0.0,0.0,0.0,0.0,0.0,0.0,0.0,0.0,0.0,0.0,0.0,0.0,0.0,0.0,0.0,0.0,0.0,0.0,0.0,0.0,0.0,0.0,0.0,0.0,0.0,0.0,0.0,0.0,0.0,0.0
Arábia Saudita,0.0,0.0,0.0,0.0,0.0,0.0,0.0,0.0,0.0,0.0,0.0,0.0,0.0,0.0,0.0,0.0,0.0,0.0,0.0,0.0,0.0,0.0,0.0,0.0,0.0,0.0,0.0,0.0,0.0,0.0,0.0,0.0,0.0,0.0,0.0,0.0,0.0,0.0,0.0,0.0,0.0,0.0,0.0,0.0,0.0,0.0,0.0,0.0,0.0,0.0,0.0,0.0,0.0,0.0,0.0,0.0,0.0,0.0,0.0,0.0,0.0,0.0,0.0029,0.0057,0.0086,0.0086,0.0115,0.023,0.023,0.0287,0.046,0.0603,0.0718,0.0833,0.0977,0.1092,0.1178,0.1178,0.1264,0.135,0.1494,0.1695,0.1867,0.2097,0.2269,0.2384,0.2499,0.2643,0.2786,0.2959,0.3131,0.3275
Senegal,0.0,0.0,0.0,0.0,0.0,0.0,0.0,0.0,0.0,0.0,0.0,0.0,0.0,0.0,0.0,0.0,0.0,0.0,0.0,0.0,0.0,0.0,0.0,0.0,0.0,0.0,0.0,0.0,0.0,0.0,0.0,0.0,0.0,0.0,0.0,0.0,0.0,0.0,0.0,0.0,0.0,0.0,0.0,0.0,0.0,0.0,0.0,0.0,0.0,0.0,0.0,0.0,0.0,0.0,0.0,0.0,0.0,0.0,0.0,0.0,0.0,0.0,0.0,0.0,0.0,0.0,0.0,0.0,0.0,0.0,0.006,0.006,0.006,0.0119,0.0119,0.0119,0.0119,0.0119,0.0119,0.0119,0.0119,0.0119,0.0119,0.0119,0.0119,0.0119,0.0119,0.0179,0.0179,0.0299,0.0299,0.0358
Sérvia,0.0,0.0,0.0,0.0,0.0,0.0,0.0,0.0,0.0,0.0,0.0,0.0,0.0,0.0,0.0,0.0,0.0,0.0,0.0,0.0,0.0,0.0,0.0,0.0,0.0,0.0,0.0,0.0,0.0,0.0,0.0,0.0,0.0,0.0,0.0,0.0,0.0,0.0,0.0,0.0,0.0,0.0,0.0,0.0,0.0,0.0,0.0,0.0,0.0,0.0,0.0,0.0,0.0,0.0,0.0,0.0,0.0,0.0,0.0114,0.0114,0.0229,0.0343,0.0343,0.0458,0.0114,0.0114,0.1145,0.1488,0.1831,0.1831,0.3205,0.3548,0.4464,0.5036,0.5837,0.6638,0.6982,0.7439,0.7554,0.8126,0.8469,0.9156,0.9728,1.0758,1.1331,1.1788,1.259,1.3391,1.3963,1.4306,1.4306,1.4306
Seychelles,0.0,0.0,0.0,0.0,0.0,0.0,0.0,0.0,0.0,0.0,0.0,0.0,0.0,0.0,0.0,0.0,0.0,0.0,0.0,0.0,0.0,0.0,0.0,0.0,0.0,0.0,0.0,0.0,0.0,0.0,0.0,0.0,0.0,0.0,0.0,0.0,0.0,0.0,0.0,0.0,0.0,0.0,0.0,0.0,0.0,0.0,0.0,0.0,0.0,0.0,0.0,0.0,0.0,0.0,0.0,0.0,0.0,0.0,0.0,0.0,0.0,0.0,0.0,0.0,0.0,0.0,0.0,0.0,0.0,0.0,0.0,0.0,0.0,0.0,0.0,0.0,0.0,0.0,0.0,0.0,0.0,0.0,0.0,0.0,0.0,0.0,0.0,0.0,0.0,0.0,0.0,0.0
Serra Leoa,0.0,0.0,0.0,0.0,0.0,0.0,0.0,0.0,0.0,0.0,0.0,0.0,0.0,0.0,0.0,0.0,0.0,0.0,0.0,0.0,0.0,0.0,0.0,0.0,0.0,0.0,0.0,0.0,0.0,0.0,0.0,0.0,0.0,0.0,0.0,0.0,0.0,0.0,0.0,0.0,0.0,0.0,0.0,0.0,0.0,0.0,0.0,0.0,0.0,0.0,0.0,0.0,0.0,0.0,0.0,0.0,0.0,0.0,0.0,0.0,0.0,0.0,0.0,0.0,0.0,0.0,0.0,0.0,0.0,0.0,0.0,0.0,0.0,0.0,0.0,0.0,0.0,0.0,0.0,0.0,0.0,0.0,0.0,0.0,0.0,0.0,0.0,0.0,0.0,0.0,0.0,0.0
Singapura,0.0,0.0,0.0,0.0,0.0,0.0,0.0,0.0,0.0,0.0,0.0,0.0,0.0,0.0,0.0,0.0,0.0,0.0,0.0,0.0,0.0,0.0,0.0,0.0,0.0,0.0,0.0,0.0,0.0,0.0,0.0,0.0,0.0,0.0,0.0,0.0,0.0,0.0,0.0,0.0,0.0,0.0,0.0,0.0,0.0,0.0,0.0,0.0,0.0,0.0,0.0,0.0,0.0,0.0,0.0,0.0,0.0,0.0,0.0,0.0342,0.0342,0.0342,0.0342,0.0342,0.0342,0.0342,0.0342,0.0513,0.0513,0.0513,0.0513,0.0684,0.0855,0.1026,0.1026,0.1026,0.1026,0.1026,0.1026,0.1197,0.1367,0.1367,0.1538,0.1709,0.1709,0.1709,0.188,0.188,0.188,0.188,0.188,0.2051
Eslováquia,0.0,0.0,0.0,0.0,0.0,0.0,0.0,0.0,0.0,0.0,0.0,0.0,0.0,0.0,0.0,0.0,0.0,0.0,0.0,0.0,0.0,0.0,0.0,0.0,0.0,0.0,0.0,0.0,0.0,0.0,0.0,0.0,0.0,0.0,0.0,0.0,0.0,0.0,0.0,0.0,0.0,0.0,0.0,0.0,0.0,0.0,0.0,0.0,0.0,0.0,0.0,0.0,0.0,0.0,0.0,0.0,0.0183,0.0183,0.0183,0.0183,0.0,0.0,0.0,0.0,0.0,0.0,0.0,0.0,0.0,0.0,0.0183,0.0183,0.0183,0.0183,0.0183,0.0366,0.0366,0.0366,0.0366,0.0366,0.0366,0.0366,0.0366,0.0366,0.1099,0.1465,0.1648,0.2015,0.2198,0.2381,0.2564,0.2564
Eslovénia,0.0,0.0,0.0,0.0,0.0,0.0,0.0,0.0,0.0,0.0,0.0,0.0,0.0,0.0,0.0,0.0,0.0,0.0,0.0,0.0,0.0,0.0,0.0,0.0,0.0,0.0,0.0,0.0,0.0,0.0,0.0,0.0,0.0,0.0,0.0,0.0,0.0,0.0,0.0,0.0,0.0,0.0,0.0,0.0,0.0,0.0,0.0,0.0,0.0,0.0,0.0,0.0,0.0481,0.0481,0.0481,0.0481,0.0481,0.0481,0.0481,0.0481,0.0962,0.1443,0.1924,0.2405,0.2886,0.4329,0.4329,0.5291,0.5291,0.7215,0.7215,0.8177,0.962,1.0582,1.3468,1.443,1.7317,1.9241,2.0684,2.1646,2.4051,2.5494,2.6456,2.6937,2.9342,2.9342,3.1747,3.3671,3.5595,3.7038,3.7038,3.8
Somália,0.0,0.0,0.0,0.0,0.0,0.0,0.0,0.0,0.0,0.0,0.0,0.0,0.0,0.0,0.0,0.0,0.0,0.0,0.0,0.0,0.0,0.0,0.0,0.0,0.0,0.0,0.0,0.0,0.0,0.0,0.0,0.0,0.0,0.0,0.0,0.0,0.0,0.0,0.0,0.0,0.0,0.0,0.0,0.0,0.0,0.0,0.0,0.0,0.0,0.0,0.0,0.0,0.0,0.0,0.0,0.0,0.0,0.0,0.0,0.0,0.0,0.0,0.0,0.0,0.0,0.0,0.0,0.0,0.0,0.0,0.0,0.0,0.0,0.0,0.0,0.0,0.0,0.0063,0.0063,0.0063,0.0063,0.0063,0.0126,0.0126,0.0315,0.0315,0.0378,0.044,0.044,0.0503,0.0503,0.0503
África do Sul,0.0,0.0,0.0,0.0,0.0,0.0,0.0,0.0,0.0,0.0,0.0,0.0,0.0,0.0,0.0,0.0,0.0,0.0,0.0,0.0,0.0,0.0,0.0,0.0,0.0,0.0,0.0,0.0,0.0,0.0,0.0,0.0,0.0,0.0,0.0,0.0,0.0,0.0,0.0,0.0,0.0,0.0,0.0,0.0,0.0,0.0,0.0,0.0,0.0,0.0,0.0,0.0,0.0,0.0,0.0,0.0,0.0,0.0,0.0,0.0,0.0,0.0,0.0,0.0,0.0,0.0017,0.0017,0.0034,0.0051,0.0084,0.0084,0.0084,0.0152,0.0152,0.0185,0.0202,0.0219,0.0303,0.0303,0.0405,0.0422,0.0422,0.0455,0.0455,0.0573,0.0809,0.0843,0.0877,0.091,0.0978,0.0978,0.1096
Sudão do Sul,0.0,0.0,0.0,0.0,0.0,0.0,0.0,0.0,0.0,0.0,0.0,0.0,0.0,0.0,0.0,0.0,0.0,0.0,0.0,0.0,0.0,0.0,0.0,0.0,0.0,0.0,0.0,0.0,0.0,0.0,0.0,0.0,0.0,0.0,0.0,0.0,0.0,0.0,0.0,0.0,0.0,0.0,0.0,0.0,0.0,0.0,0.0,0.0,0.0,0.0,0.0,0.0,0.0,0.0,0.0,0.0,0.0,0.0,0.0,0.0,0.0,0.0,0.0,0.0,0.0,0.0,0.0,0.0,0.0,0.0,0.0,0.0,0.0,0.0,0.0,0.0,0.0,0.0,0.0,0.0,0.0,0.0,0.0,0.0,0.0,0.0,0.0,0.0,0.0,0.0,0.0,0.0
Espanha,0.0,0.0,0.0,0.0,0.0,0.0,0.0,0.0,0.0,0.0,0.0,0.0,0.0,0.0,0.0,0.0,0.0,0.0,0.0,0.0,0.0,0.0,0.0,0.0,0.0,0.0,0.0,0.0,0.0,0.0,0.0,0.0,0.0,0.0,0.0,0.0,0.0,0.0,0.0,0.0,0.0,0.0021,0.0043,0.0064,0.0107,0.0214,0.0364,0.0599,0.0749,0.1155,0.1176,0.2845,0.4171,0.6181,0.7315,1.14,1.3325,1.7752,2.2308,2.9409,3.79,4.9428,6.0058,7.8003,9.3359,10.9893,12.7944,14.5504,16.5031,18.103,20.0771,22.1325,23.9505,25.5525,27.0368,28.534,30.0397,31.6374,33.0383,34.3943,35.5172,36.8069,37.9769,38.6185,40.013,41.3113,42.7807,42.8683,43.7453,44.5987,45.5183,46.4487
Sri Lanka,0.0,0.0,0.0,0.0,0.0,0.0,0.0,0.0,0.0,0.0,0.0,0.0,0.0,0.0,0.0,0.0,0.0,0.0,0.0,0.0,0.0,0.0,0.0,0.0,0.0,0.0,0.0,0.0,0.0,0.0,0.0,0.0,0.0,0.0,0.0,0.0,0.0,0.0,0.0,0.0,0.0,0.0,0.0,0.0,0.0,0.0,0.0,0.0,0.0,0.0,0.0,0.0,0.0,0.0,0.0,0.0,0.0,0.0,0.0,0.0,0.0,0.0,0.0,0.0,0.0,0.0,0.0047,0.0047,0.0093,0.0093,0.014,0.0187,0.0187,0.0234,0.0234,0.0234,0.028,0.0327,0.0327,0.0327,0.0327,0.0327,0.0327,0.0327,0.0327,0.0327,0.0327,0.0327,0.0327,0.0327,0.0327,0.0327
Sudão,0.0,0.0,0.0,0.0,0.0,0.0,0.0,0.0,0.0,0.0,0.0,0.0,0.0,0.0,0.0,0.0,0.0,0.0,0.0,0.0,0.0,0.0,0.0,0.0,0.0,0.0,0.0,0.0,0.0,0.0,0.0,0.0,0.0,0.0,0.0,0.0,0.0,0.0,0.0,0.0,0.0,0.0,0.0,0.0,0.0,0.0,0.0,0.0,0.0,0.0,0.0,0.0023,0.0023,0.0023,0.0023,0.0023,0.0023,0.0023,0.0023,0.0023,0.0023,0.0023,0.0023,0.0023,0.0023,0.0023,0.0023,0.0023,0.0046,0.0046,0.0046,0.0046,0.0046,0.0046,0.0046,0.0046,0.0046,0.0046,0.0046,0.0046,0.0046,0.0046,0.0091,0.0114,0.0114,0.0114,0.0137,0.0228,0.0228,0.0274,0.0274,0.0296
Suriname,0.0,0.0,0.0,0.0,0.0,0.0,0.0,0.0,0.0,0.0,0.0,0.0,0.0,0.0,0.0,0.0,0.0,0.0,0.0,0.0,0.0,0.0,0.0,0.0,0.0,0.0,0.0,0.0,0.0,0.0,0.0,0.0,0.0,0.0,0.0,0.0,0.0,0.0,0.0,0.0,0.0,0.0,0.0,0.0,0.0,0.0,0.0,0.0,0.0,0.0,0.0,0.0,0.0,0.0,0.0,0.0,0.0,0.0,0.0,0.0,0.0,0.0,0.0,0.0,0.0,0.0,0.0,0.0,0.0,0.0,0.0,0.0,0.1705,0.1705,0.1705,0.1705,0.1705,0.1705,0.1705,0.1705,0.1705,0.1705,0.1705,0.1705,0.1705,0.1705,0.1705,0.1705,0.1705,0.1705,0.1705,0.1705
Suécia,0.0,0.0,0.0,0.0,0.0,0.0,0.0,0.0,0.0,0.0,0.0,0.0,0.0,0.0,0.0,0.0,0.0,0.0,0.0,0.0,0.0,0.0,0.0,0.0,0.0,0.0,0.0,0.0,0.0,0.0,0.0,0.0,0.0,0.0,0.0,0.0,0.0,0.0,0.0,0.0,0.0,0.0,0.0,0.0,0.0,0.0,0.0,0.0,0.0,0.0099,0.0099,0.0099,0.0198,0.0297,0.0594,0.0693,0.099,0.1089,0.1584,0.198,0.2079,0.2475,0.3565,0.6139,0.7624,1.0397,1.0397,1.0892,1.4456,1.7823,2.3665,3.0497,3.5448,3.6933,3.9706,4.7231,5.8519,6.8025,7.8521,8.6145,8.7828,8.9016,9.0997,10.2285,11.9118,13.199,13.8624,14.9615,15.2486,15.6447,17.4765,19.1796
Suíça,0.0,0.0,0.0,0.0,0.0,0.0,0.0,0.0,0.0,0.0,0.0,0.0,0.0,0.0,0.0,0.0,0.0,0.0,0.0,0.0,0.0,0.0,0.0,0.0,0.0,0.0,0.0,0.0,0.0,0.0,0.0,0.0,0.0,0.0,0.0,0.0,0.0,0.0,0.0,0.0,0.0,0.0,0.0,0.0116,0.0116,0.0116,0.0231,0.0231,0.0347,0.0462,0.0462,0.1271,0.1502,0.1618,0.1618,0.312,0.3235,0.4737,0.6239,0.8666,1.1323,1.3865,1.4097,1.7678,2.2069,2.6691,3.0504,3.4664,4.1481,5.0031,5.6386,6.1932,6.8287,7.6953,8.2615,8.8392,9.4863,10.3413,10.9537,11.5776,11.9705,12.7793,13.149,13.565,14.316,14.8013,15.3328,15.8066,16.0954,16.5114,17.0776,17.4358
Síria,0.0,0.0,0.0,0.0,0.0,0.0,0.0,0.0,0.0,0.0,0.0,0.0,0.0,0.0,0.0,0.0,0.0,0.0,0.0,0.0,0.0,0.0,0.0,0.0,0.0,0.0,0.0,0.0,0.0,0.0,0.0,0.0,0.0,0.0,0.0,0.0,0.0,0.0,0.0,0.0,0.0,0.0,0.0,0.0,0.0,0.0,0.0,0.0,0.0,0.0,0.0,0.0,0.0,0.0,0.0,0.0,0.0,0.0,0.0,0.0,0.0,0.0,0.0,0.0,0.0,0.0,0.0,0.0057,0.0114,0.0114,0.0114,0.0114,0.0114,0.0114,0.0114,0.0114,0.0114,0.0114,0.0114,0.0114,0.0114,0.0114,0.0114,0.0114,0.0114,0.0114,0.0114,0.0114,0.0171,0.0171,0.0171,0.0171
Taiwan,0.0,0.0,0.0,0.0,0.0,0.0,0.0,0.0,0.0,0.0,0.0,0.0,0.0,0.0,0.0,0.0,0.0,0.0,0.0,0.0,0.0,0.0,0.0,0.0,0.0,0.0042,0.0042,0.0042,0.0042,0.0042,0.0042,0.0042,0.0042,0.0042,0.0042,0.0042,0.0042,0.0042,0.0042,0.0042,0.0042,0.0042,0.0042,0.0042,0.0042,0.0042,0.0042,0.0042,0.0042,0.0042,0.0042,0.0042,0.0042,0.0042,0.0042,0.0042,0.0042,0.0042,0.0084,0.0084,0.0084,0.0084,0.0084,0.0084,0.0084,0.0084,0.0084,0.0084,0.021,0.021,0.021,0.021,0.021,0.021,0.021,0.021,0.021,0.021,0.021,0.0252,0.0252,0.0252,0.0252,0.0252,0.0252,0.0252,0.0252,0.0252,0.0252,0.0252,0.0252,0.0252
Tanzânia,0.0,0.0,0.0,0.0,0.0,0.0,0.0,0.0,0.0,0.0,0.0,0.0,0.0,0.0,0.0,0.0,0.0,0.0,0.0,0.0,0.0,0.0,0.0,0.0,0.0,0.0,0.0,0.0,0.0,0.0,0.0,0.0,0.0,0.0,0.0,0.0,0.0,0.0,0.0,0.0,0.0,0.0,0.0,0.0,0.0,0.0,0.0,0.0,0.0,0.0,0.0,0.0,0.0,0.0,0.0,0.0,0.0,0.0,0.0,0.0,0.0,0.0,0.0,0.0,0.0,0.0,0.0,0.0,0.0,0.0017,0.0017,0.0017,0.0017,0.0017,0.0017,0.0017,0.0017,0.0017,0.0017,0.005,0.005,0.005,0.005,0.005,0.0067,0.0067,0.0084,0.0084,0.0117,0.0167,0.0167,0.0167
Tailândia,0.0,0.0,0.0,0.0,0.0,0.0,0.0,0.0,0.0,0.0,0.0,0.0,0.0,0.0,0.0,0.0,0.0,0.0,0.0,0.0,0.0,0.0,0.0,0.0,0.0,0.0,0.0,0.0,0.0,0.0,0.0,0.0,0.0,0.0,0.0,0.0,0.0,0.0,0.0,0.0014,0.0014,0.0014,0.0014,0.0014,0.0014,0.0014,0.0014,0.0014,0.0014,0.0014,0.0014,0.0014,0.0014,0.0014,0.0014,0.0014,0.0014,0.0014,0.0014,0.0014,0.0014,0.0014,0.0057,0.0057,0.0057,0.0072,0.0086,0.01,0.0129,0.0143,0.0172,0.0215,0.0272,0.0287,0.033,0.0372,0.0387,0.043,0.0458,0.0473,0.0501,0.0544,0.0573,0.0587,0.0616,0.0659,0.0673,0.0673,0.0673,0.0673,0.0688,0.0702
Timor-Leste,0.0,0.0,0.0,0.0,0.0,0.0,0.0,0.0,0.0,0.0,0.0,0.0,0.0,0.0,0.0,0.0,0.0,0.0,0.0,0.0,0.0,0.0,0.0,0.0,0.0,0.0,0.0,0.0,0.0,0.0,0.0,0.0,0.0,0.0,0.0,0.0,0.0,0.0,0.0,0.0,0.0,0.0,0.0,0.0,0.0,0.0,0.0,0.0,0.0,0.0,0.0,0.0,0.0,0.0,0.0,0.0,0.0,0.0,0.0,0.0,0.0,0.0,0.0,0.0,0.0,0.0,0.0,0.0,0.0,0.0,0.0,0.0,0.0,0.0,0.0,0.0,0.0,0.0,0.0,0.0,0.0,0.0,0.0,0.0,0.0,0.0,0.0,0.0,0.0,0.0,0.0,0.0
Togo,0.0,0.0,0.0,0.0,0.0,0.0,0.0,0.0,0.0,0.0,0.0,0.0,0.0,0.0,0.0,0.0,0.0,0.0,0.0,0.0,0.0,0.0,0.0,0.0,0.0,0.0,0.0,0.0,0.0,0.0,0.0,0.0,0.0,0.0,0.0,0.0,0.0,0.0,0.0,0.0,0.0,0.0,0.0,0.0,0.0,0.0,0.0,0.0,0.0,0.0,0.0,0.0,0.0,0.0,0.0,0.0,0.0,0.0,0.0,0.0,0.0,0.0,0.0,0.0,0.0,0.0121,0.0121,0.0121,0.0121,0.0121,0.0242,0.0242,0.0362,0.0362,0.0362,0.0362,0.0362,0.0362,0.0362,0.0362,0.0362,0.0362,0.0362,0.0362,0.0362,0.0604,0.0604,0.0604,0.0604,0.0725,0.0725,0.0725
Trinidad e Tobago,0.0,0.0,0.0,0.0,0.0,0.0,0.0,0.0,0.0,0.0,0.0,0.0,0.0,0.0,0.0,0.0,0.0,0.0,0.0,0.0,0.0,0.0,0.0,0.0,0.0,0.0,0.0,0.0,0.0,0.0,0.0,0.0,0.0,0.0,0.0,0.0,0.0,0.0,0.0,0.0,0.0,0.0,0.0,0.0,0.0,0.0,0.0,0.0,0.0,0.0,0.0,0.0,0.0,0.0,0.0,0.0,0.0,0.0,0.0,0.0,0.0,0.0,0.0,0.0715,0.0715,0.1429,0.2144,0.2144,0.2144,0.2144,0.3573,0.3573,0.4287,0.4287,0.5002,0.5716,0.5716,0.5716,0.5716,0.5716,0.5716,0.5716,0.5716,0.5716,0.5716,0.5716,0.5716,0.5716,0.5716,0.5716,0.5716,0.5716
Tunísia,0.0,0.0,0.0,0.0,0.0,0.0,0.0,0.0,0.0,0.0,0.0,0.0,0.0,0.0,0.0,0.0,0.0,0.0,0.0,0.0,0.0,0.0,0.0,0.0,0.0,0.0,0.0,0.0,0.0,0.0,0.0,0.0,0.0,0.0,0.0,0.0,0.0,0.0,0.0,0.0,0.0,0.0,0.0,0.0,0.0,0.0,0.0,0.0,0.0,0.0,0.0,0.0,0.0,0.0,0.0,0.0,0.0,0.0085,0.0085,0.0085,0.0254,0.0254,0.0338,0.0423,0.0508,0.0508,0.0677,0.0677,0.0677,0.0846,0.1015,0.1185,0.1523,0.1523,0.1861,0.1861,0.1946,0.2031,0.2115,0.2115,0.2369,0.2623,0.2877,0.2877,0.2961,0.3131,0.3131,0.3131,0.3215,0.3215,0.3215,0.3215
Turquia,0.0,0.0,0.0,0.0,0.0,0.0,0.0,0.0,0.0,0.0,0.0,0.0,0.0,0.0,0.0,0.0,0.0,0.0,0.0,0.0,0.0,0.0,0.0,0.0,0.0,0.0,0.0,0.0,0.0,0.0,0.0,0.0,0.0,0.0,0.0,0.0,0.0,0.0,0.0,0.0,0.0,0.0,0.0,0.0,0.0,0.0,0.0,0.0,0.0,0.0,0.0,0.0,0.0,0.0,0.0,0.0012,0.0012,0.0036,0.0047,0.0107,0.0356,0.0439,0.0522,0.07,0.0889,0.1091,0.1281,0.1553,0.1992,0.2537,0.3284,0.4221,0.5039,0.594,0.6806,0.7695,0.8596,0.9628,1.0766,1.1928,1.3054,1.4205,1.5367,1.6635,1.7999,1.9481,2.0975,2.241,2.3915,2.5374,2.6785,2.8172
Estados Unidos,0.0,0.0,0.0,0.0,0.0,0.0,0.0,0.0,0.0,0.0,0.0,0.0,0.0,0.0,0.0,0.0,0.0,0.0,0.0,0.0,0.0,0.0,0.0,0.0,0.0,0.0,0.0,0.0,0.0,0.0,0.0,0.0,0.0,0.0,0.0,0.0,0.0,0.0,0.0003,0.0003,0.0018,0.0021,0.0033,0.0036,0.0042,0.0051,0.0063,0.0066,0.0085,0.0109,0.0121,0.0142,0.0163,0.019,0.0257,0.0326,0.0356,0.0604,0.0737,0.0927,0.126,0.1683,0.2133,0.2846,0.3653,0.4776,0.6121,0.7453,0.8997,1.1704,1.4381,1.7912,2.142,2.5402,2.906,3.2577,3.8652,4.4423,4.9981,5.6178,6.1845,6.6552,7.1111,7.8075,8.5613,9.9486,11.1138,11.6809,12.2842,12.7171,13.4271,14.0851
Uganda,0.0,0.0,0.0,0.0,0.0,0.0,0.0,0.0,0.0,0.0,0.0,0.0,0.0,0.0,0.0,0.0,0.0,0.0,0.0,0.0,0.0,0.0,0.0,0.0,0.0,0.0,0.0,0.0,0.0,0.0,0.0,0.0,0.0,0.0,0.0,0.0,0.0,0.0,0.0,0.0,0.0,0.0,0.0,0.0,0.0,0.0,0.0,0.0,0.0,0.0,0.0,0.0,0.0,0.0,0.0,0.0,0.0,0.0,0.0,0.0,0.0,0.0,0.0,0.0,0.0,0.0,0.0,0.0,0.0,0.0,0.0,0.0,0.0,0.0,0.0,0.0,0.0,0.0,0.0,0.0,0.0,0.0,0.0,0.0,0.0,0.0,0.0,0.0,0.0,0.0,0.0,0.0
Ucrânia,0.0,0.0,0.0,0.0,0.0,0.0,0.0,0.0,0.0,0.0,0.0,0.0,0.0,0.0,0.0,0.0,0.0,0.0,0.0,0.0,0.0,0.0,0.0,0.0,0.0,0.0,0.0,0.0,0.0,0.0,0.0,0.0,0.0,0.0,0.0,0.0,0.0,0.0,0.0,0.0,0.0,0.0,0.0,0.0,0.0,0.0,0.0,0.0,0.0,0.0,0.0,0.0023,0.0023,0.0023,0.0023,0.0046,0.0046,0.0046,0.0069,0.0069,0.0069,0.0069,0.0069,0.0114,0.0114,0.0114,0.0206,0.0229,0.0297,0.0389,0.0457,0.0503,0.0617,0.0732,0.0846,0.0869,0.1029,0.1189,0.1303,0.1578,0.1669,0.1898,0.2127,0.2241,0.2469,0.2652,0.2858,0.3041,0.3224,0.3453,0.3681,0.3979
Emirados Árabes Unidos,0.0,0.0,0.0,0.0,0.0,0.0,0.0,0.0,0.0,0.0,0.0,0.0,0.0,0.0,0.0,0.0,0.0,0.0,0.0,0.0,0.0,0.0,0.0,0.0,0.0,0.0,0.0,0.0,0.0,0.0,0.0,0.0,0.0,0.0,0.0,0.0,0.0,0.0,0.0,0.0,0.0,0.0,0.0,0.0,0.0,0.0,0.0,0.0,0.0,0.0,0.0,0.0,0.0,0.0,0.0,0.0,0.0,0.0,0.0202,0.0202,0.0202,0.0202,0.0202,0.0202,0.0202,0.0202,0.0202,0.0303,0.0506,0.0607,0.0809,0.0809,0.091,0.1011,0.1011,0.1112,0.1213,0.1213,0.1416,0.1618,0.2022,0.2224,0.2528,0.2831,0.3337,0.3539,0.3741,0.3741,0.4145,0.4348,0.4651,0.5258
Reino Unido,0.0,0.0,0.0,0.0,0.0,0.0,0.0,0.0,0.0,0.0,0.0,0.0,0.0,0.0,0.0,0.0,0.0,0.0,0.0,0.0,0.0,0.0,0.0,0.0,0.0,0.0,0.0,0.0,0.0,0.0,0.0,0.0,0.0,0.0,0.0,0.0,0.0,0.0,0.0,0.0,0.0,0.0,0.0,0.0015,0.0029,0.0029,0.0044,0.0059,0.0088,0.0118,0.0118,0.0118,0.0309,0.0309,0.0825,0.0825,0.1061,0.2033,0.2622,0.3447,0.4154,0.4949,0.6231,0.6864,0.8544,1.121,1.504,1.8133,2.0785,2.6412,3.472,4.3102,5.3192,6.3636,7.2813,7.9324,9.0902,10.4749,11.7741,13.2192,14.5715,15.6571,16.7148,17.8667,18.9936,20.2678,21.517,22.8294,23.7089,24.3791,25.5988,26.7375
Uruguai,0.0,0.0,0.0,0.0,0.0,0.0,0.0,0.0,0.0,0.0,0.0,0.0,0.0,0.0,0.0,0.0,0.0,0.0,0.0,0.0,0.0,0.0,0.0,0.0,0.0,0.0,0.0,0.0,0.0,0.0,0.0,0.0,0.0,0.0,0.0,0.0,0.0,0.0,0.0,0.0,0.0,0.0,0.0,0.0,0.0,0.0,0.0,0.0,0.0,0.0,0.0,0.0,0.0,0.0,0.0,0.0,0.0,0.0,0.0,0.0,0.0,0.0,0.0,0.0,0.0,0.0,0.0,0.0288,0.0288,0.0288,0.0576,0.1151,0.1151,0.1439,0.1439,0.1727,0.2015,0.2015,0.2015,0.2015,0.2015,0.2015,0.2303,0.2303,0.2303,0.2591,0.2591,0.2591,0.2879,0.2879,0.3167,0.3454
Uzbequistão,0.0,0.0,0.0,0.0,0.0,0.0,0.0,0.0,0.0,0.0,0.0,0.0,0.0,0.0,0.0,0.0,0.0,0.0,0.0,0.0,0.0,0.0,0.0,0.0,0.0,0.0,0.0,0.0,0.0,0.0,0.0,0.0,0.0,0.0,0.0,0.0,0.0,0.0,0.0,0.0,0.0,0.0,0.0,0.0,0.0,0.0,0.0,0.0,0.0,0.0,0.0,0.0,0.0,0.0,0.0,0.0,0.0,0.0,0.0,0.0,0.0,0.0,0.0,0.0,0.0,0.003,0.006,0.006,0.006,0.006,0.006,0.006,0.006,0.006,0.006,0.006,0.006,0.009,0.009,0.009,0.012,0.012,0.012,0.012,0.012,0.012,0.012,0.0149,0.0149,0.0149,0.0179,0.0209
Venezuela,0.0,0.0,0.0,0.0,0.0,0.0,0.0,0.0,0.0,0.0,0.0,0.0,0.0,0.0,0.0,0.0,0.0,0.0,0.0,0.0,0.0,0.0,0.0,0.0,0.0,0.0,0.0,0.0,0.0,0.0,0.0,0.0,0.0,0.0,0.0,0.0,0.0,0.0,0.0,0.0,0.0,0.0,0.0,0.0,0.0,0.0,0.0,0.0,0.0,0.0,0.0,0.0,0.0,0.0,0.0,0.0,0.0,0.0,0.0,0.0,0.0,0.0,0.0,0.0,0.0,0.0035,0.007,0.007,0.0106,0.0106,0.0106,0.0176,0.0246,0.0246,0.0246,0.0246,0.0246,0.0317,0.0317,0.0317,0.0317,0.0317,0.0317,0.0317,0.0317,0.0317,0.0317,0.0317,0.0317,0.0317,0.0352,0.0352
Vietnã,0.0,0.0,0.0,0.0,0.0,0.0,0.0,0.0,0.0,0.0,0.0,0.0,0.0,0.0,0.0,0.0,0.0,0.0,0.0,0.0,0.0,0.0,0.0,0.0,0.0,0.0,0.0,0.0,0.0,0.0,0.0,0.0,0.0,0.0,0.0,0.0,0.0,0.0,0.0,0.0,0.0,0.0,0.0,0.0,0.0,0.0,0.0,0.0,0.0,0.0,0.0,0.0,0.0,0.0,0.0,0.0,0.0,0.0,0.0,0.0,0.0,0.0,0.0,0.0,0.0,0.0,0.0,0.0,0.0,0.0,0.0,0.0,0.0,0.0,0.0,0.0,0.0,0.0,0.0,0.0,0.0,0.0,0.0,0.0,0.0,0.0,0.0,0.0,0.0,0.0,0.0,0.0
Cisjordânia e Faixa de Gaza,0.0,0.0,0.0,0.0,0.0,0.0,0.0,0.0,0.0,0.0,0.0,0.0,0.0,0.0,0.0,0.0,0.0,0.0,0.0,0.0,0.0,0.0,0.0,0.0,0.0,0.0,0.0,0.0,0.0,0.0,0.0,0.0,0.0,0.0,0.0,0.0,0.0,0.0,0.0,0.0,0.0,0.0,0.0,0.0,0.0,0.0,0.0,0.0,0.0,0.0,0.0,0.0,0.0,0.0,0.0,0.0,0.0,0.0,0.0,0.0,0.0,0.0,0.0,0.0,0.0223,0.0223,0.0223,0.0223,0.0223,0.0223,0.0223,0.0223,0.0223,0.0223,0.0223,0.0223,0.0223,0.0223,0.0223,0.0445,0.0445,0.0445,0.0445,0.0445,0.0445,0.0445,0.0445,0.0445,0.0668,0.0668,0.089,0.089
Saara Ocidental,0.0,0.0,0.0,0.0,0.0,0.0,0.0,0.0,0.0,0.0,0.0,0.0,0.0,0.0,0.0,0.0,0.0,0.0,0.0,0.0,0.0,0.0,0.0,0.0,0.0,0.0,0.0,0.0,0.0,0.0,0.0,0.0,0.0,0.0,0.0,0.0,0.0,0.0,0.0,0.0,0.0,0.0,0.0,0.0,0.0,0.0,0.0,0.0,0.0,0.0,0.0,0.0,0.0,0.0,0.0,0.0,0.0,0.0,0.0,0.0,0.0,0.0,0.0,0.0,0.0,0.0,0.0,0.0,0.0,0.0,0.0,0.0,0.0,0.0,0.0,0.0,0.0,0.0,0.0,0.0,0.0,0.0,0.0,0.0,0.0,0.0,0.0,0.0,0.0,0.0,0.0,0.0
Iémen,0.0,0.0,0.0,0.0,0.0,0.0,0.0,0.0,0.0,0.0,0.0,0.0,0.0,0.0,0.0,0.0,0.0,0.0,0.0,0.0,0.0,0.0,0.0,0.0,0.0,0.0,0.0,0.0,0.0,0.0,0.0,0.0,0.0,0.0,0.0,0.0,0.0,0.0,0.0,0.0,0.0,0.0,0.0,0.0,0.0,0.0,0.0,0.0,0.0,0.0,0.0,0.0,0.0,0.0,0.0,0.0,0.0,0.0,0.0,0.0,0.0,0.0,0.0,0.0,0.0,0.0,0.0,0.0,0.0,0.0,0.0,0.0,0.0,0.0,0.0,0.0,0.0,0.0,0.0,0.0,0.0,0.0,0.0,0.0,0.0,0.0,0.0,0.0,0.0,0.0,0.0,0.0
Zâmbia,0.0,0.0,0.0,0.0,0.0,0.0,0.0,0.0,0.0,0.0,0.0,0.0,0.0,0.0,0.0,0.0,0.0,0.0,0.0,0.0,0.0,0.0,0.0,0.0,0.0,0.0,0.0,0.0,0.0,0.0,0.0,0.0,0.0,0.0,0.0,0.0,0.0,0.0,0.0,0.0,0.0,0.0,0.0,0.0,0.0,0.0,0.0,0.0,0.0,0.0,0.0,0.0,0.0,0.0,0.0,0.0,0.0,0.0,0.0,0.0,0.0,0.0,0.0,0.0,0.0,0.0,0.0,0.0,0.0,0.0,0.0,0.0054,0.0054,0.0054,0.0054,0.0054,0.0054,0.0054,0.0054,0.0109,0.0109,0.0109,0.0109,0.0109,0.0109,0.0109,0.0109,0.0109,0.0163,0.0163,0.0163,0.0163
Zimbábue,0.0,0.0,0.0,0.0,0.0,0.0,0.0,0.0,0.0,0.0,0.0,0.0,0.0,0.0,0.0,0.0,0.0,0.0,0.0,0.0,0.0,0.0,0.0,0.0,0.0,0.0,0.0,0.0,0.0,0.0,0.0,0.0,0.0,0.0,0.0,0.0,0.0,0.0,0.0,0.0,0.0,0.0,0.0,0.0,0.0,0.0,0.0,0.0,0.0,0.0,0.0,0.0,0.0,0.0,0.0,0.0,0.0,0.0,0.0,0.0,0.0,0.0067,0.0067,0.0067,0.0067,0.0067,0.0067,0.0067,0.0067,0.0067,0.0067,0.0067,0.0067,0.0067,0.0067,0.0067,0.0135,0.0202,0.0202,0.0202,0.0202,0.0202,0.0202,0.0202,0.0202,0.0202,0.0202,0.0202,0.0202,0.0202,0.0202,0.0269
