País Português,1,2,3,4,5,6,7,8,9,10,11,12,13,14,15,16,17,18,19,20,21,22,23,24,25,26,27,28,29,30,31,32,33,34,35,36,37,38,39,40,41,42,43,44,45,46,47,48,49
Afeganistão,0.0,0.0,0.0,0.0026,0.0103,0.0308,0.0488,0.0848,0.1336,0.2183,0.3083,0.4367,0.5626,0.6628,0.9273,1.2202,1.5028,1.8701,2.2246,2.5996,3.0389,3.2393,3.3035,3.3934,3.5347,3.5655,3.6041,3.6297,3.6503,3.7068,3.7376,3.7608,3.7993,3.8378,3.8943,3.9508,4.0202,4.1615,4.3413,4.5571,4.814,5.0477,5.3098,5.4947,,,,,
Albânia,0.0347,0.0695,0.3475,0.695,0.7992,0.9035,0.973,1.0772,1.0772,1.0772,1.112,1.1467,1.1815,1.251,1.5289,1.9112,2.6409,3.2316,3.8919,4.7953,5.7683,6.915,7.9227,8.6872,9.7297,10.9806,11.6061,12.5791,13.1003,13.7605,14.5945,15.6717,16.5752,17.9999,19.4246,21.6485,24.2894,27.7295,31.4477,34.853,37.8067,39.4051,,,,,,,
Argélia,0.0,0.0,0.0091,0.0388,0.0798,0.3945,0.7138,0.8757,0.9852,1.0604,1.1562,1.2656,1.3888,1.5074,1.6305,1.7719,1.9429,2.0638,2.1869,2.3215,2.4788,2.6522,2.8255,2.9919,3.1447,3.2975,3.4435,3.5621,3.6943,3.8289,3.9201,4.0318,4.1253,4.253,4.383,4.5153,4.7023,4.944,5.2313,5.5438,5.7627,5.9497,6.1002,6.1937,,,,,
Andorra,0.0,0.0,1.2942,7.7655,23.2964,37.5332,46.5929,51.7699,58.2411,62.1239,66.0066,66.0066,66.0066,66.0066,66.0066,67.3008,67.3008,67.3008,67.3008,67.3008,67.3008,67.3008,67.3008,68.5951,68.5951,68.5951,68.5951,68.5951,68.5951,68.5951,68.5951,71.1836,76.3606,89.303,97.0685,97.0685,98.3628,98.3628,98.3628,100.9513,102.2455,104.834,107.4225,,,,,,
Angola,0.0,0.0061,0.0061,0.0061,0.0061,0.0061,0.0061,0.0061,0.0091,0.0122,0.0122,0.0152,0.0243,0.0304,0.0517,0.0669,0.0852,0.1004,0.1552,0.1947,0.2434,0.283,0.3195,0.3438,0.3955,0.4381,0.4929,0.5629,0.642,0.6937,0.7911,0.8367,0.9097,0.9584,1.0132,1.0375,1.071,1.1014,1.1623,1.1958,1.2049,,,,,,,,
Antígua e Barbuda,0.0,0.0,0.0,2.0423,3.0634,3.0634,3.0634,3.0634,3.0634,3.0634,3.0634,3.0634,3.0634,3.0634,3.0634,3.0634,3.0634,3.0634,3.0634,3.0634,3.0634,3.0634,3.0634,3.0634,3.0634,3.0634,3.0634,3.0634,3.0634,3.0634,3.0634,3.0634,3.0634,3.0634,3.0634,4.0846,4.0846,4.0846,4.0846,5.1057,5.1057,5.1057,,,,,,,
Argentina,0.0022,0.0044,0.0089,0.0509,0.1062,0.2146,0.3009,0.4359,0.5753,0.6948,0.8452,1.0333,1.2302,1.5333,1.8896,2.3077,2.8321,3.5003,4.2106,5.2505,6.7683,8.4366,10.5408,12.864,16.298,19.1611,22.4114,25.8144,29.8302,35.6516,47.5,53.5139,59.1117,64.8313,69.9689,75.0225,79.0494,82.136,85.6939,88.256,90.8072,92.9224,93.8628,,,,,,
Arménia,0.0,0.0,0.0,0.0337,0.2362,0.4387,0.6749,0.9449,1.1136,1.4849,1.8561,2.5985,4.2858,6.4119,8.9092,11.2039,14.2074,16.0972,18.8645,21.2942,23.6228,25.2764,26.4912,27.5711,28.6848,29.4272,30.2034,30.7433,31.317,31.992,32.8019,34.2868,36.0078,39.0451,45.2545,51.7339,58.652,65.1651,71.577,77.9214,83.0846,88.2817,92.23,,,,,,
Austrália,0.0,0.0,0.0,0.0,0.0,0.0078,0.0118,0.0275,0.0549,0.1176,0.2235,0.2627,0.3137,0.3686,0.3804,0.3843,0.4,0.4039,0.4039,0.4,0.4,0.4078,0.4078,0.4235,0.4784,0.6078,0.8157,1.1569,1.5529,1.9686,2.3961,2.953,3.1765,3.3294,3.4196,3.5059,3.5216,3.5451,3.549,3.5569,3.5569,3.5569,3.5569,3.5569,3.5608,3.5608,3.5608,3.5608,
Áustria,0.0,0.0,0.0333,0.2332,1.1991,2.4427,4.086,5.2185,6.0957,6.6619,6.884,6.9839,7.1172,7.4169,7.4614,7.528,7.6612,7.8056,7.8389,7.8611,7.8944,7.9166,7.9721,8.0276,8.0942,8.1387,8.1387,8.283,8.4051,8.5162,8.7715,9.0824,9.4933,10.0373,11.0144,12.8686,16.1441,20.9518,27.3028,35.3526,43.2692,50.2976,60.346,64.2099,,,,,
Azerbaijão,0.0,0.0099,0.0099,0.0395,0.0493,0.1085,0.1775,0.2071,0.2466,0.3057,0.3551,0.4833,0.6016,0.8285,1.1342,1.4597,1.9035,2.3769,2.9391,3.4421,4.024,4.4777,4.813,4.9905,5.0793,5.2174,5.3752,5.5133,5.6612,5.7697,5.8683,5.9965,6.1445,6.5489,7.1998,8.1269,9.3301,10.918,13.0484,15.7113,18.5715,21.4514,23.8284,,,,,,
Bahamas,0.0,0.0,1.0172,2.0344,2.2887,2.7972,2.7972,2.7972,2.7972,2.7972,2.7972,2.7972,2.7972,2.7972,2.7972,2.7972,2.7972,2.7972,2.7972,3.5601,3.8144,4.5773,7.3746,12.7148,14.2405,17.0378,18.8178,22.6323,24.4123,27.2096,31.024,33.5669,36.6185,38.6528,39.67,41.4501,41.4501,41.4501,41.4501,41.7044,42.9759,,,,,,,,
Bahrein,0.0,0.0,0.0,0.1175,0.2351,0.2351,0.3526,0.4114,0.4702,0.4702,0.4702,0.7052,0.8228,1.1166,1.528,2.4683,3.7025,4.8778,5.7006,6.3471,7.4049,8.2277,8.6391,9.5206,9.9907,10.8135,11.1074,11.695,12.459,12.988,14.2221,15.28,16.1615,17.6307,18.336,18.8649,19.335,19.6289,19.8639,20.0403,20.0403,20.4516,20.5104,20.6279,,,,,
Bangladesh,0.0,0.0012,0.003,0.0049,0.0182,0.051,0.085,0.1063,0.1299,0.1907,0.2745,0.3704,0.5137,0.6916,0.8653,1.0292,1.2126,1.3996,1.5672,1.7451,1.9018,2.0432,2.2011,2.3723,2.5539,2.7002,2.8551,2.9832,3.1143,3.2334,3.3396,3.4283,3.5096,3.5965,3.673,3.7483,3.8557,3.9954,4.1332,4.2626,4.3974,4.4921,,,,,,,
Barbados,0.0,0.0,0.696,1.3919,1.7399,2.0879,2.4358,2.4358,2.4358,2.4358,2.4358,2.4358,2.4358,2.4358,2.4358,2.4358,2.4358,2.4358,2.4358,2.4358,2.4358,2.4358,2.4358,2.4358,2.4358,2.4358,2.4358,2.4358,2.4358,2.4358,2.4358,2.4358,2.4358,2.4358,2.4358,2.4358,2.4358,2.4358,2.4358,2.4358,2.4358,,,,,,,,
Bielorrússia,0.0,0.0,0.0,0.0,0.0423,0.1693,0.4233,0.635,0.9419,1.2276,1.598,1.9578,2.3176,2.6774,3.1008,3.5029,3.8839,4.286,4.7517,5.1326,5.4925,5.8523,6.138,6.3391,6.6354,7.0058,7.3656,7.7466,8.1593,8.4874,8.8789,9.3128,9.6938,10.0007,10.297,10.5616,10.8685,11.3659,11.9374,12.4982,13.1015,13.747,14.3714,14.4666,,,,,
Bélgica,0.0,0.0,0.0,0.0,0.0,0.0431,0.7593,4.4264,14.0816,33.6767,50.2864,62.1849,68.3715,75.1276,78.3459,80.3477,81.8491,82.8845,83.3591,83.661,83.9717,84.3341,84.4031,84.6015,84.7482,84.9898,85.24,85.8009,86.2496,86.2496,85.4989,85.6542,85.8527,86.1719,86.9571,88.1047,90.1065,94.041,102.3157,114.033,126.1128,135.9406,143.6199,150.0135,155.7773,161.3254,164.7077,,
Belize,0.0,0.0,0.503,0.503,0.503,0.503,0.503,0.503,0.503,0.503,0.503,0.503,0.503,0.503,0.503,0.503,0.503,0.503,0.503,0.503,0.7545,1.5089,3.2694,3.7724,4.7783,5.2813,6.0358,7.2932,9.3052,11.0656,12.5746,14.838,17.6044,22.6342,29.173,36.9692,43.508,49.0408,53.5677,57.34,,,,,,,,,
Benim,0.0,0.0,0.0,0.0082,0.0082,0.0082,0.0165,0.0165,0.0165,0.0247,0.0247,0.0247,0.0495,0.1072,0.132,0.1732,0.2145,0.2557,0.2887,0.297,0.3134,0.3217,0.3217,0.3299,0.3299,0.3299,0.3299,0.3299,0.3382,0.3382,0.3382,0.3382,0.3382,0.3547,0.3547,0.3547,0.3547,0.3629,0.3629,0.3629,0.3629,,,,,,,,
Butão,0.0,0.0,0.0,0.0,0.0,0.0,0.0,0.0,0.0,0.0,0.0,0.0,0.0,0.0,0.0,0.0,0.0,0.0,0.0,0.0,0.0,0.0,0.0,0.0,0.0,0.0,0.0,0.0,0.0,0.0,0.0,0.0,0.0,0.0,0.0,0.0,0.0,0.0,0.0,0.0,0.0,0.0,0.0,,,,,,
Bolívia,0.0,0.0,0.0514,0.1199,0.2399,0.2913,0.4712,0.7367,1.0965,1.6191,2.3473,3.2211,4.172,5.6455,7.2475,9.6205,13.1071,16.2597,19.4723,23.3016,28.4417,32.2196,35.7405,39.9554,43.6991,60.7983,63.7967,65.9041,67.943,69.8705,71.541,73.0402,74.291,74.9677,75.456,75.9529,76.4841,76.7839,77.118,77.3236,77.5463,77.8119,,,,,,,
Bósnia e Herzegovina,0.0,0.0,0.0914,0.3962,1.0363,1.2497,1.6155,1.9812,2.6213,3.6576,4.1453,4.6025,4.7854,4.9073,5.1207,5.2731,5.7303,6.3704,7.1628,8.1687,9.6317,11.552,13.8075,15.4535,17.4042,19.1111,20.5741,22.4334,24.0794,26.091,27.676,29.2,31.4251,35.3875,41.3921,51.8468,63.6731,74.0364,84.5216,96.0431,107.016,116.983,118.9032,,,,,,
Botswana,0.0425,0.0425,0.0425,0.0425,0.0425,0.0425,0.0425,0.0425,0.0425,0.0425,0.0425,0.0425,0.0425,0.0425,0.0425,0.0425,0.0425,0.085,0.085,0.1276,0.1276,0.2551,0.3402,0.4252,0.5528,0.6804,0.6804,0.7654,0.8505,0.893,1.0206,1.1481,1.1481,1.3182,1.3182,1.4458,1.5734,1.6159,1.701,,,,,,,,,,
Brasil,0.0,0.0,0.0005,0.0216,0.0946,0.3227,0.7207,1.2895,2.3913,3.7345,5.8624,8.4602,11.5318,14.6778,18.0684,21.2839,24.7672,28.0364,31.3988,34.8764,38.3361,41.6538,45.0787,48.4693,51.6975,54.8458,57.6761,59.9663,62.6267,64.9724,67.2381,69.3895,71.038,72.8441,74.3068,75.5064,76.5913,78.4247,80.0317,81.7734,83.8161,85.999,88.5677,89.6164,,,,,
Brunei,0.0,0.0,0.2286,0.2286,0.2286,0.2286,0.2286,0.2286,0.2286,0.2286,0.2286,0.4572,0.4572,0.4572,0.6857,0.6857,0.6857,0.6857,0.6857,0.6857,0.6857,0.6857,0.6857,0.6857,0.6857,0.6857,0.6857,0.6857,0.6857,0.6857,0.6857,0.6857,0.6857,0.6857,0.6857,0.6857,0.6857,0.6857,0.6857,0.6857,0.6857,0.6857,,,,,,,
Bulgária,0.0288,0.0432,0.1007,0.2447,0.403,0.5901,0.7915,1.0362,1.2953,1.5111,1.8134,2.0004,2.3027,2.4754,2.864,3.1086,3.4684,3.8426,4.3031,4.8644,5.5408,6.4043,7.1239,7.7571,8.707,9.6568,10.3189,10.8657,11.3551,12.1034,12.823,13.9312,15.6006,18.407,23.4873,30.0931,40.5846,53.9545,68.0584,80.9678,94.2801,101.7926,,,,,,,
Burkina Faso,0.0,0.0191,0.0574,0.0861,0.1292,0.1818,0.2009,0.2201,0.2392,0.244,0.2488,0.2535,0.2535,0.2535,0.2535,0.2535,0.2535,0.2535,0.2535,0.2535,0.2535,0.2583,0.2631,0.2631,0.2631,0.2679,0.2679,0.2679,0.2727,0.2823,0.3014,0.311,0.3205,0.3205,0.3205,0.3253,0.3253,0.3253,0.3253,0.3397,0.3636,0.3684,,,,,,,
Myanmar,0.0018,0.0055,0.0074,0.0092,0.011,0.011,0.011,0.011,0.011,0.011,0.011,0.011,0.011,0.011,0.011,0.011,0.011,0.011,0.011,0.011,0.011,0.011,0.011,0.0257,0.1121,0.2849,0.59,0.9833,1.406,1.8471,2.2036,2.4848,2.7716,3.0803,3.3928,3.7273,4.0452,4.3687,4.6536,4.6903,,,,,,,,,
Burundi,0.0,0.0084,0.0084,0.0084,0.0084,0.0084,0.0084,0.0084,0.0084,0.0084,0.0084,0.0084,0.0084,0.0084,0.0084,0.0084,0.0084,0.0084,0.0084,0.0084,0.0084,0.0084,0.0084,0.0084,0.0084,0.0084,0.0084,0.0084,0.0084,0.0084,0.0084,0.0084,0.0084,0.0084,0.0084,0.0084,0.0084,0.0168,0.0168,,,,,,,,,,
Cabo Verde,0.1799,0.1799,0.1799,0.1799,0.1799,0.1799,0.3597,0.3597,0.5396,0.7194,0.8993,1.0792,1.259,1.4389,2.6979,3.2375,3.4173,3.7771,4.1368,4.8562,5.9354,6.6548,6.8347,7.3743,7.734,8.8132,9.8923,10.9715,12.7701,14.209,16.3673,17.0867,17.4465,18.3458,18.7055,18.8853,19.2451,19.6048,19.7846,20.1444,20.1444,,,,,,,,
Camboja,0.0,0.0,0.0,0.0,0.0,0.0,0.0,0.0,0.0,0.0,0.0,0.0,0.0,0.0,0.0,0.0,0.0,0.0,0.0,0.0,0.0,0.0,0.0,0.0,0.0,0.0,0.0,0.0,0.0,0.0,0.0,0.0,0.0,0.0,0.0,0.0,0.0,0.0,0.0,0.0,0.0,0.0,0.0,0.0,0.0,0.0,0.0,0.0,
Camarões,0.0,0.0,0.0038,0.0264,0.0377,0.0829,0.162,0.2298,0.4068,0.5236,0.5877,0.6592,0.7647,0.7986,1.0397,1.1791,1.1791,1.3524,1.4051,1.439,1.4729,1.4729,1.5106,1.537,1.5483,1.5633,1.5633,1.5633,1.5746,1.5746,1.5935,1.5935,1.601,1.6048,1.6161,1.6311,1.6387,1.6462,1.6613,1.6688,1.6763,1.6876,1.6876,,,,,,
Canadá,0.0,0.0,0.0,0.0,0.0,0.0,0.0026,0.0503,0.1616,0.5776,1.7328,3.712,6.812,9.761,12.7788,15.3674,17.132,18.9682,20.799,21.6813,22.4312,22.7226,23.1359,23.3638,23.5599,23.6579,23.8089,23.9096,24.0368,24.156,24.2726,24.3547,24.4289,24.5402,24.6753,25.139,25.5974,25.918,26.4134,26.991,27.9449,29.0047,30.3507,31.7761,33.403,35.4166,37.5469,39.0704,
República Centro-Africana,0.0,0.0,0.0,0.0,0.0,0.0,0.0,0.0,0.0,0.0207,0.0207,0.1035,0.1449,0.3934,0.9317,0.9938,1.0974,1.1388,1.2216,1.2216,1.2216,1.263,1.263,1.263,1.2837,1.2837,1.2837,1.2837,1.2837,1.2837,1.2837,1.2837,1.2837,1.2837,1.3044,1.3044,1.3044,1.3044,1.3044,1.3044,1.3044,,,,,,,,
Chade,0.0,0.0,0.0,0.0,0.0,0.0122,0.1035,0.2557,0.347,0.3896,0.4018,0.4383,0.4505,0.4505,0.4505,0.4505,0.4566,0.4566,0.4566,0.4566,0.4627,0.4627,0.4688,0.4688,0.4809,0.4931,0.4992,0.5175,0.5418,0.5601,0.5844,0.5905,0.6027,0.6027,0.6149,0.6149,0.621,0.621,0.621,0.621,0.621,,,,,,,,
Chile,0.0,0.0,0.0,0.0,0.0314,0.1412,0.3819,0.6591,0.9468,1.2921,1.5903,2.2023,3.5206,5.2155,8.0612,16.2218,22.4679,27.971,32.3914,35.9956,44.1772,47.1851,49.8687,52.3692,54.378,56.4547,58.4897,60.4252,62.2247,64.1027,65.8656,67.5814,69.428,71.0811,72.6713,74.3192,75.8467,77.3009,78.6244,80.1519,81.5643,82.893,84.227,85.5714,,,,,
China,0.0091,0.0341,0.0773,0.1392,0.1852,0.2047,0.2181,0.2244,0.228,0.2299,0.2317,0.2324,0.3221,0.3222,0.3222,0.3222,0.3222,0.3222,0.3222,0.3222,0.3222,0.3224,0.3224,0.3224,0.3225,0.3229,0.3236,0.3249,0.3261,0.3269,0.3274,0.3282,0.3288,0.329,0.3291,0.3293,0.3293,0.3293,0.3293,0.3293,0.3293,0.3295,0.3295,0.3295,0.3295,0.3297,0.3305,0.3311,0.3314
Colômbia,0.0,0.0,0.0118,0.0373,0.1356,0.283,0.4225,0.5758,0.7999,1.0318,1.2814,1.6155,2.1363,2.9244,3.8323,5.2159,7.1556,9.2644,11.8488,15.1092,19.2796,23.4637,27.7991,31.8044,36.2931,40.5205,43.777,46.5088,48.6332,51.4829,53.4168,55.9265,58.2455,60.7788,63.3003,65.8198,68.3157,70.788,73.3154,75.6325,78.1933,81.4694,81.9332,,,,,,
Comores,0.115,0.115,0.115,0.23,0.23,0.23,0.345,0.805,0.805,0.805,0.805,0.805,0.805,0.805,0.805,0.805,0.805,0.805,0.805,0.805,0.805,0.805,0.805,0.805,0.805,0.805,0.805,0.805,0.805,0.805,0.805,0.805,0.805,0.805,0.805,,,,,,,,,,,,,,
República do Congo,0.0,0.0,0.0362,0.0906,0.1087,0.1087,0.1631,0.1812,0.2718,0.29,0.3443,0.3987,0.4349,0.4893,0.6705,0.7974,0.8517,0.888,0.9242,0.9786,1.0511,1.0873,1.3954,1.4135,1.8485,2.0659,1.6129,1.6129,1.6129,1.631,1.6672,1.6672,1.6672,1.6672,1.6672,1.6854,1.7035,1.7035,1.7941,1.8122,1.8122,,,,,,,,
República Democrática do Congo,0.0,0.0022,0.0089,0.0201,0.0223,0.0279,0.0335,0.038,0.0491,0.0681,0.0759,0.0804,0.1005,0.1251,0.1507,0.1898,0.2032,0.2121,0.2188,0.2322,0.2401,0.2512,0.2713,0.2803,0.2892,0.2903,0.2981,0.3026,0.3037,0.3059,0.3082,0.3383,0.3405,0.3517,0.3528,0.3595,0.3696,0.374,0.3841,0.3997,0.4131,0.6398,,,,,,,
Costa Rica,0.0,0.0196,0.0393,0.0393,0.0589,0.0785,0.1178,0.1178,0.1178,0.157,0.1963,0.1963,0.1963,0.2356,0.2356,0.2356,0.3533,0.4908,0.8245,1.5704,2.7483,3.9261,5.3395,6.537,7.7933,9.03,11.1305,13.0739,15.6062,18.0012,20.4157,22.7517,24.5577,26.6386,28.3464,29.9757,31.3891,32.9596,34.4908,36.9446,38.8684,40.9492,40.9492,,,,,,
Costa do Marfim,0.0,0.0,0.0038,0.0114,0.0227,0.0493,0.0531,0.0682,0.0796,0.1061,0.1137,0.1251,0.1441,0.1744,0.2199,0.2578,0.2881,0.3298,0.3526,0.3715,0.3905,0.3981,0.417,0.4322,0.4435,0.4511,0.4549,0.4549,0.4549,0.4549,0.4549,0.4587,0.4625,0.4777,0.4777,0.489,0.4966,0.5004,0.5004,0.5042,0.5042,0.5042,,,,,,,
Croácia,0.0,0.0,0.0,0.0244,0.1462,0.3897,0.609,1.1449,1.4372,1.9487,2.2167,2.3141,2.4359,2.509,2.5333,2.6064,2.6064,2.6064,2.7526,2.8987,2.9718,3.3859,3.7269,3.8487,4.0436,4.2141,4.5308,4.8961,5.5295,6.1628,6.6256,7.3077,7.9654,9.1102,11.0102,14.4692,20.2666,26.3564,34.0538,43.5051,54.3935,65.891,79.3371,86.4256,,,,,
Cuba,0.0088,0.0088,0.053,0.1059,0.2119,0.3532,0.5121,0.6092,0.6975,0.6975,0.724,0.7328,0.7328,0.7416,0.7504,0.7593,0.7593,0.7681,0.7681,0.7681,0.7769,0.7769,0.7858,0.8122,0.8652,0.9182,0.9623,1.0418,1.0771,1.0859,1.0859,1.1213,1.1301,1.1389,1.1477,1.1566,1.1742,1.2007,1.2007,1.2095,1.2272,1.236,,,,,,,
Chipre,0.0,0.0828,0.4141,0.9111,0.9111,0.9939,1.1596,1.2424,1.3252,1.408,1.408,1.408,1.4909,1.4909,1.5737,1.5737,1.5737,1.5737,1.5737,1.5737,1.5737,1.5737,1.6565,1.6565,1.6565,1.7393,1.8222,1.8222,1.8222,1.8222,2.0706,2.0706,2.0706,2.1535,2.8989,3.2302,3.6443,3.9756,5.0523,6.4604,7.5371,9.028,,,,,,,
República Tcheca,0.0,0.0,0.0,0.1027,0.5509,1.2046,1.6902,2.0357,2.2878,2.5773,2.764,2.9321,2.9788,3.0535,3.0815,3.1376,3.2589,3.2963,3.287,3.343,3.4457,3.5764,3.6418,3.6885,3.8379,3.9313,4.0247,4.2301,4.6596,5.5187,6.6393,8.8524,12.6249,19.3949,30.3577,43.711,56.5693,66.2528,75.2079,82.3141,88.2437,95.9102,101.4009,,,,,,
Dinamarca,0.0,0.0,0.0691,0.587,1.7955,3.7637,5.3348,6.6296,7.6482,8.7359,9.202,9.5646,9.7545,10.0135,10.2379,10.3242,10.4105,10.4623,10.5141,10.5314,10.5487,10.6005,10.635,10.7213,10.7213,10.7558,10.8076,10.8422,10.9285,11.1011,11.222,11.4464,11.6536,11.9126,12.3442,12.5859,13.0002,13.2937,13.8462,14.7094,15.6072,16.833,18.922,19.578,,,,,
Diamond Princess,0.0,53.8938,107.7877,161.6815,188.6284,188.6284,269.4691,296.4161,296.4161,323.363,350.3099,350.3099,350.3099,350.3099,350.3099,350.3099,350.3099,350.3099,350.3099,350.3099,350.3099,350.3099,350.3099,350.3099,350.3099,350.3099,350.3099,350.3099,350.3099,350.3099,350.3099,350.3099,350.3099,350.3099,350.3099,350.3099,350.3099,350.3099,350.3099,350.3099,350.3099,350.3099,350.3099,350.3099,350.3099,350.3099,350.3099,,
Djibouti,0.0,0.0,0.0,202.4291,202.4291,202.4291,202.4291,303.6437,708.502,1417.004,2530.3644,3441.2955,4352.2267,4959.5142,5465.587,5566.8016,5668.0162,5668.0162,5870.4453,5971.6599,5971.6599,5971.6599,6072.8745,6072.8745,6174.0891,6174.0891,6174.0891,6174.0891,6174.0891,6174.0891,6174.0891,6174.0891,6174.0891,6174.0891,6174.0891,6174.0891,6174.0891,6174.0891,6174.0891,6174.0891,6174.0891,,,,,,,,
Domínica,0.0,0.0,0.0,0.0,0.0,0.0,0.0,0.0,0.0,0.0,0.0,0.0,0.0,0.0,0.0,0.0,0.0,0.0,0.0,0.0,0.0,0.0,0.0,0.0,0.0,0.0,0.0,0.0,0.0,0.0,0.0,0.0,0.0,0.0,0.0,0.0,0.0,0.0,0.0,0.0,,,,,,,,,
República Dominicana,0.0,0.0,0.0184,0.2581,0.6268,1.2445,2.0004,2.5166,3.0052,3.5491,3.9455,4.222,4.5907,4.941,5.319,6.038,6.6188,7.2456,8.1122,8.951,9.7254,10.7855,11.8825,13.256,14.3253,15.4223,16.9618,18.0035,18.8423,19.294,19.6167,19.9762,20.2343,20.4648,20.6952,20.8612,21.0363,21.276,21.4604,21.6171,21.7553,21.9581,22.161,,,,,,
Equador,0.0,0.0113,0.0397,0.2721,0.9749,1.7854,2.5846,3.2647,7.7708,9.7319,15.2355,17.548,18.897,20.45,21.9576,23.556,25.075,27.0305,28.5155,29.9381,31.2134,32.5114,33.5316,34.3761,35.5777,37.0514,38.1113,61.5766,62.8236,63.8948,65.7313,69.081,70.1409,71.0875,71.813,72.6348,73.6664,74.4712,75.7862,77.9684,78.6372,79.0566,79.2607,,,,,,
Egito,0.0,0.0,0.0,0.001,0.0059,0.0235,0.0567,0.1153,0.1915,0.2805,0.3831,0.471,0.558,0.6801,0.8257,1.1003,1.3456,1.8938,2.4752,3.0488,3.5345,4.026,4.3778,4.6651,4.8381,4.9905,5.0931,5.2201,5.354,5.4625,5.5846,5.7019,5.8104,5.8797,5.9491,6.0253,6.1045,6.1846,6.2706,6.3595,6.4455,6.5599,6.6976,6.855,7.0944,7.1423,,,
El Salvador,0.0,0.0154,0.0771,0.0925,0.1079,0.1388,0.2313,0.3083,0.4779,0.6013,0.7863,0.9867,1.218,1.8347,2.806,3.6231,4.4094,5.5965,6.6295,7.6778,8.8958,9.7592,10.5917,11.2701,11.8713,12.2722,12.6268,12.9968,13.4593,13.9373,14.3844,14.8315,15.294,15.7874,16.2807,16.7432,17.4062,18.1,18.7937,19.6417,19.8729,,,,,,,,
Guiné Equatorial,0.0,0.0,0.0,0.0,0.0,0.0713,0.0713,0.2851,0.4989,0.784,0.8553,0.8553,0.8553,2.2809,2.2809,3.6351,3.6351,3.6351,3.6351,5.916,5.916,5.916,5.916,5.916,5.916,5.916,5.916,5.916,5.916,5.916,5.916,5.916,5.916,6.0585,6.0585,6.0585,6.0585,6.0585,6.0585,6.0585,6.0585,,,,,,,,
Eritreia,0.0,0.0,0.0,0.0,0.0,0.0,0.0,0.0,0.0,0.0,0.0,0.0,0.0,0.0,0.0,0.0,0.0,0.0,0.0,0.0,0.0,0.0,0.0,0.0,0.0,0.0,0.0,0.0,0.0,0.0,0.0,0.0,0.0,0.0,0.0,0.0,0.0,0.0,0.0,0.0282,,,,,,,,,
Estónia,0.0,0.0,0.0,0.0754,0.3769,1.8092,2.6385,3.3169,3.7692,4.1461,4.5984,4.8246,4.9754,5.2015,5.2015,5.2015,5.2015,5.2015,5.2015,5.2015,5.2015,5.2015,5.2015,4.7492,4.7492,4.8246,4.8246,4.8246,4.8246,4.8246,4.8246,5.0508,5.1261,5.3523,5.5031,5.5031,5.7292,6.4077,7.3123,9.1969,10.4784,12.0615,14.4738,15.2276,,,,,
Essuatíni,0.0,0.0,0.0,0.0,0.0862,0.0862,0.0862,0.1724,0.1724,0.1724,0.1724,0.2586,0.2586,0.3448,0.6896,1.1205,1.5515,1.8101,2.4135,3.534,4.8269,5.8612,6.9818,7.8437,8.1023,8.4471,8.8781,9.309,9.5676,9.74,9.9124,9.9986,10.0848,10.0848,10.171,10.2572,10.3434,10.5158,10.8605,11.7225,13.274,,,,,,,,
Etiópia,0.0,0.0,0.0,0.0017,0.0026,0.0026,0.0026,0.0035,0.0043,0.0043,0.0061,0.0157,0.0348,0.0565,0.0705,0.0896,0.1044,0.1287,0.1714,0.2288,0.3175,0.4167,0.5393,0.648,0.7446,0.8472,0.922,0.9986,1.0482,1.0977,1.1525,1.2143,1.2674,1.3117,1.3517,1.3978,1.4544,1.4996,1.5474,1.5927,1.637,1.6501,,,,,,,
Fiji,0.0,0.0,0.0,0.0,0.0,0.0,0.0,0.0,0.0,0.0,0.0,0.0,0.0,0.0,0.0,0.0,0.0,0.0,0.0,0.1116,0.1116,0.1116,0.1116,0.2231,0.2231,0.2231,0.2231,0.2231,0.2231,0.2231,0.2231,0.2231,0.2231,0.2231,0.2231,0.2231,0.2231,0.2231,0.2231,0.2231,0.2231,,,,,,,,
Finlândia,0.0,0.0,0.0,0.0,0.0,0.0,0.0,0.018,0.3068,0.6136,1.1551,2.5448,3.5916,4.4399,4.9633,5.4325,5.631,5.7754,5.8476,5.8837,5.9018,5.9198,5.9379,5.9379,5.9198,5.9379,5.974,6.01,6.0281,6.0461,6.0642,6.0642,6.1183,6.1544,6.2266,6.2447,6.2447,6.3349,6.4071,6.4793,6.5515,6.6959,6.9305,7.2012,7.6524,8.4105,9.2226,9.4573,
França,0.0,0.0,0.0,0.0015,0.0031,0.0107,0.0735,0.3738,2.5998,8.253,18.712,27.4277,33.4424,37.303,39.8186,42.0232,43.2672,43.9167,44.5341,44.9631,45.3568,45.5836,45.7735,45.9344,46.178,46.2454,46.3542,46.443,46.5625,46.7035,46.8613,47.0589,47.2228,47.6579,48.2952,49.0781,49.8502,50.7802,52.447,55.2414,59.8834,65.9134,72.308,78.1956,83.0827,87.3923,91.5119,95.5809,95.8245
Gabão,0.0449,0.0449,0.0449,0.0449,0.0449,0.1348,0.1348,0.3594,0.4493,0.5391,0.6739,0.9435,1.0334,1.5276,1.7972,1.9769,2.0667,2.0667,2.2015,2.2015,2.2914,2.2914,2.3812,2.3812,2.3812,2.3812,2.3812,2.4262,2.4262,2.4262,2.4262,2.4262,2.4711,2.4711,2.6059,2.6508,2.6508,2.6957,2.8305,2.8755,2.8755,,,,,,,,
Gâmbia,0.0414,0.0414,0.0414,0.0414,0.0414,0.0414,0.0414,0.0414,0.0414,0.0414,0.0414,0.0414,0.0414,0.0828,0.0828,0.1241,0.1241,0.1655,0.331,0.3724,0.9517,2.6069,3.6,3.9724,4.0965,4.2621,4.469,4.5931,4.7586,4.8828,4.8828,4.9241,4.9241,5.0483,5.0483,5.0897,5.0897,5.0897,5.0897,5.0897,5.0897,,,,,,,,
Geórgia,0.0,0.0,0.0,0.0,0.0,0.0752,0.0752,0.1003,0.1504,0.2256,0.2757,0.3008,0.3008,0.3259,0.3259,0.351,0.351,0.376,0.376,0.376,0.4011,0.4011,0.4262,0.4262,0.4262,0.4763,0.4763,0.4763,0.4763,0.5766,0.9024,1.4539,2.5569,3.9607,5.9662,9.0746,13.0604,19.5028,26.3464,32.6635,39.507,47.2028,54.6981,57.982,,,,,
Alemanha,0.0,0.0,0.0,0.0,0.0,0.0,0.0131,0.1122,0.6362,1.8906,3.6069,5.4736,7.1326,8.1949,9.034,9.503,9.8861,10.1929,10.3659,10.5044,10.6166,10.7037,10.7694,10.8267,10.8517,10.8899,10.9257,10.983,11.0224,11.0701,11.1,11.1358,11.1644,11.2074,11.2957,11.3781,11.4891,11.6944,12.0095,12.5478,13.573,15.0065,16.8994,19.462,22.6642,26.3845,31.5096,35.3051,
Gana,0.0,0.0129,0.0161,0.0193,0.0257,0.0322,0.0547,0.0579,0.0901,0.0998,0.1094,0.1352,0.1545,0.2253,0.3315,0.3765,0.4345,0.4634,0.5181,0.5857,0.663,0.7177,0.84,0.8689,0.9108,0.9172,0.9494,0.9623,0.9687,0.9848,0.9977,1.0105,1.0298,1.0298,1.0298,1.0395,1.0395,1.0459,1.0491,1.0652,1.0717,,,,,,,,
Grécia,0.0,0.0,0.048,0.1919,0.4701,0.7771,0.969,1.1609,1.324,1.4007,1.4583,1.583,1.6598,1.7173,1.7557,1.7749,1.8229,1.8421,1.8517,1.8517,1.89,1.9476,2.0052,2.0531,2.2258,2.3314,2.6,2.7823,3.003,3.3771,3.7225,4.0295,4.4325,5.0657,5.6893,6.2841,8.3085,11.7816,17.4133,24.1484,30.6436,36.3137,41.6385,43.2407,,,,,
Granada,0.0,0.0,0.0,0.0,0.0,0.0,0.0,0.0,0.0,0.0,0.0,0.0,0.0,0.0,0.0,0.0,0.0,0.0,0.0,0.0,0.0,0.0,0.0,0.0,0.0,0.0,0.0,0.0,0.0,0.0,0.0,0.0,0.0,0.0,0.0,0.0,0.0,0.0,0.0,0.0,,,,,,,,,
Guatemala,0.0056,0.0056,0.0056,0.0167,0.0391,0.0614,0.0893,0.134,0.1675,0.2847,0.5024,1.2057,1.9592,2.696,3.7509,4.9119,6.3576,8.0544,9.3159,10.7393,12.1012,13.0668,14.133,15.1209,15.7684,16.3489,17.1694,17.7834,18.2355,18.7323,19.4133,20.0608,20.7306,21.1771,21.6571,22.7009,23.114,23.5773,24.4257,25.6146,26.5523,,,,,,,,
Guiné,0.0,0.0,0.0,0.0,0.0076,0.0457,0.0533,0.0838,0.1142,0.1371,0.1675,0.1751,0.1751,0.198,0.2208,0.2513,0.2741,0.297,0.3198,0.3503,0.3731,0.3807,0.4036,0.4416,0.4645,0.4797,0.4797,0.4949,0.5026,0.5178,0.533,0.5406,0.5406,0.5559,0.5635,0.5711,0.5787,0.5787,0.6015,0.6092,0.6092,0.6092,,,,,,,
Guiné-Bissau,0.0,0.0,0.0,0.0,0.0508,0.0508,0.1524,0.3049,0.3557,0.4065,0.6098,0.7622,0.9654,1.2195,1.2703,1.3211,1.3211,1.3211,1.372,1.4736,1.6768,1.6768,1.7276,1.9309,1.9817,1.9817,1.9817,2.0325,2.0833,2.0833,2.0833,2.0833,2.185,2.185,2.185,2.2358,2.2358,2.2358,2.2866,2.2866,,,,,,,,,
Guiana,0.1271,0.1271,0.2543,0.7628,0.7628,0.89,1.0171,1.2714,1.2714,1.2714,1.3985,1.5256,1.5256,1.5256,1.5256,1.6528,2.0342,2.2885,2.4156,2.5427,2.797,2.797,3.4327,3.9413,5.2126,6.1026,7.374,8.7725,10.171,12.078,13.4765,14.7479,15.6379,16.5278,17.4178,18.0535,18.6892,19.1977,19.5791,20.0877,20.5962,20.5962,,,,,,,
Haiti,0.0,0.0,0.0175,0.0263,0.0438,0.0702,0.1052,0.1754,0.2192,0.2982,0.4385,0.5613,0.7367,0.8419,0.9647,1.0787,1.2716,1.3506,1.412,1.4997,1.6838,1.7189,1.754,1.8417,1.8855,1.9294,1.9908,2.0083,2.0171,2.0259,2.0259,2.0346,2.0346,2.0346,2.0346,2.0346,2.0434,2.0434,2.0522,2.0522,2.0522,,,,,,,,
Santa Sé,0.0,0.0,0.0,0.0,0.0,0.0,0.0,0.0,0.0,0.0,0.0,0.0,0.0,0.0,0.0,0.0,0.0,0.0,0.0,0.0,0.0,0.0,0.0,0.0,0.0,0.0,0.0,0.0,0.0,0.0,0.0,0.0,0.0,0.0,0.0,0.0,0.0,0.0,0.0,0.0,0.0,0.0,0.0,,,,,,
Honduras,0.0,0.0,0.0707,0.2221,0.2625,0.4644,0.6462,0.939,1.2217,1.4842,1.8981,2.2717,2.7361,3.3318,4.089,5.0179,6.8352,8.1477,9.9752,12.2569,14.1348,15.2959,16.0834,17.194,19.0618,20.5359,21.071,22.2725,23.4537,24.7057,25.5235,26.0687,26.6442,27.3206,28.0677,28.6634,28.9663,29.461,29.7841,30.299,30.7534,30.9048,,,,,,,
Hungria,0.0,0.0104,0.0932,0.1656,0.4865,1.2629,2.2049,3.0123,3.7576,4.3994,4.8342,5.1654,5.507,5.6934,5.8486,5.9315,6.0557,6.0971,6.1592,6.1695,6.1695,6.1903,6.2627,6.3041,6.3559,6.3766,6.4801,6.6871,7.184,7.8362,8.8299,10.3102,12.5358,15.8897,20.4237,26.8727,33.9636,41.4892,51.5199,63.3517,74.9145,87.5952,91.4356,,,,,,
Islândia,0.0,0.0,1.4652,0.5861,1.1722,1.7583,2.3444,2.9305,2.9305,2.9305,2.9305,2.9305,2.9305,2.9305,2.9305,2.9305,2.9305,2.9305,2.9305,2.9305,2.9305,2.9305,2.9305,2.9305,2.9305,2.9305,2.9305,2.9305,2.9305,2.9305,2.9305,2.9305,2.9305,3.2235,3.5166,5.2748,7.3262,7.3262,7.6192,7.9123,8.2053,8.2053,8.2053,8.2053,,,,,
Índia,0.0,0.0,0.0,0.0,0.0,0.0001,0.0002,0.0009,0.0042,0.0129,0.0293,0.0493,0.0782,0.1293,0.1849,0.2488,0.3285,0.4412,0.5871,0.8867,1.0793,1.2923,1.5311,1.8054,2.1638,2.533,2.9492,3.4082,3.9033,4.382,4.8823,5.4393,6.0288,6.605,7.1506,7.6468,8.0627,8.4504,8.7338,9.0083,9.2841,9.5346,9.7987,10.0469,10.2733,10.4674,10.6345,10.677,
Indonésia,0.0,0.0018,0.0175,0.0417,0.0724,0.1364,0.2128,0.2716,0.3089,0.3557,0.4197,0.5016,0.5897,0.6767,0.7802,0.9012,1.0069,1.1593,1.3184,1.5147,1.7479,1.9143,2.0923,2.2484,2.4422,2.6846,2.9339,3.1891,3.4926,3.7971,4.0768,4.3302,4.574,4.8621,5.0975,5.3429,5.5611,5.8072,6.1475,6.4857,6.8802,7.2681,7.6216,,,,,,
Irã,0.019,0.0917,0.3465,1.1763,2.3026,3.4503,4.6099,5.5755,6.3065,6.997,7.5483,8.0161,8.4757,8.9388,9.4556,10.0306,10.7926,11.7427,12.8785,14.2048,15.7287,17.4229,19.2242,20.9744,22.3828,23.7782,24.8842,25.8022,26.838,27.9226,29.3548,30.9383,32.6444,34.61,36.9483,39.645,43.0512,46.673,50.5531,54.4546,57.8953,60.6206,62.7076,64.2947,64.815,,,,
Iraque,0.0,0.0149,0.0249,0.0497,0.1044,0.1517,0.1889,0.2039,0.2163,0.2412,0.271,0.3058,0.3978,0.5097,0.8602,1.5091,2.7348,4.3657,6.1483,7.8314,9.4002,10.8447,12.1027,13.4054,14.569,15.9811,17.3013,18.6761,19.9242,21.2692,22.3507,23.3675,24.4938,25.4932,26.4106,27.2634,28.1609,29.0136,29.7296,30.391,30.9081,31.2735,31.5669,31.7111,,,,,
Irlanda,0.0,0.0203,0.0608,0.4455,2.4302,5.8123,10.7336,20.5355,25.6188,28.9401,30.7425,32.2412,33.3145,33.8208,34.5296,34.7119,35.0359,35.2385,35.3195,35.4815,35.7043,35.7245,35.8865,35.927,35.9675,35.9878,35.9878,36.0688,36.2916,36.3928,36.5751,36.8789,37.2839,38.0332,38.6408,39.2889,39.9369,40.8685,41.3748,42.2457,42.9342,43.5215,44.4329,,,,,,
Israel,0.0,0.0,0.0,0.0,0.1155,0.439,1.0282,1.6868,2.2644,2.5995,2.7959,3.0963,3.2465,3.3158,3.3851,3.4891,3.5353,3.6739,3.8241,4.2054,4.6906,5.534,6.3543,7.3248,8.353,9.312,10.3864,11.5302,12.7433,14.2683,16.3595,19.0629,21.8704,24.8165,27.1734,29.1721,30.6394,31.4019,32.0951,32.8114,33.4468,34.2093,35.2376,36.6355,36.8088,,,,
Itália,0.0,0.0,0.0,0.0281,0.2448,1.6804,5.6317,13.5871,23.0145,30.2323,36.6678,42.2564,46.2556,49.5486,51.8807,53.7298,54.8148,55.7195,56.51,57.084,57.3552,57.5867,57.7654,57.9159,58.0399,58.1061,58.1971,58.2698,58.5791,58.6535,58.7263,58.8586,58.9761,59.1795,59.4061,59.679,60.157,61.1427,63.0514,66.475,72.0934,79.1739,87.4105,95.9911,103.5794,111.1776,117.2641,118.0232,
Jamaica,0.0,0.0338,0.0338,0.1013,0.1351,0.2026,0.2364,0.3039,0.3039,0.3039,0.3039,0.3039,0.3377,0.3377,0.3377,0.3377,0.3377,0.3377,0.3377,0.3377,0.4052,0.4728,0.4728,0.6416,0.7092,1.2157,1.5534,2.5328,3.4108,4.1538,4.9305,5.8761,6.619,7.2269,7.5646,7.801,8.2062,8.7128,8.9492,9.3206,9.7259,9.9285,,,,,,,
Japão,0.0,0.0,0.0,0.0016,0.0024,0.0047,0.0103,0.0237,0.0332,0.053,0.0775,0.1344,0.2396,0.3447,0.4689,0.559,0.6365,0.6823,0.7132,0.7274,0.7385,0.763,0.7685,0.7756,0.778,0.7812,0.7915,0.8088,0.8365,0.8974,0.9638,1.0381,1.1053,1.1567,1.201,1.2398,1.2722,1.2927,1.3275,1.3647,1.4184,1.4548,1.4983,1.5521,1.6675,1.8454,2.0407,2.2747,2.3846
Jordânia,0.0,0.0,0.0,0.049,0.0588,0.0686,0.0686,0.0686,0.0882,0.0882,0.0882,0.0882,0.0882,0.0882,0.0882,0.0882,0.0882,0.098,0.098,0.1078,0.1078,0.1078,0.1078,0.1078,0.1372,0.147,0.1666,0.2548,0.3136,0.4998,1.0781,2.0288,3.7243,6.1158,8.9482,12.6922,18.0631,22.5617,26.9623,30.5396,33.3917,35.3225,36.3712,,,,,,
Cazaquistão,0.0,0.0053,0.016,0.0426,0.0905,0.1065,0.1331,0.1598,0.1704,0.1864,0.1971,0.2769,0.3568,0.5326,0.7456,1.0012,1.406,1.9972,3.1156,4.2233,5.9063,7.6318,8.7981,9.4852,10.0603,10.3905,10.6834,10.8912,11.0776,11.2267,11.4024,11.6421,11.8338,12.0522,12.3078,12.6114,12.9096,12.9842,13.5807,13.9268,14.257,14.2996,,,,,,,
Quénia,0.0,0.0019,0.0056,0.013,0.0205,0.026,0.0316,0.0539,0.0781,0.093,0.1079,0.1451,0.1711,0.2176,0.2455,0.2827,0.3217,0.4036,0.4891,0.6044,0.742,0.8555,0.9596,1.0545,1.0879,1.1382,1.1939,1.2442,1.3223,1.3967,1.4971,1.618,1.7928,1.9936,2.2373,2.4734,2.6538,2.7896,2.9161,3.009,3.0723,3.0741,,,,,,,
Coreia do Sul,0.0,0.0,0.0,0.0,0.0195,0.0546,0.1053,0.158,0.2341,0.316,0.3745,0.433,0.4623,0.4798,0.4974,0.5052,0.513,0.5247,0.5325,0.5383,0.5442,0.5481,0.55,0.5559,0.5637,0.5793,0.5851,0.589,0.5949,0.5968,0.6086,0.6359,0.671,0.7158,0.7568,0.8056,0.829,0.8543,0.8777,0.8992,0.9245,0.9499,0.9674,1.0006,1.026,1.0845,1.1937,1.4414,1.5467
Kosovo,0.0,0.0553,0.0553,0.3868,0.6078,1.0499,1.2156,1.4919,1.6024,1.6024,1.6577,1.6577,1.713,1.8787,2.3208,3.0391,5.1941,6.8518,9.0621,12.5432,16.7427,21.0527,24.7549,27.573,30.4464,32.3803,33.7618,34.0933,34.6459,35.4195,36.0273,36.4141,37.4639,40.4478,44.0947,48.9021,53.8751,56.6932,64.8712,68.5181,71.723,,,,,,,,
Kuwait,0.0,0.0,0.0,0.0,0.0,0.0234,0.0234,0.1639,0.4683,0.8898,1.3581,2.6226,3.6529,4.9642,6.1818,6.9312,7.6336,8.1488,8.6171,9.1323,9.5538,10.1392,10.7011,11.1929,11.7315,12.0593,12.4105,12.7383,13.113,13.675,14.0731,14.6116,15.4078,16.4147,17.4684,18.3114,18.9904,19.6227,20.2783,20.5593,20.8637,21.332,21.5662,21.6833,,,,,
Quirguistão,0.0,0.0,0.0613,0.0766,0.1073,0.1226,0.1686,0.1839,0.2146,0.2452,0.2606,0.3679,0.4598,0.6438,0.935,1.64,2.2838,16.5384,20.3703,21.8724,22.6541,22.9607,22.9607,16.2319,16.2472,16.2932,16.2932,16.3085,16.3392,16.7377,17.0596,17.4121,17.826,18.2091,18.5004,19.0215,19.5426,19.9412,20.1864,20.4623,20.5389,,,,,,,,
Laos,0.0,0.0,0.0,0.0,0.0,0.0,0.0,0.0,0.0,0.0,0.0,0.0,0.0,0.0,0.0,0.0,0.0,0.0,0.0,0.0,0.0,0.0,0.0,0.0,0.0,0.0,0.0,0.0,0.0,0.0,0.0,0.0,0.0,0.0,0.0,0.0,0.0,0.0,0.0,0.0,,,,,,,,,
Letónia,0.0,0.0,0.0,0.0,0.053,0.2651,0.2651,0.6362,0.8483,0.9543,1.0073,1.1664,1.2724,1.3254,1.4845,1.5905,1.5905,1.5905,1.5905,1.6435,1.6435,1.6965,1.6965,1.6965,1.7496,1.8026,1.8556,1.8556,1.9086,1.9086,2.0146,2.1207,2.3327,2.9689,3.9232,5.2487,6.5211,8.1116,10.4443,13.8904,18.5028,23.2743,26.6144,,,,,,
Líbano,0.0,0.0,0.044,0.0586,0.0879,0.2344,0.2784,0.3077,0.3223,0.3516,0.3663,0.3809,0.3809,0.3809,0.4102,0.4542,0.4688,0.4835,0.5128,0.5274,0.586,0.63,0.8351,1.0256,1.3479,1.6556,2.1391,2.6225,3.2086,3.8532,4.8202,5.4795,6.4318,7.3402,8.0874,8.9371,10.0067,11.3546,12.7171,14.2701,15.6327,17.1417,18.2845,19.8229,20.028,,,,
Lesoto,0.0,0.0,0.0,0.0,0.0,0.0,0.0,0.0,0.14,0.2801,0.5602,0.9803,1.1203,1.4004,1.4004,1.4471,1.4471,1.5404,1.5404,1.6338,1.8205,1.9606,2.0072,2.0072,2.0539,2.0539,2.0539,2.0539,2.0539,2.0539,2.0539,2.2406,2.3807,,,,,,,,,,,,,,,,
Libéria,0.0,0.0,0.0593,0.0989,0.1582,0.2373,0.3559,0.3954,0.4152,0.5141,0.5338,0.5932,0.6327,0.6722,0.6722,0.7316,1.0084,1.384,1.4236,1.5224,1.562,1.6213,1.6213,1.6213,1.6213,1.6213,1.6213,1.6213,1.6213,1.6213,1.6213,1.6213,1.6213,1.6213,1.6213,1.6213,1.6411,1.6411,1.6411,1.6411,1.6411,,,,,,,,
Líbia,0.0,0.0146,0.0146,0.0146,0.0291,0.0437,0.0437,0.0437,0.0437,0.0728,0.0728,0.1455,0.1455,0.3347,0.4948,0.5821,0.7131,0.9314,1.3535,1.8192,2.2849,2.8961,3.4491,4.3078,5.3556,6.549,7.6696,8.6738,9.3723,10.653,11.6572,12.8069,13.7383,14.9171,16.0377,17.2166,18.0898,19.123,19.9235,20.5929,,,,,,,,,
Liechtenstein,0.0,0.0,0.0,0.0,2.6227,2.6227,2.6227,2.6227,2.6227,2.6227,2.6227,2.6227,2.6227,2.6227,2.6227,2.6227,2.6227,2.6227,2.6227,2.6227,2.6227,2.6227,2.6227,2.6227,2.6227,2.6227,2.6227,2.6227,2.6227,2.6227,2.6227,2.6227,2.6227,2.6227,7.8682,10.491,20.982,34.0957,41.9639,49.8321,55.0776,73.4368,78.6823,,,,,,
Lituânia,0.0,0.0,0.0,0.1469,0.3306,0.5877,1.1755,1.4694,1.653,1.8,1.9836,2.2408,2.4979,2.6081,2.7183,2.7918,2.8652,2.8652,2.902,2.902,2.9387,2.9387,2.9754,2.9754,3.0122,3.1224,3.1591,3.1591,3.1958,3.2693,3.3795,3.7468,4.0407,4.5917,5.5101,6.8325,8.963,12.5262,16.4935,20.7179,26.9993,34.2726,43.5663,44.2642,,,,,
Luxemburgo,0.0,0.0,0.639,2.3963,4.9523,8.6265,11.502,13.5788,14.697,15.975,16.614,17.4128,17.5725,17.5725,17.5725,17.5725,17.5725,17.5725,17.5725,17.7323,17.892,18.2115,19.0103,19.4895,19.809,19.809,19.809,19.809,19.809,19.809,19.9688,20.7675,21.2468,22.5248,24.282,28.755,34.9853,41.535,47.925,55.1138,62.622,69.3315,73.1655,,,,,,
MS Zaandam,109.3494,109.3494,109.3494,109.3494,109.3494,109.3494,109.3494,109.3494,109.3494,109.3494,109.3494,109.3494,109.3494,109.3494,109.3494,109.3494,109.3494,109.3494,109.3494,109.3494,109.3494,109.3494,109.3494,109.3494,109.3494,109.3494,109.3494,109.3494,109.3494,109.3494,109.3494,109.3494,109.3494,109.3494,109.3494,109.3494,109.3494,109.3494,109.3494,,,,,,,,,,
Madagascar,0.0,0.0,0.0,0.0,0.0,0.0,0.0,0.0,0.0072,0.0072,0.0253,0.0361,0.0469,0.0578,0.0867,0.1192,0.1914,0.2528,0.3792,0.4839,0.585,0.6392,0.6645,0.7114,0.7511,0.78,0.8198,0.8378,0.8487,0.8559,0.8595,0.8812,0.8812,0.8992,0.9028,0.9064,0.9209,0.9209,0.9353,0.9389,0.9389,,,,,,,,
Malawi,0.0052,0.0105,0.0157,0.0157,0.0157,0.0157,0.0157,0.0209,0.0209,0.0209,0.0314,0.0575,0.0836,0.1255,0.2248,0.3973,0.5384,0.7109,0.7946,0.8573,0.9043,0.9148,0.92,0.9305,0.9357,0.9357,0.9409,0.9462,0.9566,0.9618,0.9618,0.9671,0.9671,0.9671,0.9671,0.9723,0.9775,0.9775,0.9775,,,,,,,,,,
Malásia,0.0,0.0,0.0,0.0,0.0,0.0,0.0,0.0093,0.0803,0.1638,0.2163,0.2657,0.2966,0.3182,0.3306,0.346,0.3553,0.3553,0.3584,0.3677,0.3738,0.3738,0.3738,0.3738,0.3769,0.38,0.3862,0.3862,0.3862,0.3862,0.3862,0.3955,0.3955,0.3986,0.4109,0.4202,0.4696,0.5438,0.6612,0.7693,0.862,0.9393,1.0165,1.0814,1.1617,1.242,1.3347,1.3873,
Maldivas,0.0,0.0,0.0,0.0,0.0,0.0,0.0,0.185,0.555,0.74,0.74,0.925,1.48,1.48,1.48,1.48,1.85,2.405,2.775,2.775,3.145,3.515,4.07,4.81,5.18,5.365,5.735,6.105,6.29,6.29,6.29,6.66,6.845,7.03,7.215,7.77,8.3249,8.5099,8.6949,8.8799,8.8799,8.8799,,,,,,,
Mali,0.0099,0.0247,0.0642,0.0691,0.1185,0.158,0.1975,0.2617,0.3457,0.3852,0.4642,0.5136,0.5481,0.5728,0.5876,0.5975,0.6024,0.6123,0.6123,0.6173,0.6173,0.6173,0.6222,0.6271,0.6321,0.637,0.6469,0.6469,0.6518,0.6518,0.6716,0.6716,0.6765,0.6963,0.7308,0.7901,0.8889,1.0123,1.1111,1.2098,,,,,,,,,
Malta,0.0,0.0,0.0,0.0,0.453,0.6794,0.6794,0.9059,1.1324,1.3589,1.3589,2.0383,2.0383,2.0383,2.0383,2.0383,2.0383,2.0383,2.0383,2.0383,2.0383,2.0383,2.0383,2.2648,2.2648,2.9442,3.3972,3.8501,6.5679,8.3797,9.2856,10.1915,11.0974,13.8152,16.5329,20.836,24.4597,28.9892,33.7453,37.5954,41.4456,45.9751,,,,,,,
Ilhas Marshall,0.0,0.0,0.0,0.0,0.0,0.0,0.0,0.0,0.0,,,,,,,,,,,,,,,,,,,,,,,,,,,,,,,,,,,,,,,,
Mauritânia,0.0,0.0,0.0215,0.0215,0.0215,0.0215,0.0215,0.0215,0.0645,0.129,0.4301,0.9248,1.7421,2.1937,2.5808,2.7744,3.14,3.2476,3.3551,3.3766,3.3766,3.3766,3.3981,3.3981,3.4411,3.4626,3.4626,3.4626,3.4841,3.5056,3.5056,3.5056,3.5056,3.5486,3.5486,3.6347,3.6992,3.9143,4.5165,5.6778,6.7532,,,,,,,,
Ilhas Maurício,0.1573,0.3932,0.5504,0.7077,0.7077,0.7863,0.7863,0.7863,0.7863,0.7863,0.7863,0.7863,0.7863,0.7863,0.7863,0.7863,0.7863,0.7863,0.7863,0.7863,0.7863,0.7863,0.7863,0.7863,0.7863,0.7863,0.7863,0.7863,0.7863,0.7863,0.7863,0.7863,0.7863,0.7863,0.7863,0.7863,0.7863,0.7863,0.7863,0.7863,0.7863,,,,,,,,
México,0.0,0.0,0.0008,0.0062,0.0388,0.1505,0.3769,0.8291,1.4418,2.2965,3.4724,5.0491,7.0145,9.7299,12.3661,15.3157,19.4365,22.6389,26.0027,29.1423,32.5038,35.6775,39.1809,42.8851,45.8425,48.5478,51.4446,54.0196,55.9819,58.5103,60.5571,64.4491,66.1469,67.7989,70.4034,72.7294,75.2765,77.6405,80.8499,83.8988,87.1198,90.3471,93.9808,94.4965,,,,,
Moldávia,0.0,0.0248,0.0496,0.2975,0.7437,1.413,2.3302,3.0739,3.9911,5.1314,5.9991,7.2137,8.2053,9.8662,11.5023,12.9153,14.3779,15.8653,16.8569,18.1459,19.5341,20.848,22.1866,23.1782,24.5416,26.3513,27.6899,29.7722,31.7058,33.5402,36.1431,38.8948,41.3737,44.2493,46.877,49.7278,52.8017,56.2474,59.5692,63.1389,67.601,71.1707,,,,,,,
Mónaco,0.0,0.0,0.0,0.0,2.5483,2.5483,7.6449,10.1932,10.1932,10.1932,10.1932,10.1932,10.1932,10.1932,10.1932,10.1932,10.1932,10.1932,10.1932,10.1932,10.1932,10.1932,10.1932,10.1932,10.1932,10.1932,10.1932,2.5483,2.5483,5.0966,5.0966,5.0966,5.0966,5.0966,5.0966,5.0966,5.0966,7.6449,7.6449,7.6449,7.6449,7.6449,7.6449,,,,,,
Mongólia,0.0,0.0,0.0,0.0,0.0,0.0,0.0,0.0,0.0,0.0,0.0,0.0,0.0,0.0,0.0,0.0,0.0,0.0,0.0,0.0,0.0,0.0,0.0,0.0,0.0,0.0,0.0,0.0,0.0,0.0,0.0,0.0,0.0,0.0,0.0,0.0,0.0,0.0,0.0,0.0,0.0,0.0,,,,,,,
Montenegro,0.1592,0.1592,0.3184,0.4777,0.7961,1.1145,1.2738,1.433,1.433,1.433,1.433,1.433,1.433,1.433,1.7514,2.2291,3.8213,5.095,7.1649,8.2794,10.8269,12.7375,13.3744,15.9219,17.3549,19.2655,21.9722,25.9527,28.9778,33.5952,38.2125,42.9891,50.9501,54.4529,63.0507,70.6932,79.4502,86.4559,93.1431,100.3079,103.8107,,,,,,,,
Marrocos,0.0,0.0027,0.0108,0.0704,0.1896,0.3197,0.382,0.4362,0.4714,0.5093,0.5202,0.5391,0.5554,0.5635,0.5744,0.5798,0.5987,0.6367,0.6773,0.7396,0.848,1.0349,1.3492,1.7827,2.4058,3.01,3.6873,4.2752,4.9579,5.6054,6.3126,7.0576,7.9327,8.9432,10.1922,11.5739,12.9475,14.4024,15.6839,16.9193,17.9461,18.8483,19.4253,,,,,,
Moçambique,0.0,0.0,0.0,0.0,0.0,0.0,0.0,0.0,0.0,0.0064,0.0064,0.0064,0.0128,0.016,0.0224,0.0288,0.032,0.0352,0.0384,0.0512,0.0608,0.064,0.0704,0.0832,0.112,0.1312,0.1728,0.2048,0.224,0.2368,0.272,0.2943,0.3167,0.3519,0.3935,0.4127,0.4255,0.4479,0.4703,0.4991,,,,,,,,,
Namíbia,0.0,0.0,0.0,0.0,0.0,0.0,0.0,0.0,0.0,0.0,0.0,0.0,0.0,0.0,0.0,0.0,0.0394,0.0787,0.2755,0.3936,0.6297,1.22,1.653,2.5581,3.424,3.8569,4.2505,4.6834,4.8408,4.9982,5.1556,5.2344,5.2344,5.2344,5.4311,5.6279,5.8641,5.9821,6.297,6.6512,7.3596,,,,,,,,
Nepal,0.0,0.0,0.0,0.0,0.0,0.0,0.0,0.0,0.0,0.0,0.0,0.0,0.0,0.0,0.0,0.0,0.0103,0.0206,0.0378,0.0549,0.0755,0.0927,0.1098,0.1201,0.1373,0.151,0.1922,0.2402,0.3398,0.4702,0.6693,0.9301,1.1051,1.3385,1.5753,1.7847,2.0593,2.4539,2.8452,3.1575,3.6723,4.1254,4.4548,4.925,5.3781,5.7453,6.0576,6.2327,
Países Baixos,0.0,0.0292,0.3385,2.0835,6.8574,13.1603,18.3544,23.7411,27.587,30.47,32.571,33.6565,34.3743,34.993,35.3723,35.5591,35.6933,35.7983,35.9151,35.9267,35.9384,36.0551,36.0259,36.0785,36.2069,36.4228,36.5745,36.6562,36.7846,37.0239,37.6834,38.3662,39.2183,40.4672,42.3989,45.2177,48.3575,51.1938,53.6041,55.9327,57.9111,60.3039,63.1753,64.2841,,,,,
Nova Zelândia,0.0,0.0,0.0,0.0,0.0207,0.0207,0.1866,0.3525,0.394,0.4355,0.4355,0.4355,0.4562,0.4562,0.4562,0.4562,0.4562,0.4562,0.4562,0.4562,0.4562,0.4562,0.4562,0.4562,0.4562,0.4562,0.4562,0.4977,0.5184,0.5184,0.5184,0.5184,0.5184,0.5184,0.5184,0.5184,0.5184,0.5184,0.5184,0.5184,0.5184,0.5184,0.5184,0.5184,,,,,
Nicarágua,0.0,0.0151,0.0151,0.0151,0.0302,0.0453,0.0755,0.1208,0.2566,0.5283,0.6944,0.8302,0.9661,1.1171,1.2529,1.3737,1.4944,1.6303,1.7511,1.8567,1.9322,2.0077,2.0681,2.1284,2.1737,2.219,2.2492,2.2794,2.3096,2.3247,2.3398,2.3549,2.3549,2.3851,2.4002,2.4153,2.4304,2.4454,2.4605,2.4756,2.4756,,,,,,,,
Níger,0.0041,0.0207,0.0454,0.0578,0.0991,0.1322,0.1735,0.2066,0.2479,0.2644,0.2685,0.2685,0.2768,0.2768,0.2809,0.2809,0.285,0.285,0.285,0.285,0.285,0.285,0.285,0.285,0.285,0.285,0.285,0.285,0.285,0.285,0.285,0.285,0.285,0.285,0.2892,0.2892,0.314,0.3305,0.347,0.3718,0.3759,,,,,,,,
Nigéria,0.0,0.0,0.0,0.0005,0.001,0.0034,0.0063,0.015,0.0281,0.0519,0.081,0.1024,0.1256,0.1567,0.1877,0.2304,0.2663,0.2988,0.3342,0.373,0.4041,0.4259,0.4512,0.4686,0.4812,0.4904,0.5084,0.5215,0.5302,0.5346,0.5394,0.5399,0.5414,0.5467,0.5535,0.5603,0.5637,0.5652,0.5671,0.5719,0.5773,0.5826,0.6025,0.6044,,,,,
Macedônia do Norte,0.0,0.0,0.0,0.096,0.432,1.248,2.112,2.6399,3.4079,4.1279,4.4159,5.0879,5.5679,6.7679,7.5359,9.6478,12.0478,14.4957,16.8477,18.6716,20.7356,22.6076,24.2395,25.3915,26.3515,27.5035,28.9914,30.2874,31.7274,33.8393,35.3753,36.8633,38.3993,40.7992,45.5511,50.351,56.9269,66.0467,74.9265,86.0143,94.8941,104.11,112.3178,115.2458,,,,,
Noruega,0.0,0.0,0.0553,0.2214,0.7194,1.6417,2.564,3.3572,3.7999,3.9659,4.2057,4.2979,4.3348,4.3717,4.4086,4.4639,4.5746,4.6115,4.6299,4.6668,4.7037,4.7037,4.7222,4.7222,4.8328,4.8697,4.8697,4.8697,4.8882,4.9251,5.0542,5.0726,5.1095,5.128,5.1649,5.2018,5.2571,5.4969,5.792,6.161,6.659,7.2862,7.4706,7.7657,,,,,
Omã,0.0,0.0,0.0,0.0,0.0,0.0392,0.0783,0.1371,0.1958,0.235,0.3329,0.4308,0.7245,0.9595,1.4687,2.0366,2.5653,3.1919,4.1711,5.0327,6.2272,7.5196,8.2442,10.0458,11.2011,11.9257,13.2573,14.256,15.2743,16.5667,17.8004,19.132,20.3265,21.5602,22.9897,24.3997,25.4767,26.2013,27.0237,27.7678,28.277,28.8057,29.1386,29.1974,,,,,
Paquistão,0.0,0.0,0.0,0.0032,0.0118,0.0258,0.0435,0.091,0.1412,0.2327,0.3336,0.4251,0.5419,0.7338,0.9833,1.2852,1.6728,1.9485,2.1907,2.4084,2.5528,2.6447,2.7158,2.7602,2.7955,2.8267,2.8494,2.8747,2.8924,2.9082,2.9308,2.953,2.9824,3.0209,3.0535,3.1006,3.169,3.2563,3.5058,3.6629,3.8421,4.0314,4.289,4.4438,,,,,
Panamá,0.0232,0.1391,0.5562,1.2515,2.0163,2.9202,3.8704,4.6352,5.7709,6.4662,7.1846,7.9726,9.2241,10.3829,12.0748,14.3693,17.8457,21.6002,26.1196,30.639,34.6948,38.5652,41.4391,44.1739,46.3988,48.6469,50.3619,52.6564,54.4178,56.3182,57.9869,59.6556,61.1389,63.0393,65.0788,66.7707,68.9029,71.3596,74.442,78.382,83.3649,87.0499,,,,,,,
Papua-Nova Guiné,0.0,0.0,0.0,0.0,0.0,0.0,0.0,0.0,0.0,0.0,0.0,0.0,0.0,0.0,0.0,0.0,0.0,0.0112,0.0224,0.0335,0.0335,0.0447,0.0447,0.0559,0.0559,0.0671,0.0782,0.0782,0.0782,0.0782,0.0782,0.0782,0.0782,0.0782,0.0782,0.0782,0.0782,0.0782,0.0894,0.1006,0.1006,,,,,,,,
Paraguai,0.0,0.014,0.0421,0.0421,0.0841,0.1122,0.1262,0.1402,0.1402,0.1542,0.1542,0.1542,0.1542,0.1542,0.1823,0.2103,0.2804,0.2944,0.4066,0.5608,0.7291,1.0095,1.7806,2.6919,4.122,5.7763,7.2064,8.9169,10.9638,12.8005,14.9316,16.5299,18.1282,19.6844,20.736,21.9978,23.1615,24.2691,25.6991,27.1572,29.05,30.1996,,,,,,,
Peru,0.0,0.0,0.0273,0.1668,0.4185,0.831,1.7348,3.1876,4.9345,6.8756,9.5475,12.4318,15.2585,18.4642,22.6284,26.5711,30.4654,34.3141,38.2599,53.5426,57.0669,61.9437,65.8531,81.3846,85.297,88.16,91.7025,94.1743,96.6582,98.4567,100.1127,101.8353,103.0697,104.0736,105.3323,106.2452,107.1126,108.2287,109.4145,110.6974,111.7863,112.8781,113.1783,,,,,,
Filipinas,0.0009,0.0009,0.0009,0.0009,0.0009,0.0009,0.0173,0.0347,0.0876,0.1661,0.3185,0.407,0.5092,0.6005,0.7045,0.7684,0.825,0.8888,0.9372,1.0111,1.0987,1.159,1.1991,1.4729,1.6819,1.7905,1.9374,2.1938,2.5506,2.8627,3.3062,3.6375,4.3183,4.6459,5.0228,5.407,5.8851,6.1571,6.492,6.7229,7.0359,7.2613,7.4967,7.6984,7.9183,8.0607,8.2569,8.2697,
Polónia,0.0,0.0132,0.0264,0.0872,0.3408,0.6949,1.0595,1.5748,1.8918,2.2168,2.5048,2.7057,2.8853,3.1258,3.3609,3.6331,3.8656,4.0373,4.1959,4.3227,4.4443,4.5922,4.8115,5.0097,5.2237,5.4377,5.6438,5.8843,6.1194,6.5607,7.179,8.1936,9.8318,12.194,16.123,22.1288,28.6631,37.8211,46.5009,54.4091,61.5881,68.125,71.3195,,,,,,
Portugal,0.0,0.0,0.1373,1.167,2.8931,4.9428,7.0023,8.8558,10.2288,11.131,11.945,12.9061,13.828,14.5047,14.8773,15.0048,15.3383,15.8286,16.2798,16.5642,16.8388,17.0447,17.2212,17.437,17.6135,17.8391,18.045,18.3098,18.7511,19.1532,19.6632,20.3987,21.3893,22.7132,24.9492,28.4013,33.1578,38.2182,43.416,48.6726,54.5176,60.1567,63.5303,,,,,,
Catar,0.0,0.0,0.0,0.0,0.1041,0.2083,0.243,0.3471,0.4165,0.4165,0.4859,0.6595,1.2495,1.7008,2.4297,3.228,3.7833,4.1999,5.0676,5.3106,5.6924,6.0395,6.2477,6.5948,6.6989,6.8031,6.9766,7.1155,7.2543,7.3584,7.4625,7.6014,7.7055,7.9485,8.0526,8.0526,8.122,8.1567,8.2262,8.2956,8.3303,8.3997,8.4691,,,,,,
Roménia,0.0,0.0,0.0,0.0572,0.4262,1.024,1.8245,2.5887,3.4464,4.3716,5.2085,5.9103,6.3209,6.6952,7.0383,7.4697,7.9999,8.5821,9.3514,10.0376,10.7809,11.6386,12.8914,14.3676,15.979,17.5021,19.1343,20.621,22.0193,23.4072,24.9094,26.6196,28.7716,31.168,34.1725,37.806,42.5519,48.1399,53.9202,59.9344,65.8083,71.204,76.0798,78.0915,,,,,
Rússia,0.0,0.0,0.0,0.0,0.0,0.0,0.0007,0.0021,0.0206,0.0521,0.159,0.3803,0.7353,1.1135,1.5795,2.1236,2.8383,3.6838,4.4691,5.2421,5.8889,6.6249,7.4184,8.1681,8.8211,9.4412,9.9901,10.5205,11.0036,11.4832,11.9773,12.4761,13.0168,13.6136,14.2502,15.0335,16.0003,17.1803,18.5775,20.0672,21.7598,23.6579,25.8253,28.2133,30.6775,33.2807,35.9298,36.3074,
Ruanda,0.0,0.0,0.0,0.0,0.0,0.0,0.0,0.0,0.0,0.0,0.0,0.0154,0.0154,0.0154,0.0154,0.0232,0.0232,0.0309,0.0386,0.0386,0.0386,0.0618,0.0849,0.1235,0.139,0.1699,0.193,0.2239,0.2239,0.2316,0.2625,0.2625,0.2702,0.2779,0.3243,0.3552,0.3629,0.3938,0.4169,0.4401,0.5327,,,,,,,,
São Cristóvão e Névis,0.0,0.0,0.0,0.0,0.0,0.0,0.0,0.0,0.0,0.0,0.0,0.0,0.0,0.0,0.0,0.0,0.0,0.0,0.0,0.0,0.0,0.0,0.0,0.0,0.0,0.0,0.0,0.0,0.0,0.0,0.0,0.0,0.0,0.0,0.0,0.0,0.0,0.0,0.0,0.0,,,,,,,,,
Santa Lúcia,0.0,0.0,0.0,0.0,0.0,0.0,0.0,0.0,0.0,0.0,0.0,0.0,0.0,0.0,0.0,0.0,0.0,0.0,0.0,0.0,0.0,0.0,0.0,0.0,0.0,0.0,0.0,0.0,0.0,0.0,0.0,0.0,0.0,0.0,1.0892,1.0892,1.0892,1.0892,2.1783,2.7229,2.7229,,,,,,,,
São Vicente e Granadinas,0.0,0.0,0.0,0.0,0.0,0.0,0.0,0.0,0.0,0.0,0.0,0.0,0.0,0.0,0.0,0.0,0.0,0.0,0.0,0.0,0.0,0.0,0.0,0.0,0.0,0.0,0.0,0.0,0.0,0.0,0.0,0.0,0.0,0.0,0.0,0.0,0.0,0.0,0.0,0.0,0.0,,,,,,,,
Samoa,0.0,0.0,0.0,0.0,0.0,0.0,,,,,,,,,,,,,,,,,,,,,,,,,,,,,,,,,,,,,,,,,,,
San Marino,2.9472,5.8943,32.4187,61.8903,76.6261,100.2034,106.0977,117.8863,120.8335,120.8335,120.8335,120.8335,123.7806,123.7806,123.7806,123.7806,123.7806,123.7806,123.7806,123.7806,123.7806,123.7806,123.7806,123.7806,123.7806,123.7806,123.7806,123.7806,123.7806,123.7806,123.7806,123.7806,123.7806,123.7806,123.7806,123.7806,123.7806,126.7278,129.6749,135.5692,144.4107,159.1465,165.0408,165.0408,,,,,
São Tomé e Príncipe,0.0,0.0,0.0,0.4563,2.2814,3.194,3.6503,5.4755,5.4755,5.4755,5.4755,5.9318,5.9318,6.3881,6.3881,6.3881,6.8443,6.8443,6.8443,6.8443,6.8443,6.8443,6.8443,6.8443,6.8443,6.8443,6.8443,6.8443,6.8443,7.3006,7.3006,7.3006,7.7569,7.7569,7.7569,7.7569,7.7569,7.7569,,,,,,,,,,,
Arábia Saudita,0.0,0.0,0.0,0.023,0.0977,0.1695,0.2786,0.3993,0.5285,0.7066,0.8962,1.1202,1.4448,2.0452,2.792,3.6394,4.4551,5.5036,6.3854,7.1408,7.8503,8.3788,9.0969,9.7892,10.4815,11.1163,11.7223,12.2595,12.8828,13.4515,14.003,14.4856,14.8935,15.2123,15.5685,15.9132,16.2493,16.6026,16.9013,17.134,17.3724,17.5849,17.7171,,,,,,
Senegal,0.0,0.0,0.0,0.0,0.0119,0.0119,0.0179,0.0538,0.0538,0.1135,0.1493,0.209,0.2508,0.2926,0.3583,0.5017,0.6271,0.7943,0.8839,0.9974,1.1407,1.2482,1.3856,1.511,1.6066,1.6961,1.732,1.7738,1.8036,1.8395,1.8634,1.8753,1.8932,1.9171,1.941,1.947,1.9589,1.9709,1.9888,2.0186,2.0843,2.1799,2.3053,,,,,,
Sérvia,0.0,0.0,0.0458,0.3548,0.7554,1.1788,1.5909,2.0487,2.3577,2.5637,2.7125,2.7583,2.8155,2.8842,2.9528,3.0215,3.2847,4.0287,5.0587,5.8141,6.4665,7.1074,7.5652,7.8857,8.0917,8.2176,8.3435,8.4465,8.5266,8.5838,8.6983,8.8127,8.9615,9.2591,9.8542,10.9301,12.7041,15.634,20.2006,24.8587,28.9446,32.9848,33.5456,,,,,,
Seychelles,0.0,0.0,0.0,0.0,0.0,0.0,0.0,0.0,0.0,0.0,0.0,0.0,0.0,0.0,0.0,0.0,0.0,0.0,0.0,0.0,0.0,0.0,0.0,0.0,0.0,0.0,0.0,0.0,0.0,0.0,0.0,0.0,0.0,0.0,0.0,0.0,0.0,0.0,0.0,0.0,0.0,,,,,,,,
Serra Leoa,0.0,0.0,0.0,0.0501,0.1128,0.2382,0.4137,0.5265,0.5767,0.6143,0.6393,0.6895,0.7522,0.7772,0.7898,0.8274,0.8274,0.8399,0.865,0.865,0.865,0.8775,0.8901,0.9026,0.9026,0.9026,0.9026,0.9026,0.9151,0.9277,0.9277,0.9277,0.9277,0.9277,0.9277,0.9277,0.9402,0.9402,0.9527,,,,,,,,,,
Singapura,0.0,0.0,0.0,0.0,0.0,0.0,0.0,0.0,0.0342,0.0513,0.1026,0.1709,0.2051,0.2393,0.3419,0.359,0.376,0.3931,0.4102,0.4273,0.4444,0.4444,0.4444,0.4444,0.4615,0.4615,0.4615,0.4615,0.4615,0.4615,0.4615,0.4615,0.4615,0.4615,0.4615,0.4615,0.4615,0.4786,0.4786,0.4786,0.4786,0.4786,0.4786,0.4786,0.4957,0.4957,0.4957,0.4957,0.4957
Eslováquia,0.0,0.0183,0.0183,0.0183,0.0366,0.1465,0.2747,0.4213,0.4762,0.4945,0.5129,0.5129,0.5129,0.5129,0.5129,0.5129,0.5129,0.5129,0.5129,0.5129,0.5129,0.5312,0.5678,0.6044,0.6044,0.6777,0.6777,0.7143,0.751,0.8792,1.044,1.3005,2.1064,3.6632,5.2384,8.4987,10.6051,13.7188,17.0341,20.2211,25.2398,31.7237,31.7237,,,,,,
Eslovénia,0.0,0.0481,0.2405,0.7215,1.9241,2.9342,3.8,4.281,4.762,4.9545,5.0507,5.195,5.2431,5.2431,5.2431,5.2431,5.3393,5.3393,5.3393,5.5317,5.6279,5.9646,6.2051,6.2051,6.3975,6.4456,6.4937,6.4937,6.8785,7.2152,7.6481,8.4178,9.6203,13.3722,21.2128,31.0255,44.2053,57.6737,74.413,91.3928,105.3422,118.041,120.5904,,,,,,
Ilhas Salomão,0.0,0.0,0.0,0.0,0.0,0.0,0.0,0.0,0.0,0.0,0.0,,,,,,,,,,,,,,,,,,,,,,,,,,,,,,,,,,,,,,
Somália,0.0,0.0,0.0,0.0063,0.044,0.1447,0.2013,0.3209,0.3524,0.3838,0.4908,0.5222,0.5537,0.5663,0.5663,0.5789,0.5852,0.5852,0.5852,0.5852,0.5852,0.5852,0.5852,0.6166,0.6166,0.6166,0.6166,0.6229,0.6229,0.6229,0.6229,0.6544,0.6544,0.6732,0.6732,0.711,0.711,0.7613,0.7613,0.7802,0.7991,,,,,,,,
África do Sul,0.0,0.0,0.0,0.0084,0.0303,0.0573,0.1096,0.1737,0.258,0.3693,0.5716,0.9307,1.3354,2.0402,2.8225,3.7178,4.6351,6.0733,7.5082,10.0154,12.6406,15.6773,18.5639,20.9463,22.7656,24.2612,25.5747,26.4801,27.3248,28.2151,29.0817,30.6043,31.5991,32.2229,33.0221,33.7404,34.6593,35.7469,36.6034,38.0619,40.1746,43.2601,44.3038,,,,,,
Sudão do Sul,0.0,0.0,0.0,0.0,0.0,0.0357,0.0715,0.0893,0.0893,0.2412,0.3037,0.3216,0.3395,0.3395,0.3841,0.402,0.4109,0.4199,0.4199,0.4199,0.4199,0.4288,0.4377,0.4377,0.4377,0.4467,0.4824,0.4913,0.5003,0.5181,0.5271,0.5271,0.536,0.5449,0.5539,0.5539,0.5539,0.5539,,,,,,,,,,,
Espanha,0.0,0.0,0.0,0.0,0.0107,0.2845,2.2308,10.9893,23.9505,34.3943,42.7807,48.1748,52.493,56.2488,58.7298,61.2301,61.4953,58.0347,58.039,60.5607,60.6098,60.7104,60.7489,60.7852,60.8109,60.8387,60.9628,61.2066,61.6793,62.0493,62.9198,63.6234,65.2233,66.7996,68.6261,70.4292,72.2386,74.3282,76.7365,83.0568,87.1975,91.1543,95.5368,98.9246,101.8591,104.6439,106.5645,,
Sri Lanka,0.0,0.0,0.0,0.0,0.0,0.0,0.0,0.0,0.0047,0.0234,0.0327,0.0327,0.0327,0.0327,0.042,0.042,0.042,0.0467,0.0514,0.0514,0.0514,0.0514,0.0514,0.0514,0.0514,0.0514,0.0514,0.0514,0.0514,0.056,0.056,0.056,0.056,0.0607,0.0607,0.0607,0.0607,0.0607,0.0747,0.0981,0.1635,0.2709,0.4063,0.5417,0.6538,0.7098,0.8219,0.8686,
Sudão,0.0023,0.0023,0.0046,0.0046,0.0114,0.0365,0.0707,0.1186,0.2052,0.2759,0.4447,0.7594,0.9419,1.1106,1.268,1.3729,1.4618,1.5234,1.6146,1.6534,1.7401,1.8062,1.8518,1.8769,1.8769,1.8997,1.9065,1.9065,1.9065,1.9065,1.9065,1.9065,1.9088,1.9088,2.5451,2.6888,2.7709,2.8986,3.008,3.211,3.3478,3.3478,,,,,,,
Suriname,0.0,0.0,0.1705,0.1705,0.1705,0.1705,0.1705,0.1705,0.1705,0.1705,0.1705,0.1705,0.5114,1.3637,1.7046,2.216,3.0684,3.2388,3.9207,4.4321,4.9435,6.989,9.546,11.2507,12.7848,15.8532,16.3646,17.3874,17.8988,18.0692,18.5806,18.5806,18.9216,19.092,19.433,19.7739,19.9444,19.9444,19.9444,19.9444,20.2853,,,,,,,,
Suécia,0.0,0.0,0.0,0.0,0.0,0.0297,0.3763,1.9902,5.9905,12.4564,19.0608,24.5958,29.9725,35.0521,39.0325,42.7358,45.429,48.0233,50.4294,52.4692,53.8455,54.9842,55.8555,56.4893,56.9051,57.0933,57.2814,57.4695,57.5883,57.6379,57.7765,57.8854,58.0735,58.2221,58.3706,58.3706,58.5983,58.7468,59.133,59.6281,61.0341,63.4304,66.1533,69.9754,74.4015,79.1444,81.9763,,
Suíça,0.0,0.0231,0.1618,1.3865,4.1481,8.8392,13.149,16.5114,19.2383,20.6133,21.3181,21.7918,22.1038,22.1847,22.2193,22.4042,22.6006,22.67,22.7046,22.7393,22.774,22.8548,22.8895,22.9588,23.005,23.1206,23.1784,23.2708,23.3979,23.6868,23.8601,24.0103,24.2183,24.7036,24.7844,27.7771,33.5312,40.8568,48.7832,55.635,63.4921,71.1065,78.3512,82.7188,,,,,
Síria,0.0,0.0114,0.0114,0.0114,0.0171,0.0171,0.0171,0.0171,0.0229,0.0229,0.0343,0.0343,0.04,0.0514,0.0571,0.0914,0.1429,0.2057,0.2457,0.2857,0.3428,0.4857,0.6057,0.7428,0.8685,0.9714,1.0742,1.1657,1.2628,1.3999,1.5257,1.6457,1.7885,1.9485,2.1256,2.3371,2.5256,2.8913,3.4342,3.7713,,,,,,,,,
Taiwan,0.0,0.0,0.0,0.0042,0.0042,0.0042,0.0042,0.0042,0.0084,0.021,0.021,0.0252,0.0252,0.0252,0.0252,0.0294,0.0294,0.0294,0.0294,0.0294,0.0294,0.0294,0.0294,0.0294,0.0294,0.0294,0.0294,0.0294,0.0294,0.0294,0.0294,0.0294,0.0294,0.0294,0.0294,0.0294,0.0294,0.0294,0.0294,0.0294,0.0294,0.0294,0.0294,0.0294,0.0294,0.0294,0.0294,0.0294,0.0294
Tajiquistão,0.0839,0.2411,0.4299,0.4928,0.5033,0.5033,0.5347,0.5452,0.5452,0.5662,0.5871,0.6081,0.6291,0.6396,0.6605,0.6815,0.7025,0.7234,0.7444,0.7654,0.7759,0.7968,0.8178,0.8283,0.8388,0.8598,0.8702,0.8807,0.9017,0.9017,0.9122,0.9227,0.9331,0.9331,0.9331,,,,,,,,,,,,,,
Tanzânia,0.0,0.0,0.0017,0.005,0.0117,0.0167,0.0268,0.0352,0.0352,0.0352,0.0352,0.0352,0.0352,0.0352,0.0352,0.0352,0.0352,0.0352,0.0352,0.0352,0.0352,0.0352,0.0352,0.0352,0.0352,0.0352,0.0352,0.0352,0.0352,0.0352,0.0352,0.0352,0.0352,0.0352,0.0352,0.0352,0.0352,0.0352,0.0352,0.0352,0.0352,,,,,,,,
Tailândia,0.0,0.0,0.0,0.0,0.0,0.0014,0.0014,0.0014,0.0057,0.0143,0.0387,0.0587,0.0688,0.0774,0.0774,0.0802,0.0802,0.0817,0.0831,0.0831,0.0831,0.0831,0.0831,0.0831,0.0831,0.0831,0.0831,0.0831,0.0831,0.0831,0.0831,0.0831,0.0831,0.0831,0.0845,0.0845,0.0845,0.0845,0.0845,0.0845,0.0845,0.086,0.086,0.086,0.086,0.086,0.086,0.086,0.086
Timor-Leste,0.0,0.0,0.0,0.0,0.0,0.0,0.0,0.0,0.0,0.0,0.0,0.0,0.0,0.0,0.0,0.0,0.0,0.0,0.0,0.0,0.0,0.0,0.0,0.0,0.0,0.0,0.0,0.0,0.0,0.0,0.0,0.0,0.0,0.0,0.0,0.0,0.0,0.0,0.0,0.0,,,,,,,,,
Togo,0.0,0.0,0.0,0.0242,0.0362,0.0604,0.0725,0.1087,0.1087,0.1329,0.1449,0.157,0.157,0.157,0.157,0.1691,0.1691,0.1812,0.1812,0.1933,0.2174,0.2657,0.3141,0.3261,0.3261,0.3745,0.4469,0.4952,0.5315,0.5798,0.5919,0.616,0.6281,0.6644,0.6885,0.7247,0.761,0.7731,0.7851,0.7972,0.7972,0.8214,0.8214,,,,,,
Trinidad e Tobago,0.0,0.1429,0.4287,0.5716,0.5716,0.5716,0.5716,0.5716,0.5716,0.5716,0.5716,0.5716,0.5716,0.5716,0.5716,0.5716,0.5716,0.5716,0.5716,0.5716,0.5716,0.7145,0.8575,1.3576,2.2151,3.5727,4.2873,5.0018,5.4306,6.3595,6.7882,7.4313,7.6457,7.9315,7.9315,8.0744,8.4317,8.646,8.7175,8.7889,8.9318,,,,,,,,
Tunísia,0.0,0.0,0.0338,0.0846,0.1946,0.2877,0.3215,0.3384,0.3638,0.3808,0.3977,0.4061,0.4061,0.4146,0.4146,0.4231,0.4231,0.4231,0.4231,0.4231,0.4231,0.4315,0.44,0.4823,0.6007,0.6769,0.8123,1.0407,1.3876,2.0815,2.7161,4.0445,6.0159,8.3174,12.548,16.9732,20.6877,24.8337,27.5836,31.0358,33.4726,35.8502,37.1025,,,,,,
Turquia,0.0012,0.0522,0.2537,0.8596,1.6635,2.6785,3.5476,4.1736,4.6171,4.9787,5.2135,5.4364,5.6071,5.7411,5.9296,6.0838,6.2367,6.4051,6.5521,6.6932,6.8355,6.9636,7.1331,7.3074,7.6086,8.0414,8.5204,9.0575,9.6397,10.1412,10.6202,11.1988,11.7976,12.4272,13.1125,13.8773,15.0251,16.5238,18.1577,20.0156,22.0562,22.968,,,,,,,
Estados Unidos,0.0,0.0,0.0,0.0,0.0,0.0021,0.0085,0.0402,0.3033,1.5945,5.1042,9.6129,14.2923,18.4548,22.4518,25.798,28.7886,30.8859,33.0931,34.7465,36.2139,37.4885,38.6193,39.8967,41.461,43.2184,45.4301,47.6446,49.7751,51.9727,53.9675,55.8479,57.3536,59.1917,60.7533,62.3213,63.8098,65.333,66.9288,68.6704,70.6097,72.7227,75.177,78.5492,81.7978,86.4896,91.77,97.5113,99.7714
Uganda,0.0,0.0,0.0,0.0,0.0,0.0,0.0,0.0,0.0,0.0,0.0,0.0,0.0,0.0,0.0,0.0,0.0,0.0022,0.0066,0.0131,0.0262,0.0415,0.0612,0.0765,0.1071,0.1334,0.1552,0.1727,0.188,0.2099,0.2164,0.2405,0.2864,0.3148,0.3673,0.4307,0.4504,0.481,0.5028,0.5356,,,,,,,,,
Ucrânia,0.0,0.0023,0.0069,0.0297,0.0869,0.2127,0.3453,0.503,0.6928,0.9329,1.2233,1.4245,1.6555,1.8407,2.0831,2.3369,2.6547,2.9222,3.2355,3.4687,3.7408,4.0289,4.4588,4.8521,5.3391,5.9565,6.6996,7.4839,8.3505,9.3337,10.3581,11.7598,13.3398,15.1851,17.3413,20.1492,22.8702,26.1194,29.1102,32.4875,36.1094,39.5415,41.7412,,,,,,
Emirados Árabes Unidos,0.0,0.0,0.0,0.0,0.0,0.0,0.0,0.0202,0.0607,0.1213,0.2831,0.4651,0.8999,1.4762,2.0525,2.2952,2.558,2.7198,2.8614,2.9625,3.0838,3.1849,3.2961,3.3871,3.4478,3.5085,3.5489,3.6197,3.7006,3.8118,3.8826,3.9533,4.0544,4.0949,4.2061,4.3982,4.5296,4.7521,4.8734,5.0857,5.2374,5.4396,5.6519,5.8238,6.026,6.2889,6.4911,6.6024,
Reino Unido,0.0,0.0,0.0,0.0,0.0,0.0133,0.2401,1.3051,5.5785,14.2975,23.6558,32.1937,39.4102,44.7736,48.7155,51.7765,54.5606,56.34,57.7232,58.5938,59.2994,59.8312,60.2039,60.4454,60.6031,60.7695,60.9006,61.0317,61.1157,61.2262,61.3028,61.4221,61.565,61.8552,62.2985,62.873,63.9057,65.4583,67.8269,71.0161,75.1554,79.3536,84.1528,88.6928,93.0663,97.4428,102.7192,103.5589,
Uruguai,0.0,0.0,0.1151,0.2015,0.2591,0.3454,0.4894,0.4894,0.547,0.5757,0.6333,0.6621,0.6621,0.6909,0.7485,0.806,0.8348,0.9212,0.9788,1.0076,1.0651,1.0651,1.1803,1.2379,1.2666,1.2954,1.3242,1.353,1.3818,1.4106,1.4682,1.5257,1.6409,1.756,1.8136,1.9863,2.1303,2.303,2.5909,3.0227,3.8863,4.1166,,,,,,,
Uzbequistão,0.0,0.006,0.006,0.012,0.0149,0.0239,0.0269,0.0299,0.0329,0.0388,0.0418,0.0508,0.0568,0.0568,0.0598,0.0926,0.1703,0.248,0.3316,0.4392,0.5587,0.6723,0.7977,0.9173,1.0248,1.1473,1.2758,1.3505,1.4252,1.4999,1.5596,1.6254,1.6911,1.7359,1.7748,1.8017,1.8166,1.8256,1.8285,1.8285,1.8285,,,,,,,,
Vanuatu,0.0,0.0,0.0,0.0,0.0,0.0,0.0,,,,,,,,,,,,,,,,,,,,,,,,,,,,,,,,,,,,,,,,,,
Venezuela,0.0,0.0035,0.0246,0.0317,0.0317,0.0352,0.0563,0.0352,0.0352,0.0352,0.0492,0.0703,0.0809,0.1055,0.1442,0.2075,0.2919,0.3763,0.4712,0.5767,0.7315,0.9354,1.1148,1.2871,1.4489,1.6458,1.8638,2.0784,2.2612,2.4054,2.5496,2.6867,2.7887,2.8872,2.9681,3.0454,3.1228,3.2107,3.3197,3.4428,3.5518,,,,,,,,
Vietnã,0.0,0.0,0.0,0.0,0.0,0.0,0.0,0.0,0.0,0.0,0.0,0.0,0.0,0.0,0.0,0.0,0.0,0.0,0.0,0.0,0.0,0.0,0.0,0.0,0.0,0.0,0.0,0.0092,0.0185,0.0267,0.0308,0.0349,0.036,0.036,0.036,0.036,0.036,0.036,0.036,0.036,0.036,0.036,0.036,0.036,0.036,0.036,0.036,0.036,0.036
Cisjordânia e Faixa de Gaza,0.0,0.0,0.0,0.0223,0.0223,0.0445,0.0445,0.0445,0.0445,0.0445,0.0445,0.0668,0.0668,0.0668,0.0668,0.0668,0.1781,0.4451,0.9793,1.4689,1.7805,1.9808,2.3369,2.6485,3.0491,3.6055,4.2732,5.4083,6.0537,6.9217,7.901,8.7467,9.5034,10.3492,11.2172,11.9739,13.1089,14.8004,16.9815,19.8081,23.3246,27.2862,28.0429,,,,,,
Iémen,0.0,0.0,0.0067,0.0168,0.0402,0.1106,0.1911,0.3453,0.456,0.8315,0.9656,1.0897,1.2104,1.4685,1.5456,1.6328,1.7032,1.7703,1.8139,1.8843,1.9144,1.9446,1.9614,1.9647,1.9681,1.9882,1.9983,2.0016,2.0083,2.015,2.0284,2.0385,2.0519,2.0921,2.176,2.0318,2.0318,2.0318,,,,,,,,,,,
Zâmbia,0.0,0.0,0.0054,0.0109,0.0163,0.0163,0.0163,0.0381,0.0381,0.0381,0.0381,0.0544,0.0598,0.0979,0.1305,0.2285,0.2285,0.6963,0.7724,0.941,1.3109,1.436,1.5339,1.5775,1.6155,1.7624,1.8005,1.8059,1.8222,1.8766,1.8821,1.893,1.8984,1.9038,1.9202,1.9419,1.9419,1.98,2.0017,2.0616,2.0725,,,,,,,,
Zimbábue,0.0067,0.0067,0.0202,0.0202,0.0269,0.0269,0.0269,0.0269,0.0269,0.0269,0.0269,0.0269,0.0269,0.0404,0.0471,0.0606,0.1547,0.1884,0.3566,0.5652,0.8612,1.016,1.2716,1.386,1.4936,1.5071,1.5273,1.534,1.5407,1.5542,1.5878,1.6282,1.6686,1.7157,1.783,1.8435,1.8839,2.0521,2.1126,2.2808,2.2943,,,,,,,,
