País Português,1,2,3,4,5,6,7,8,9,10,11,12,13,14,15,16,17,18,19,20,21,22,23,24,25,26,27,28,29,30,31,32,33,34,35,36,37,38,39,40,41,42,43,44,45,46,47,48,49,50,51,52,53,54,55,56,57,58,59,60,61,62,63,64,65,66,67,68,69,70
Afeganistão,0.0,0.0,0.0,0.0,0.0,0.0,0.0,0.0,0.0026,0.0103,0.0411,0.0591,0.0925,0.1516,0.244,0.3262,0.4573,0.5677,0.7039,0.9967,1.2716,1.585,1.9318,2.3685,2.7332,3.0518,3.2675,3.3138,3.4576,3.5501,3.5912,3.6143,3.6452,3.6683,3.7171,3.7505,3.7736,3.807,3.8558,3.9175,3.974,4.0587,4.2154,4.4055,4.6804,4.8962,5.1248,5.3843,5.5975,5.7644,5.9109,6.0265,6.1369,6.178,6.2011,6.2371,6.2551,6.2833,6.2962,6.3193,6.3347,6.3604,6.4529,6.4966,6.5479,6.6738,6.8022,6.9615,7.0668,7.2235
Albânia,0.0,0.0,0.0,0.0,0.0,0.0,0.0,0.0347,0.1737,0.5212,0.7645,0.834,0.9035,1.0425,1.0772,1.0772,1.0772,1.1467,1.1467,1.1815,1.2857,1.5637,2.1544,2.8147,3.3706,4.0656,5.1428,6.1158,7.1235,8.0617,8.9999,10.0772,11.1544,11.8146,12.7528,13.3435,14.0038,14.9072,15.915,16.9227,18.4864,20.1196,22.135,25.5404,28.5635,32.5249,35.7218,38.6059,40.6561,42.0461,43.5055,44.7217,46.2854,48.5788,51.7062,54.9726,58.934,63.7641,68.4204,72.1733,74.9184,77.3856,79.3315,80.8257,81.7639,82.8064,83.4666,84.0921,84.6481,84.9608
Argélia,0.0,0.0,0.0,0.0,0.0,0.0,0.0,0.0091,0.0433,0.1003,0.4401,0.7434,0.8939,0.9966,1.0718,1.1744,1.2793,1.407,1.5211,1.651,1.797,1.9635,2.0798,2.2075,2.3443,2.5085,2.6772,2.846,3.0148,3.1721,3.3203,3.4617,3.5826,3.7217,3.8517,3.9361,4.0318,4.1459,4.2713,4.4035,4.5153,4.7365,4.9851,5.2656,5.5803,5.7901,5.9816,6.1276,6.2598,6.3442,6.4217,6.4833,6.5472,6.6087,6.668,6.7159,6.7661,6.8208,6.8915,6.944,6.9919,7.0443,7.0968,7.1538,7.2176,7.3544,7.5004,7.6235,7.7262,7.8128
Andorra,0.0,0.0,0.0,0.0,0.0,0.0,0.0,0.0,1.2942,15.531,28.4734,40.1217,47.8871,53.0641,59.5354,62.1239,66.0066,66.0066,66.0066,66.0066,67.3008,67.3008,67.3008,67.3008,67.3008,67.3008,67.3008,67.3008,67.3008,68.5951,68.5951,68.5951,68.5951,68.5951,68.5951,68.5951,68.5951,73.7721,80.2433,93.1858,97.0685,97.0685,98.3628,98.3628,98.3628,100.9513,102.2455,106.1283,108.7168,108.7168,111.3052,119.0707,125.542,132.0132,137.1902,138.4844,142.3672,142.3672,144.9557,146.2499,146.2499,148.8384,151.4269,156.6039,159.1924,160.4866,164.3694,164.3694,164.3694,164.3694
Angola,0.0,0.0,0.0,0.0,0.0,0.0,0.0,0.0,0.0,0.0061,0.0061,0.0061,0.0061,0.0061,0.0061,0.0061,0.0091,0.0122,0.0122,0.0122,0.0183,0.0304,0.0396,0.0639,0.0791,0.0913,0.143,0.1795,0.2434,0.2738,0.3103,0.3316,0.3773,0.4229,0.4716,0.5446,0.642,0.6755,0.7637,0.8246,0.8854,0.9371,0.998,1.0284,1.0649,1.0801,1.1319,1.1958,1.2262,1.2475,1.284,1.3448,1.4057,1.424,1.4544,1.5031,1.5213,1.5517,1.57,1.5883,1.6126,1.6309,1.6643,1.6856,1.7191,1.786,1.853,1.9442,2.0842,2.2242
Antígua e Barbuda,0.0,0.0,0.0,0.0,0.0,0.0,0.0,0.0,0.0,0.0,1.0211,2.0423,3.0634,3.0634,3.0634,3.0634,3.0634,3.0634,3.0634,3.0634,3.0634,3.0634,3.0634,3.0634,3.0634,3.0634,3.0634,3.0634,3.0634,3.0634,3.0634,3.0634,3.0634,3.0634,3.0634,3.0634,3.0634,3.0634,3.0634,3.0634,3.0634,3.0634,4.0846,4.0846,4.0846,4.0846,5.1057,5.1057,5.1057,5.1057,5.1057,6.1269,6.1269,7.148,8.1692,9.1903,14.2961,14.2961,22.4653,27.571,28.5921,28.5921,29.6133,31.6556,31.6556,32.6767,32.6767,32.6767,42.8882,42.8882
Argentina,0.0,0.0,0.0,0.0,0.0,0.0,0.0022,0.0044,0.0133,0.0597,0.1239,0.2257,0.3253,0.458,0.5841,0.7058,0.8696,1.0709,1.259,1.5864,1.9427,2.3852,2.8919,3.6375,4.3544,5.5094,7.0338,8.8039,11.0718,13.3818,16.7339,19.7341,23.0221,26.2237,30.8701,36.5499,48.2943,54.3679,59.9614,65.7805,70.9181,75.6332,79.888,82.8219,86.1319,88.5238,91.1678,93.491,95.1815,96.8785,99.2305,101.9255,104.5518,107.1472,109.6695,111.5857,113.9708,115.4798,117.8252,119.5599,121.3012,123.3213,125.3082,128.7156,132.2956,138.5063,144.2657,151.1447,158.8002,164.7942
Arménia,0.0,0.0,0.0,0.0,0.0,0.0,0.0,0.0,0.0,0.1012,0.27,0.5399,0.8099,1.0124,1.3499,1.5861,2.1598,3.071,5.332,7.3231,9.8878,12.5538,14.9498,16.9746,19.6069,22.3404,24.264,25.9176,27.0987,28.0773,28.9548,29.7309,30.4734,31.0471,31.6545,32.3294,33.4093,34.8267,37.1552,41.2386,47.6842,54.2986,61.1155,67.5611,74.0068,80.0474,85.3457,90.2052,94.3898,97.1233,99.2494,101.4767,102.9953,104.2439,105.4925,106.3025,107.0111,107.9898,109.0697,110.5883,114.1992,118.0126,122.3997,127.3942,132.2538,136.9446,140.5555,143.6264,146.6636,148.2835
Austrália,0.0,0.0,0.0,0.0,0.0,0.0039,0.0118,0.0196,0.0314,0.0706,0.1765,0.2431,0.2627,0.349,0.3804,0.3843,0.3922,0.4039,0.4039,0.4,0.4,0.4039,0.4078,0.4157,0.4353,0.502,0.6902,0.9686,1.3804,1.7647,2.153,2.6,3.0628,3.2314,3.3686,3.4745,3.5177,3.5451,3.549,3.5569,3.5569,3.5569,3.5569,3.5569,3.5608,3.5608,3.5608,3.5608,3.5647,3.5647,3.5647,3.5647,3.5647,3.5647,3.5647,3.5647,3.5647,3.5647,3.5647,3.5647,3.5647,3.5647,3.5647,3.5686,3.5686,3.5686,3.5686,3.5686,3.5686,3.5686
Áustria,0.0,0.0,0.0,0.0,0.0,0.0,0.0,0.0333,0.3109,1.4212,2.6981,4.2636,5.4517,6.3177,6.7286,6.9173,7.0172,7.1394,7.4281,7.4614,7.5613,7.6945,7.8278,7.8389,7.8722,7.8944,7.9166,7.9832,8.0276,8.0942,8.1387,8.1498,8.2941,8.4051,8.5606,8.8382,9.1268,9.5599,10.1483,11.1587,13.235,16.6437,21.5958,28.613,36.9182,44.4351,51.6078,61.5118,67.2744,71.6935,75.7128,79.9321,83.4407,87.127,89.6141,91.7126,93.6445,95.5432,97.2309,99.0962,101.2725,103.3488,105.6693,108.2342,110.5769,112.4312,114.2632,115.6178,116.5727,117.1056
Azerbaijão,0.0,0.0,0.0,0.0,0.0,0.0,0.0,0.0099,0.0099,0.0493,0.0789,0.1282,0.1973,0.217,0.2564,0.3255,0.4044,0.5129,0.7003,0.9665,1.2427,1.6471,2.1008,2.6136,3.1462,3.7084,4.241,4.6651,4.8821,5.0201,5.1385,5.2864,5.4442,5.5823,5.7007,5.819,5.9176,6.036,6.2628,6.7856,7.5746,8.551,9.912,11.7761,14.1333,16.8949,19.7945,22.6251,25.3965,27.5368,29.0063,29.9038,30.5745,30.9788,31.1958,31.4128,31.6002,31.8073,32.0539,32.5273,33.3755,34.8944,36.9162,39.234,41.4531,43.682,45.339,46.4831,47.3608,48.0019
Bahamas,0.0,0.0,0.0,0.0,0.0,0.0,0.0,0.0,0.0,0.0,1.5258,2.0344,2.2887,2.7972,2.7972,2.7972,2.7972,2.7972,2.7972,2.7972,2.7972,2.7972,2.7972,2.7972,2.7972,2.7972,2.7972,3.5601,3.8144,5.0859,11.6976,12.7148,15.0034,17.5464,19.5807,23.1408,25.4295,27.4639,31.5326,34.5841,37.89,39.1614,41.4501,41.4501,41.4501,41.4501,41.7044,42.9759,43.2302,44.5016,44.5016,44.5016,44.5016,44.7559,44.7559,45.5188,45.5188,45.5188,47.0446,47.2989,47.8075,47.8075,48.0618,48.3161,49.3332,50.3504,53.402,54.4191,56.1992,57.2164
Bahrein,0.0,0.0,0.0,0.0,0.0,0.0,0.0,0.0588,0.1763,0.2351,0.2938,0.4114,0.4114,0.4702,0.4702,0.5289,0.7052,0.8228,1.1166,1.7043,2.7621,3.9375,5.1129,5.7594,6.5234,7.5812,8.2864,8.8741,9.6969,10.2846,10.931,11.1661,11.8714,12.5178,13.3406,14.4572,15.3975,16.7492,17.9246,18.571,19.0412,19.4526,19.8052,19.9815,20.0403,20.1578,20.4516,20.5692,20.6279,20.6867,20.9218,21.2744,21.7446,22.0972,22.7436,24.0953,25.447,26.6224,27.8565,28.6205,29.5608,30.3836,32.0291,33.2633,35.5553,36.7894,38.9051,40.962,44.9583,49.8362
Bangladesh,0.0,0.0,0.0,0.0,0.0,0.0,0.0,0.0,0.0024,0.003,0.0103,0.0279,0.0668,0.0941,0.1111,0.1518,0.2247,0.317,0.4305,0.592,0.7663,0.9381,1.1215,1.3061,1.4719,1.6449,1.8216,1.9637,2.1076,2.2709,2.4458,2.6207,2.764,2.9158,3.0403,3.169,3.2819,3.3864,3.4605,3.5449,3.6329,3.7088,3.7975,3.9152,4.0531,4.1933,4.3288,4.4502,4.5595,4.6573,4.7477,4.8224,4.891,4.9481,4.9967,5.0386,5.0847,5.1145,5.1546,5.2201,5.3057,5.4612,5.698,6.0059,6.4291,6.8177,7.1073,7.2895,7.4146,7.5299
Barbados,0.0,0.0,0.0,0.0,0.0,0.0,0.0,0.0,0.0,0.0,1.0439,1.3919,1.7399,2.0879,2.4358,2.4358,2.4358,2.4358,2.4358,2.4358,2.4358,2.4358,2.4358,2.4358,2.4358,2.4358,2.4358,2.4358,2.4358,2.4358,2.4358,2.4358,2.4358,2.4358,2.4358,2.4358,2.4358,2.4358,2.4358,2.4358,2.4358,2.4358,2.4358,2.4358,2.4358,2.4358,2.4358,2.4358,2.4358,2.4358,2.4358,2.4358,3.4798,4.8717,6.9595,8.6994,10.7873,12.5272,12.8752,13.5711,13.9191,14.6151,14.963,15.311,15.311,15.311,15.659,15.659,16.3549,16.3549
Bielorrússia,0.0,0.0,0.0,0.0,0.0,0.0,0.0,0.0,0.0,0.0106,0.1376,0.3492,0.5821,0.836,1.1324,1.5028,1.852,2.2012,2.5716,2.9843,3.3653,3.778,4.1484,4.6141,5.0162,5.3655,5.7464,6.0745,6.265,6.5296,6.9,7.2598,7.6302,8.0535,8.371,8.7625,9.1858,9.588,9.9161,10.2124,10.4981,10.7521,11.2177,11.768,12.3395,12.9321,13.5671,14.1915,14.8582,15.5673,16.2446,16.943,17.6521,18.3823,19.0596,19.758,20.4247,21.0915,21.7476,22.3508,23.0175,23.6737,24.3827,25.1129,25.8537,26.5839,27.3247,28.0655,28.7957,29.4201
Bélgica,0.0,0.0,0.0,0.0,0.0,0.0,0.0,0.0863,1.0527,6.083,17.5588,35.8683,51.7532,63.2549,69.1653,75.5935,78.5875,80.5376,82.013,82.9967,83.3763,83.8077,84.1011,84.3341,84.4462,84.6015,84.8431,85.0071,85.2918,85.9303,86.2496,85.3954,85.5248,85.6801,85.8958,86.2927,87.0779,88.3894,90.5034,95.2404,104.6281,117.0098,128.037,137.5196,144.8365,151.0575,156.8472,162.3953,167.0546,171.0755,174.2421,177.3483,180.1525,182.6893,185.2692,187.6679,189.4453,191.0416,192.6465,194.7604,196.4085,198.16,200.5846,203.3371,205.6495,207.9792,210.2484,212.3365,213.5445,214.4418
Belize,0.0,0.0,0.0,0.0,0.0,0.0,0.0,0.0,0.0,0.0,0.2515,0.503,0.503,0.503,0.503,0.503,0.503,0.503,0.503,0.503,0.503,0.503,0.503,0.503,0.503,0.503,0.503,0.503,0.503,1.006,2.5149,3.2694,4.0239,4.7783,5.2813,6.0358,8.5507,9.8082,11.3171,12.8261,15.341,18.3589,24.1432,31.4364,37.2207,45.017,53.0647,56.837,60.6094,64.8848,69.6631,71.1721,73.687,76.2019,77.9623,78.7168,78.9683,79.2198,79.4713,79.4713,79.4713,79.7228,79.9742,79.9742,79.9742,80.9802,81.2317,81.2317,81.2317,81.2317
Benim,0.0,0.0,0.0,0.0,0.0,0.0,0.0,0.0,0.0,0.0,0.0082,0.0082,0.0082,0.0082,0.0165,0.0165,0.0165,0.0247,0.0247,0.033,0.0742,0.1072,0.1732,0.1732,0.2145,0.2557,0.2887,0.3134,0.3134,0.3217,0.3217,0.3299,0.3299,0.3299,0.3299,0.3299,0.3382,0.3382,0.3382,0.3382,0.3382,0.3547,0.3547,0.3547,0.3547,0.3629,0.3629,0.3629,0.3629,0.3629,0.3794,0.3794,0.3959,0.4289,0.4537,0.5114,0.5774,0.5774,0.6681,0.6681,0.7424,0.7424,0.7671,0.7671,0.8001,0.8001,0.8249,0.8331,0.8331,0.8331
Butão,0.0,0.0,0.0,0.0,0.0,0.0,0.0,0.0,0.0,0.0,0.0,0.0,0.0,0.0,0.0,0.0,0.0,0.0,0.0,0.0,0.0,0.0,0.0,0.0,0.0,0.0,0.0,0.0,0.0,0.0,0.0,0.0,0.0,0.0,0.0,0.0,0.0,0.0,0.0,0.0,0.0,0.0,0.0,0.0,0.0,0.0,0.0,0.0,0.0,0.0,0.1296,0.1296,0.1296,0.1296,0.1296,0.1296,0.1296,0.1296,0.1296,0.1296,0.1296,0.1296,0.1296,0.1296,0.1296,0.1296,0.1296,0.1296,0.1296,0.1296
Bolívia,0.0,0.0,0.0,0.0,0.0,0.0,0.0,0.0,0.0,0.0514,0.1199,0.2399,0.2913,0.4712,0.7367,1.0965,1.6191,2.3473,3.2211,4.172,5.6455,7.2475,9.6205,13.1071,16.2597,19.4723,23.3016,28.4417,32.2196,35.7405,39.9554,43.6991,60.7983,63.7967,65.9041,67.943,69.8705,71.541,73.0402,74.291,74.9677,75.456,75.9529,76.4841,76.7839,77.118,77.3236,77.5463,78.2574,79.1655,80.9902,83.2861,86.5671,90.0624,93.6261,96.5817,98.5863,100.2568,101.5847,102.7755,103.5979,104.8486,105.9366,107.0503,108.7551,110.3827,111.6678,113.5781,116.2167,119.6348
Bósnia e Herzegovina,0.0,0.0,0.0,0.0,0.0,0.0,0.0,0.0,0.0914,0.3962,1.0058,1.2192,1.5545,1.9203,2.4079,3.5662,4.0843,4.5415,4.7854,4.8768,5.1207,5.2426,5.6693,6.3094,6.8885,8.0468,9.0526,11.3691,13.6246,15.0877,17.0689,18.8977,20.3912,22.0981,23.7136,25.6948,27.5236,28.8647,30.9984,34.2902,40.1424,49.6522,62.2406,72.9696,83.1195,93.9095,105.37,115.5809,122.6523,128.3521,133.2899,137.4352,140.849,144.3847,147.3413,150.4198,153.4373,156.8206,162.9166,171.8169,183.0336,198.7004,214.9463,228.2052,244.6036,256.5823,265.5739,271.6395,276.4554,278.8938
Botswana,0.0,0.0,0.0,0.0,0.0,0.0,0.0,0.0,0.0,0.0425,0.0425,0.0425,0.0425,0.0425,0.0425,0.0425,0.0425,0.0425,0.0425,0.0425,0.0425,0.0425,0.0425,0.0425,0.0425,0.0425,0.085,0.085,0.085,0.1276,0.1276,0.2551,0.3827,0.4678,0.5528,0.6804,0.7654,0.8505,0.893,0.893,1.0206,1.1481,1.2757,1.3182,1.4458,1.5309,1.6159,1.6159,1.701,1.9136,2.5089,3.7421,5.2729,6.2935,7.6118,9.6104,12.7571,14.1179,17.5623,19.0081,20.624,24.1535,26.1946,28.1932,29.0862,29.8517,30.7872,31.9353,32.9134,34.4017
Brasil,0.0,0.0,0.0,0.0,0.0,0.0,0.0,0.0005,0.0216,0.0946,0.3227,0.7207,1.2895,2.3913,3.7345,5.8624,8.4602,11.5318,14.6778,18.0684,21.2839,24.7672,28.0364,31.3988,34.8764,38.3361,41.6538,45.0787,48.4693,51.6975,54.8458,57.6761,59.9663,62.6267,64.9724,67.2381,69.3895,71.038,72.8441,74.3068,75.5064,76.5913,78.4247,80.0317,81.7734,83.8161,85.999,88.5677,90.6481,93.0243,96.2978,99.4974,102.9726,106.4686,109.861,113.3518,116.9221,121.0772,126.2565,132.7285,140.5141,149.4387,158.519,168.6234,177.834,185.8407,193.6343,200.1981,206.554,211.6387
Brunei,0.0,0.0,0.0,0.0,0.0,0.0,0.0,0.0,0.0,0.2286,0.2286,0.2286,0.2286,0.2286,0.2286,0.2286,0.2286,0.2286,0.4572,0.4572,0.6857,0.6857,0.6857,0.6857,0.6857,0.6857,0.6857,0.6857,0.6857,0.6857,0.6857,0.6857,0.6857,0.6857,0.6857,0.6857,0.6857,0.6857,0.6857,0.6857,0.6857,0.6857,0.6857,0.6857,0.6857,0.6857,0.6857,0.6857,0.6857,0.6857,0.6857,0.6857,0.6857,0.6857,0.6857,0.6857,0.6857,0.6857,0.6857,0.6857,0.6857,0.6857,0.6857,0.6857,0.6857,0.6857,0.6857,0.6857,0.6857,0.6857
Bulgária,0.0,0.0,0.0,0.0,0.0,0.0,0.0,0.0288,0.0432,0.1151,0.331,0.5037,0.6476,0.8347,1.1513,1.3672,1.6119,1.8709,2.0724,2.4034,2.6049,2.9935,3.3101,3.6555,4.0729,4.5046,5.1091,5.9726,6.7785,7.4693,8.2321,9.2395,9.9591,10.5923,11.0384,11.7005,12.4057,13.2835,14.6652,16.7088,20.3211,26.6391,34.7272,46.4277,60.2725,74.2037,86.4222,99.0006,106.5706,113.7233,119.149,123.9702,128.3165,132.0871,136.4622,139.6428,143.6005,149.5443,156.8984,166.6416,177.1188,188.0709,198.4041,212.2201,223.3305,232.8866,239.0319,246.1558,250.1135,252.042
Burkina Faso,0.0,0.0,0.0,0.0,0.0,0.0,0.0,0.0,0.0191,0.067,0.0909,0.1435,0.1818,0.2009,0.2296,0.244,0.244,0.2488,0.2535,0.2535,0.2535,0.2535,0.2535,0.2535,0.2535,0.2535,0.2535,0.2583,0.2583,0.2631,0.2631,0.2631,0.2679,0.2679,0.2679,0.2775,0.2823,0.3014,0.311,0.3205,0.3205,0.3205,0.3253,0.3253,0.3253,0.3301,0.3492,0.3684,0.3923,0.4114,0.4401,0.5023,0.5645,0.6028,0.641,0.6602,0.6745,0.6841,0.6841,0.6889,0.6937,0.6985,0.7176,0.7319,0.7415,0.7463,0.7702,0.7846,0.7894,0.7894
Myanmar,0.0,0.0,0.0,0.0,0.0,0.0,0.0,0.0,0.0,0.0018,0.0018,0.0074,0.0092,0.0092,0.011,0.011,0.011,0.011,0.011,0.011,0.011,0.011,0.011,0.011,0.011,0.011,0.011,0.011,0.011,0.011,0.011,0.011,0.0221,0.0717,0.2132,0.522,0.8657,1.2737,1.7368,2.1081,2.4021,2.6852,2.9866,3.2788,3.6243,3.9533,4.2621,4.5654,4.8466,5.0836,5.2895,5.488,5.6644,5.7673,5.8445,5.8666,5.8758,5.8795,5.8813,5.8868,5.8886,5.8923,5.8923,5.8923,5.8923,5.8942,5.8978,5.8997,5.9052,5.9107
Burundi,0.0,0.0,0.0,0.0,0.0,0.0,0.0,0.0,0.0,0.0,0.0,0.0084,0.0084,0.0084,0.0084,0.0084,0.0084,0.0084,0.0084,0.0084,0.0084,0.0084,0.0084,0.0084,0.0084,0.0084,0.0084,0.0084,0.0084,0.0084,0.0084,0.0084,0.0084,0.0084,0.0084,0.0084,0.0084,0.0084,0.0084,0.0084,0.0084,0.0084,0.0084,0.0084,0.0084,0.0084,0.0084,0.0168,0.0168,0.0168,0.0168,0.0168,0.0168,0.0168,0.0252,0.0252,0.0252,0.0252,0.0252,0.0252,0.0505,0.0505,0.0505,0.0505,0.0505,0.0505,0.0505,0.0505,0.0505,0.0505
Cabo Verde,0.0,0.0,0.0,0.0,0.0,0.0,0.0,0.0,0.1799,0.1799,0.1799,0.1799,0.1799,0.1799,0.3597,0.3597,0.5396,0.7194,0.8993,0.8993,1.259,1.4389,2.6979,3.2375,3.4173,3.7771,3.9569,4.6764,5.9354,6.475,6.6548,7.1944,7.5541,8.2736,9.3527,10.6118,12.4104,13.8492,15.6478,16.9069,17.0867,18.1659,18.5256,18.7055,19.0652,19.6048,19.7846,20.1444,20.1444,20.3242,20.6839,21.5832,23.202,24.1013,24.6409,25.1804,25.8999,26.6193,27.6985,28.2381,29.3172,30.2165,31.1158,33.6339,34.8929,37.9505,41.0082,42.447,45.3248,46.404
Camboja,0.0,0.0,0.0,0.0,0.0,0.0,0.0,0.0,0.0,0.0,0.0,0.0,0.0,0.0,0.0,0.0,0.0,0.0,0.0,0.0,0.0,0.0,0.0,0.0,0.0,0.0,0.0,0.0,0.0,0.0,0.0,0.0,0.0,0.0,0.0,0.0,0.0,0.0,0.0,0.0,0.0,0.0,0.0,0.0,0.0,0.0,0.0,0.0,0.0,0.0,0.0,0.0,0.0,0.0,0.0,0.0,0.0,0.0,0.0,0.006,0.0299,0.0658,0.1316,0.1974,0.2931,0.4905,0.64,0.7835,0.9331,1.0706
Camarões,0.0,0.0,0.0,0.0,0.0,0.0,0.0,0.0,0.0,0.0226,0.0339,0.0527,0.162,0.2185,0.2411,0.4709,0.5274,0.6592,0.7534,0.7986,1.0397,1.1791,1.1791,1.3524,1.3524,1.439,1.4729,1.4729,1.4993,1.5294,1.5445,1.5596,1.5633,1.5633,1.5671,1.5746,1.5822,1.5935,1.601,1.6048,1.6161,1.6311,1.6311,1.6424,1.6613,1.6688,1.6763,1.6876,1.6876,1.6876,1.6989,1.714,1.7404,1.7856,1.7856,1.8044,1.9702,2.0757,2.1322,2.264,2.264,2.7161,3.2058,3.4619,3.5373,3.7332,4.1701,4.3397,4.479,4.6674
Canadá,0.0,0.0,0.0,0.0,0.0,0.0,0.0026,0.0159,0.0874,0.4027,1.5394,3.606,6.5815,9.9517,13.4624,16.1808,18.0912,19.9035,21.2177,22.1159,22.5769,22.9717,23.2631,23.43,23.5811,23.7241,23.8487,23.9599,24.058,24.1587,24.2673,24.368,24.4263,24.527,24.6647,24.8343,25.4808,25.8385,26.2545,26.8135,27.5633,28.5331,29.728,31.1641,32.6346,34.4257,36.5453,38.7021,41.1423,43.4236,45.9937,48.7042,51.3802,53.6323,55.4128,56.6873,57.657,58.4042,59.0904,59.6389,60.1847,60.6537,61.2896,61.9202,62.7892,63.7166,64.6492,65.4255,66.2363,66.851
República Centro-Africana,0.0,0.0,0.0,0.0,0.0,0.0,0.0,0.0,0.0,0.0,0.0,0.0,0.0,0.0,0.0,0.0,0.0,0.0207,0.0828,0.1035,0.2899,0.7661,0.9731,1.0767,1.0974,1.1388,1.2216,1.2216,1.263,1.263,1.263,1.2837,1.2837,1.2837,1.2837,1.2837,1.2837,1.2837,1.2837,1.2837,1.2837,1.2837,1.3044,1.3044,1.3044,1.3044,1.3044,1.3044,1.3044,1.3044,1.3044,1.3044,1.3044,1.3044,1.3044,1.3044,1.3044,1.3044,1.3044,1.3044,1.3251,1.3872,1.5115,1.5529,1.6357,1.8013,1.8841,1.9256,1.9877,2.0084
Chade,0.0,0.0,0.0,0.0,0.0,0.0,0.0,0.0,0.0,0.0,0.0,0.0,0.0,0.0122,0.1035,0.2435,0.3409,0.3775,0.4018,0.4322,0.4505,0.4505,0.4505,0.4505,0.4566,0.4566,0.4566,0.4566,0.4627,0.4627,0.4688,0.4688,0.4809,0.4931,0.4931,0.5175,0.5357,0.5601,0.5662,0.5844,0.5966,0.6027,0.6149,0.6149,0.621,0.621,0.621,0.621,0.6331,0.6392,0.6575,0.694,0.7062,0.7366,0.761,0.7975,0.828,0.8523,0.901,0.9436,0.9619,0.9984,1.0106,1.0167,1.0289,1.035,1.035,1.0471,1.0532,1.0532
Chile,0.0,0.0,0.0,0.0,0.0,0.0,0.0,0.0,0.0105,0.0628,0.2249,0.4813,0.769,1.0829,1.4386,1.7524,2.6627,4.2163,6.2146,11.9427,17.697,23.5664,29.7549,33.6573,36.9791,45.3908,48.336,50.9777,53.2428,55.1679,57.3231,59.222,61.1105,62.9832,64.4532,66.5666,68.3713,70.0767,71.6774,73.3723,74.9051,76.4326,77.8554,79.1528,80.7169,82.0247,83.4318,84.8338,86.2514,87.8208,89.8819,91.9273,94.2813,97.0852,99.8316,102.761,105.4132,108.2014,110.8065,113.9819,117.0944,120.8765,124.1565,128.2577,132.4374,136.1149,139.6512,143.1037,146.2895,149.3393
China,0.0091,0.0341,0.0773,0.1392,0.1852,0.2047,0.2181,0.2244,0.228,0.2299,0.2317,0.2324,0.3221,0.3222,0.3222,0.3222,0.3222,0.3222,0.3222,0.3222,0.3222,0.3224,0.3224,0.3224,0.3225,0.3229,0.3236,0.3249,0.3261,0.3269,0.3274,0.3282,0.3288,0.329,0.3291,0.3293,0.3293,0.3293,0.3293,0.3293,0.3293,0.3295,0.3295,0.3295,0.3295,0.3297,0.3305,0.3311,0.3319,0.3326,0.3331,0.3335,0.3341,0.3349,0.3352,0.3356,0.3358,0.336,0.3361,0.3362,0.3363,0.3363,0.3363,0.3365,0.3366,0.3366,0.3367,0.3367,0.3367,0.3367
Colômbia,0.0,0.0,0.0,0.0,0.0,0.0,0.0,0.0,0.0059,0.0314,0.0983,0.2496,0.3852,0.5287,0.7429,0.9689,1.2047,1.5251,1.983,2.6964,3.5395,4.7246,6.5523,8.5667,11.0548,14.0833,17.8331,22.2373,26.4824,30.696,35.1572,39.4042,42.8769,45.7678,47.9474,50.7597,53.0964,55.3054,57.5282,60.0693,62.5888,65.1064,67.5689,70.1159,72.5863,74.9918,77.3462,80.4416,83.761,87.3142,91.9405,97.0896,102.447,107.2581,111.053,113.887,116.1844,117.8628,119.2464,120.6064,122.3869,124.3149,126.8088,130.6569,135.9534,141.9632,148.6295,154.8084,161.7263,167.4571
Comores,0.0,0.0,0.0,0.0,0.0,0.0,0.0,0.0,0.0,0.0,0.0,0.0,0.0,0.0,0.0,0.115,0.115,0.115,0.23,0.23,0.345,0.805,0.805,0.805,0.805,0.805,0.805,0.805,0.805,0.805,0.805,0.805,0.805,0.805,0.805,0.805,0.805,0.805,0.805,0.805,0.805,0.805,0.805,0.805,0.805,0.805,0.805,0.805,1.035,1.4949,3.4499,5.8648,8.8546,11.4995,13.5694,15.2944,16.5593,16.5593,16.7893,16.7893,16.7893,16.7893,16.7893,16.7893,16.7893,16.7893,16.7893,16.7893,16.7893,16.7893
República do Congo,0.0,0.0,0.0,0.0,0.0,0.0,0.0,0.0,0.0,0.0,0.0906,0.0906,0.1087,0.145,0.1812,0.1993,0.2718,0.29,0.3624,0.4349,0.4893,0.6705,0.6705,0.7974,0.8517,0.9061,0.9786,1.0511,1.0873,1.3773,1.4135,1.4135,2.0659,2.0659,1.6129,1.6129,1.6129,1.631,1.6672,1.6672,1.6672,1.6672,1.6672,1.6854,1.7035,1.7035,1.8122,1.8122,1.9391,1.9572,2.0297,2.0659,2.1203,2.1203,2.2109,2.229,2.3015,2.3196,2.374,2.374,2.4284,2.4465,2.4827,2.4827,2.519,2.6096,2.664,2.6821,2.6821,2.7183
República Democrática do Congo,0.0,0.0,0.0,0.0,0.0,0.0,0.0,0.0,0.0022,0.0089,0.0201,0.0223,0.0279,0.0335,0.038,0.0491,0.0681,0.0759,0.0804,0.1005,0.1251,0.1507,0.1898,0.2032,0.2121,0.2188,0.2322,0.2401,0.2512,0.2713,0.2803,0.2892,0.2903,0.2981,0.3026,0.3037,0.3059,0.3082,0.3383,0.3405,0.3517,0.3528,0.3595,0.3696,0.374,0.3841,0.3997,0.4131,0.6521,0.6688,0.6978,0.7146,0.738,0.7537,0.7637,0.776,0.7816,0.7939,0.795,0.8062,0.8106,0.8296,0.8318,0.8318,0.8352,0.8486,0.8597,0.8653,0.8664,0.8698
Costa Rica,0.0,0.0,0.0,0.0,0.0,0.0,0.0,0.0,0.0393,0.0393,0.0393,0.0589,0.1178,0.1178,0.1178,0.1374,0.1963,0.1963,0.1963,0.2159,0.2356,0.2356,0.3141,0.4515,0.7263,1.3349,2.4538,3.5531,5.0058,6.164,7.3811,8.6963,10.4238,12.4261,14.9192,17.2748,19.709,22.0647,23.9885,26.0889,27.8557,29.485,30.9769,32.6259,33.9804,36.2379,38.3972,40.2621,42.3233,44.1293,46.4654,48.6247,50.3915,51.8441,52.963,53.7286,54.6709,55.358,55.9076,56.6536,57.0854,58.0473,58.8915,59.7552,60.933,62.5427,64.9769,67.843,72.1028,75.5577
Costa do Marfim,0.0,0.0,0.0,0.0,0.0,0.0,0.0,0.0,0.0,0.0038,0.0114,0.0227,0.0493,0.0531,0.0682,0.0796,0.1061,0.1137,0.1251,0.1441,0.1744,0.2199,0.2578,0.2881,0.3298,0.3526,0.3715,0.3905,0.3981,0.417,0.4322,0.4435,0.4511,0.4549,0.4549,0.4549,0.4549,0.4549,0.4587,0.4625,0.4777,0.4777,0.489,0.4966,0.5004,0.5004,0.5042,0.5042,0.5194,0.5232,0.5307,0.5383,0.5573,0.599,0.6255,0.6786,0.7127,0.7317,0.7809,0.8113,0.8416,0.9174,0.9705,1.0198,1.0425,1.0804,1.1032,1.107,1.1297,1.1297
Croácia,0.0,0.0,0.0,0.0,0.0,0.0,0.0,0.0,0.0244,0.1462,0.4385,0.7551,1.1692,1.5346,2.0218,2.2167,2.3385,2.4603,2.509,2.582,2.6064,2.6064,2.6064,2.7526,2.9231,2.9962,3.4103,3.7513,3.8974,4.0436,4.2628,4.5551,4.9449,5.6026,6.2115,6.6987,7.4051,8.0385,9.3051,11.4487,15.2974,21.0705,27.1115,35.1987,45.332,55.9769,67.6692,81.0666,92.4422,101.7961,108.2999,114.0973,118.9204,123.5242,127.2512,130.4909,133.0486,135.1435,136.9217,138.7729,141.4768,144.3999,148.9063,154.8742,161.8165,169.4652,176.9434,183.8857,189.1473,193.1421
Cuba,0.0,0.0,0.0,0.0,0.0,0.0,0.0,0.0,0.0088,0.053,0.0971,0.1854,0.3355,0.5121,0.6092,0.6886,0.6975,0.724,0.7328,0.7328,0.7416,0.7504,0.7593,0.7593,0.7681,0.7681,0.7681,0.7769,0.7769,0.7858,0.8034,0.8387,0.9182,0.9535,1.033,1.0771,1.0859,1.0859,1.1213,1.1301,1.1389,1.1477,1.1566,1.1742,1.2007,1.2007,1.2095,1.2272,1.2625,1.2978,1.3685,1.545,1.7658,1.9247,2.1542,2.4191,2.6839,2.8958,3.1077,3.3196,3.5403,3.7169,3.8847,4.2025,4.7499,5.3326,6.0565,6.6657,7.2926,7.8576
Chipre,0.0,0.0,0.0,0.0,0.0,0.0,0.0,0.0,0.2485,0.6626,0.9111,0.9939,0.9939,1.2424,1.2424,1.3252,1.408,1.408,1.408,1.4909,1.4909,1.5737,1.5737,1.5737,1.5737,1.5737,1.5737,1.5737,1.6565,1.6565,1.6565,1.7393,1.8222,1.8222,1.8222,1.8222,1.905,2.0706,2.0706,2.0706,2.2363,2.8989,3.313,3.81,4.0584,5.6321,6.9573,7.9512,9.6906,11.0986,13.0036,14.5773,15.7368,16.7307,17.7246,18.6357,19.0498,19.2155,19.2983,19.9609,20.3751,21.2033,21.8659,22.6942,24.4335,25.0961,27.0011,28.0778,28.8232,29.3202
República Tcheca,0.0,0.0,0.0,0.0,0.0,0.0,0.0,0.0,0.028,0.2895,0.8217,1.5034,1.8769,2.1197,2.3999,2.6426,2.8201,2.9601,3.0162,3.0628,3.0909,3.1656,3.2589,3.2963,3.315,3.3617,3.4924,3.6045,3.6511,3.7445,3.8846,3.9686,4.118,4.4449,4.9585,5.9389,7.4143,10.3278,15.1182,23.7838,36.5394,49.7059,61.2383,70.0253,78.5042,84.3778,90.9797,98.6275,105.5376,114.4553,125.9223,136.7637,145.8402,154.4965,163.3862,172.0985,182.4357,193.305,206.8077,220.908,233.9625,244.8599,253.7029,261.8176,267.4391,271.5011,274.732,277.7949,279.5131,280.4002
Dinamarca,0.0,0.0,0.0,0.0,0.0,0.0,0.0,0.0691,0.5525,1.5538,3.5047,5.1621,6.3879,7.4928,8.6841,9.202,9.5128,9.72,10.0135,10.2379,10.3242,10.4105,10.4451,10.5141,10.5314,10.5487,10.5832,10.635,10.7213,10.7213,10.7558,10.7904,10.8422,10.9285,11.0666,11.222,11.4464,11.6363,11.878,12.2406,12.5686,12.9484,13.2592,13.7599,14.6058,15.5554,16.5913,18.4731,21.1664,24.5157,28.0377,31.7323,35.0644,37.3088,38.759,39.8639,40.4682,40.8826,41.1243,41.366,41.5041,41.7458,42.0048,42.2465,42.54,42.8162,43.0234,43.1615,43.2305,43.3341
Diamond Princess,0.0,0.0,0.0,0.0,80.8407,161.6815,161.6815,188.6284,269.4691,269.4691,296.4161,323.363,350.3099,350.3099,350.3099,350.3099,350.3099,350.3099,350.3099,350.3099,350.3099,350.3099,350.3099,350.3099,350.3099,350.3099,350.3099,350.3099,350.3099,350.3099,350.3099,350.3099,350.3099,350.3099,350.3099,350.3099,350.3099,350.3099,350.3099,350.3099,350.3099,350.3099,350.3099,350.3099,350.3099,350.3099,350.3099,350.3099,350.3099,350.3099,350.3099,350.3099,350.3099,350.3099,350.3099,350.3099,350.3099,350.3099,350.3099,350.3099,350.3099,350.3099,350.3099,350.3099,350.3099,350.3099,350.3099,350.3099,350.3099,350.3099
Djibouti,0.0,0.0,0.0,0.0,0.0,0.0,0.0,0.0,0.0,0.0,0.0,202.4291,202.4291,202.4291,202.4291,303.6437,708.502,1417.004,2530.3644,3441.2955,4352.2267,4959.5142,5465.587,5566.8016,5668.0162,5668.0162,5870.4453,5971.6599,5971.6599,5971.6599,6072.8745,6072.8745,6174.0891,6174.0891,6174.0891,6174.0891,6174.0891,6174.0891,6174.0891,6174.0891,6174.0891,6174.0891,6174.0891,6174.0891,6174.0891,6174.0891,6174.0891,6174.0891,6174.0891,6174.0891,6174.0891,6174.0891,6275.3036,6376.5182,6376.5182,6376.5182,6376.5182,6376.5182,6376.5182,6376.5182,6477.7328,6983.8057,8603.2389,10323.8866,12449.3927,14372.4696,14878.5425,15283.4008,15283.4008,15485.83
Domínica,0.0,0.0,0.0,0.0,0.0,0.0,0.0,0.0,0.0,0.0,0.0,0.0,0.0,0.0,0.0,0.0,0.0,0.0,0.0,0.0,0.0,0.0,0.0,0.0,0.0,0.0,0.0,0.0,0.0,0.0,0.0,0.0,0.0,0.0,0.0,0.0,0.0,0.0,0.0,0.0,0.0,0.0,0.0,0.0,0.0,0.0,0.0,0.0,0.0,0.0,0.0,0.0,0.0,0.0,0.0,0.0,0.0,0.0,0.0,0.0,0.0,0.0,0.0,0.0,0.0,0.0,0.0,0.0,0.0,0.0
República Dominicana,0.0,0.0,0.0,0.0,0.0,0.0,0.0,0.0092,0.0553,0.4701,0.9034,1.687,2.2585,2.6365,3.2633,3.7058,4.0653,4.3142,4.7475,5.0148,5.6693,6.2224,6.8861,7.5683,8.3887,9.2091,10.1494,11.1819,12.4079,13.7261,14.6111,16.0215,17.4135,18.4183,19.0267,19.3678,19.8103,20.1237,20.3173,20.5201,20.7598,20.9165,21.1101,21.3221,21.5064,21.6355,21.8199,22.1056,22.1702,22.2992,22.373,22.6864,23.6359,24.9265,26.4014,27.4246,28.1805,28.7429,29.4158,29.8398,30.2639,30.5773,30.9276,31.3148,31.5821,31.914,32.3012,32.7252,33.1585,33.2783
Equador,0.0,0.0,0.0,0.0,0.0,0.0,0.0,0.0113,0.153,0.4251,1.0826,2.0915,2.9473,4.9368,8.893,13.1893,16.0913,18.1545,19.4864,20.9147,22.5018,24.2248,25.6588,27.6199,29.0766,30.4142,31.6498,32.9195,33.73,34.6029,36.0935,37.2441,60.2333,62.1378,63.0616,64.1159,66.3264,69.3474,70.3053,71.3482,71.9717,72.8275,73.8251,75.1797,76.523,78.1837,78.7619,79.0623,79.357,79.9351,80.4623,81.5165,83.1375,84.5375,85.5067,87.2411,88.233,89.8371,91.0783,92.1552,93.5439,95.1083,96.3779,98.3447,100.5722,104.228,106.9146,109.3121,112.6619,114.5493
Egito,0.0,0.0,0.0,0.0,0.0,0.0,0.001,0.0039,0.0195,0.045,0.0919,0.1739,0.258,0.3508,0.4417,0.5316,0.644,0.7788,1.028,1.2762,1.7257,2.3111,2.8856,3.4094,3.9166,4.2987,4.584,4.7999,4.9436,5.0657,5.1771,5.3159,5.4332,5.5495,5.6736,5.7791,5.8641,5.9325,6.0019,6.0801,6.1612,6.2481,6.3332,6.4231,6.5139,6.6576,6.8071,7.0035,7.3485,7.7374,8.1146,8.4976,8.8602,9.1924,9.5286,9.8706,10.2048,10.5321,10.8292,11.1243,11.4136,11.6833,11.9735,12.2403,12.5276,12.8676,13.281,13.7129,14.1116,14.4292
El Salvador,0.0,0.0,0.0,0.0,0.0,0.0,0.0,0.0,0.0,0.0154,0.0617,0.0925,0.1079,0.1233,0.2158,0.3083,0.4625,0.555,0.7554,0.925,1.1717,1.7422,2.6826,3.5306,4.286,5.4269,6.429,7.4928,8.7879,9.6358,10.453,11.1622,11.7943,12.2105,12.5497,12.9351,13.3977,13.8602,14.3227,14.7544,15.2169,15.7257,16.219,16.7432,17.2674,18.0074,18.6858,19.5029,20.243,21.168,22.1547,23.2648,24.4056,25.2536,26.2249,27.1037,27.9825,28.815,29.6475,30.1871,30.6188,30.9272,31.2972,31.7135,32.0989,32.546,32.9468,33.3631,33.8411,34.2265
Guiné Equatorial,0.0,0.0,0.0,0.0,0.0,0.0,0.0,0.0,0.0,0.0,0.0,0.0,0.0,0.0713,0.2138,0.2851,0.4989,0.8553,0.8553,0.8553,2.2809,2.2809,2.2809,3.6351,3.6351,3.6351,3.6351,5.916,5.916,5.916,5.916,5.916,5.916,5.916,5.916,5.916,5.916,5.916,5.916,5.916,5.916,6.0585,6.0585,6.0585,6.0585,6.0585,6.0585,6.0585,6.1298,6.1298,6.1298,6.1298,6.1298,6.1298,6.2011,6.2011,6.4862,6.5574,6.8426,7.1277,7.1989,7.2702,7.4128,7.5553,7.5553,7.6266,7.983,7.983,7.983,8.0543
Eritreia,0.0,0.0,0.0,0.0,0.0,0.0,0.0,0.0,0.0,0.0,0.0,0.0,0.0,0.0,0.0,0.0,0.0,0.0,0.0,0.0,0.0,0.0,0.0,0.0,0.0,0.0,0.0,0.0,0.0,0.0,0.0,0.0,0.0,0.0,0.0,0.0,0.0,0.0,0.0,0.0,0.0,0.0,0.0,0.0,0.0,0.0,0.0,0.0282,0.0282,0.0846,0.1692,0.1692,0.1974,0.1974,0.1974,0.1974,0.1974,0.1974,0.1974,0.1974,0.1974,0.2538,0.282,0.282,0.282,0.282,0.3384,0.3384,0.3948,0.3948
Estónia,0.0,0.0,0.0,0.0,0.0,0.0,0.0,0.0,0.0,0.3015,1.5831,2.3369,3.2415,3.7692,4.1461,4.5984,4.8246,4.9,5.1261,5.2015,5.2015,5.2015,5.2015,5.2015,5.2015,5.2015,5.2015,5.2015,4.7492,4.7492,4.8246,4.8246,4.8246,4.8246,4.8246,4.8246,5.0508,5.1261,5.3523,5.5031,5.5031,5.7292,6.3323,7.0861,9.1215,10.3277,11.8353,14.0969,16.6599,19.4492,22.0122,25.9322,29.5507,31.963,35.7322,38.2953,41.6876,45.6075,50.4321,55.709,60.986,67.5444,72.6705,79.0782,83.2243,86.5413,88.7274,90.9135,92.6474,93.552
Essuatíni,0.0,0.0,0.0,0.0,0.0,0.0,0.0,0.0,0.0,0.0,0.0,0.0,0.0862,0.0862,0.0862,0.1724,0.1724,0.1724,0.2586,0.2586,0.3448,0.6034,0.9481,1.2067,1.7239,2.0687,3.3616,4.2235,5.4303,6.5508,7.4127,8.1023,8.2747,8.7057,9.1366,9.309,9.6538,9.8262,9.9986,9.9986,10.0848,10.0848,10.2572,10.3434,10.5158,10.6881,11.3777,12.2396,15.0841,21.7211,27.4961,34.7365,44.5627,50.2515,52.5788,54.6474,55.768,56.199,56.7161,57.1471,57.3195,57.4919,57.6643,57.6643,57.8367,57.8367,57.8367,57.8367,57.9228,57.9228
Etiópia,0.0,0.0,0.0,0.0,0.0,0.0,0.0,0.0,0.0,0.0,0.0017,0.0026,0.0026,0.0026,0.0035,0.0043,0.0043,0.0052,0.0122,0.0278,0.0531,0.0652,0.0896,0.0896,0.1209,0.1566,0.2079,0.2984,0.3827,0.4975,0.6167,0.7202,0.8255,0.9003,0.9803,1.036,1.0769,1.1351,1.1926,1.2569,1.2995,1.3369,1.3813,1.4448,1.4866,1.5361,1.577,1.6214,1.664,1.7075,1.7432,1.7719,1.8049,1.8406,1.8771,1.9337,2.005,2.0754,2.132,2.2381,2.3425,2.4712,2.6313,2.8096,2.9914,3.1358,3.281,3.4019,3.4976,3.5524
Fiji,0.0,0.0,0.0,0.0,0.0,0.0,0.0,0.0,0.0,0.0,0.0,0.0,0.0,0.0,0.0,0.0,0.0,0.0,0.0,0.0,0.0,0.0,0.0,0.0,0.0,0.0,0.0,0.1116,0.1116,0.1116,0.1116,0.2231,0.2231,0.2231,0.2231,0.2231,0.2231,0.2231,0.2231,0.2231,0.2231,0.2231,0.2231,0.2231,0.2231,0.2231,0.2231,0.2231,0.2231,0.2231,0.2231,0.2231,0.2231,0.2231,0.2231,0.2231,0.2231,0.2231,0.2231,0.2231,0.2231,0.2231,0.2231,0.2231,0.2231,0.2231,0.2231,0.3347,0.4462,0.4462
Finlândia,0.0,0.0,0.0,0.0,0.0,0.0,0.0,0.0,0.018,0.3068,0.6136,1.1551,2.5448,3.5916,4.4399,4.9633,5.4325,5.631,5.7754,5.8476,5.8837,5.9018,5.9198,5.9379,5.9379,5.9198,5.9379,5.974,6.01,6.0281,6.0461,6.0642,6.0642,6.1183,6.1544,6.2266,6.2447,6.2447,6.3349,6.4071,6.4793,6.5515,6.6959,6.9305,7.2012,7.6524,8.4105,9.2226,9.9265,10.3958,10.865,11.2079,11.8216,12.345,12.6879,12.9947,13.2474,13.6264,14.0054,14.4566,14.5829,14.9078,15.5214,15.8283,16.117,16.3878,16.5321,16.7307,16.839,16.9473
França,0.0,0.0,0.0,0.0015,0.0015,0.0061,0.0506,0.2283,1.6883,5.4019,15.8257,24.071,31.8184,36.2076,39.1231,41.3552,43.2672,43.8126,44.3411,44.8896,45.2756,45.5346,45.7245,45.8624,46.0171,46.2393,46.3082,46.4201,46.5089,46.659,46.8077,46.9915,47.1447,47.5124,48.1512,48.8682,49.6158,50.4876,51.9537,54.4892,59.3886,64.7751,71.0089,77.0941,82.1099,86.4838,90.6677,94.7107,98.3615,101.7518,105.6156,109.5115,113.7521,118.5519,123.0131,127.0975,130.52,133.8567,137.0464,139.9097,142.5754,146.2998,149.2658,152.6484,155.8258,158.9649,161.7011,164.0727,165.7656,166.7123
Gabão,0.0,0.0,0.0,0.0,0.0,0.0,0.0,0.0,0.0449,0.0449,0.0449,0.0449,0.0449,0.1348,0.2696,0.4044,0.5391,0.629,0.8986,0.9435,1.3029,1.7522,1.887,2.0667,2.0667,2.0667,2.2015,2.2914,2.2914,2.3812,2.3812,2.3812,2.3812,2.3812,2.4262,2.4262,2.4262,2.4262,2.4262,2.4262,2.4711,2.561,2.6059,2.6508,2.6957,2.6957,2.8305,2.8755,2.8755,2.9653,2.9653,2.9653,3.0102,3.0552,3.19,3.3697,3.4146,3.9088,4.0885,4.5378,4.8523,5.1219,5.3466,5.7958,6.1103,6.2002,6.2901,6.4248,6.5147,6.6046
Gâmbia,0.0,0.0,0.0,0.0,0.0,0.0,0.0,0.0,0.0414,0.0414,0.0414,0.0414,0.0414,0.0414,0.0414,0.0414,0.0414,0.0414,0.0414,0.0414,0.0414,0.0828,0.0828,0.1241,0.1241,0.1655,0.331,0.5793,1.3241,2.6069,3.7241,3.9724,4.0965,4.3448,4.5517,4.6345,4.8414,4.8828,4.8828,4.9241,4.9655,5.0483,5.0483,5.0897,5.0897,5.0897,5.0897,5.0897,5.131,5.1724,5.1724,5.2965,5.2965,5.4207,5.5862,5.7103,6.0414,6.2069,6.331,6.331,6.6621,6.8276,6.869,6.9517,7.0345,7.2,7.2414,7.2414,7.2414,7.3655
Geórgia,0.0,0.0,0.0,0.0,0.0,0.0,0.0,0.0,0.0,0.0,0.0752,0.0752,0.1003,0.1504,0.2256,0.2757,0.3008,0.3008,0.3259,0.3259,0.351,0.351,0.376,0.376,0.376,0.4011,0.4011,0.4262,0.4262,0.4262,0.4763,0.4763,0.4763,0.4763,0.5766,0.9024,1.4539,2.5569,3.9607,5.9662,9.0746,13.0604,19.5028,26.3464,32.6635,39.507,47.2028,54.6981,61.2409,66.3296,70.6915,74.5268,77.6102,80.4178,82.8744,84.6543,86.6597,88.5398,90.2695,91.6983,93.1021,94.5811,96.0602,97.6144,99.2438,101.7756,104.859,108.6944,112.7804,116.2899
Alemanha,0.0,0.0,0.0,0.0,0.0,0.0,0.0024,0.0286,0.1874,0.925,2.4062,3.9315,6.0071,7.5361,8.3465,9.2357,9.645,9.9924,10.2203,10.4268,10.5271,10.6393,10.73,10.7801,10.835,10.8601,10.8983,10.9365,10.9902,11.0296,11.0773,11.1083,11.1429,11.1799,11.2253,11.3184,11.4175,11.5559,11.7946,12.0799,12.7912,14.0612,15.6808,17.7027,20.5015,23.8733,28.1009,33.5339,38.5122,43.8712,51.19,58.4802,63.9968,70.4097,75.2006,78.5699,82.0981,84.6535,86.5727,88.2651,89.8203,91.1738,92.1955,94.4537,96.2953,98.2587,100.1266,101.9109,103.4458,104.3887
Gana,0.0,0.0,0.0,0.0,0.0,0.0,0.0,0.0,0.0064,0.0161,0.0161,0.0257,0.029,0.0515,0.0579,0.0708,0.0998,0.1094,0.1223,0.1545,0.1867,0.3057,0.3604,0.4152,0.4473,0.4924,0.5407,0.6147,0.6919,0.7981,0.8689,0.8882,0.9108,0.9462,0.9558,0.9687,0.9751,0.9977,1.0041,1.017,1.0298,1.0298,1.0395,1.0395,1.0395,1.0491,1.0524,1.0717,1.0781,1.0781,1.0878,1.1521,1.1972,1.3645,1.5512,1.7861,1.873,1.9535,2.1112,2.2463,2.3622,2.3815,2.4201,2.4491,2.4813,2.507,2.5102,2.5199,2.5199,2.5199
Grécia,0.0,0.0,0.0,0.0,0.0,0.0,0.0,0.048,0.1919,0.4701,0.7771,0.969,1.1609,1.324,1.4007,1.4583,1.583,1.6598,1.7173,1.7557,1.7749,1.8229,1.8421,1.8517,1.8517,1.89,1.9476,2.0052,2.0531,2.2258,2.3314,2.6,2.7823,3.003,3.3771,3.7225,4.0295,4.4325,5.0657,5.6893,6.2841,8.3085,11.7816,17.4133,24.1484,30.6436,36.3137,41.6385,45.3802,48.4599,51.127,52.9403,54.6097,56.1352,57.7278,59.3012,60.8555,62.9086,65.6525,69.0393,72.7426,76.916,81.857,86.8651,92.3626,97.6585,102.35,106.8881,110.6585,113.4217
Granada,0.0,0.0,0.0,0.0,0.0,0.0,0.0,0.0,0.0,0.0,0.0,0.0,0.0,0.0,0.0,0.0,0.0,0.0,0.0,0.0,0.0,0.0,0.0,0.0,0.0,0.0,0.0,0.0,0.0,0.0,0.0,0.0,0.0,0.0,0.0,0.0,0.0,0.0,0.0,0.0,0.0,0.0,0.0,0.0,0.0,0.0,0.0,0.0,0.0,0.8887,0.8887,0.8887,0.8887,0.8887,0.8887,0.8887,0.8887,0.8887,0.8887,0.8887,0.8887,0.8887,0.8887,0.8887,0.8887,0.8887,0.8887,0.8887,0.8887,0.8887
Guatemala,0.0,0.0,0.0,0.0,0.0,0.0,0.0,0.0056,0.0056,0.0056,0.0167,0.0279,0.0391,0.0837,0.1061,0.1507,0.24,0.3516,0.6866,1.6131,2.3332,3.2486,4.3147,5.6041,7.2674,8.5456,9.9467,11.37,12.464,13.5022,14.68,15.5061,16.1312,16.6559,17.5099,18.0737,18.4756,19.0337,19.7928,20.4571,20.9204,21.3892,22.0311,22.8795,23.3205,23.9233,24.9839,26.3346,26.6863,27.1217,28.3552,29.6558,30.6214,31.8661,33.2392,34.3723,35.2487,35.7901,36.2422,36.8339,37.5651,38.0842,38.5307,39.3903,40.6295,41.6007,42.4547,43.4036,44.1683,44.7041
Guiné,0.0,0.0,0.0,0.0,0.0,0.0,0.0,0.0,0.0,0.0,0.0,0.0,0.0457,0.0533,0.0761,0.0838,0.1371,0.1523,0.1751,0.1751,0.198,0.2132,0.2513,0.2589,0.2894,0.3122,0.3503,0.3655,0.3807,0.396,0.434,0.4493,0.4797,0.4797,0.4949,0.5026,0.5178,0.533,0.533,0.5406,0.5559,0.5635,0.5711,0.5711,0.5787,0.6015,0.6092,0.6092,0.6092,0.6168,0.6168,0.6168,0.6244,0.632,0.6396,0.6472,0.6625,0.6929,0.7386,0.7919,0.8604,0.9518,0.9899,1.0356,1.0584,1.0736,1.1117,1.1498,1.165,1.2107
Guiné-Bissau,0.0,0.0,0.0,0.0,0.0,0.0,0.0,0.0,0.0,0.0,0.0,0.0,0.0,0.0508,0.0508,0.1524,0.3049,0.3557,0.4065,0.6098,0.7622,0.9654,1.2195,1.2703,1.3211,1.3211,1.3211,1.372,1.4736,1.6768,1.6768,1.7276,1.9309,1.9817,1.9817,1.9817,2.0325,2.0833,2.0833,2.0833,2.0833,2.185,2.185,2.185,2.2358,2.2358,2.2358,2.2866,2.2866,2.2866,2.2866,2.2866,2.2866,2.2866,2.3374,2.3374,2.3882,2.439,2.4898,2.6423,2.8455,3.0996,3.3537,3.3537,3.3537,3.4045,3.4045,3.4045,3.4045,3.4553
Guiana,0.0,0.0,0.0,0.0,0.0,0.0,0.0,0.1271,0.1271,0.2543,0.6357,0.7628,0.89,1.0171,1.2714,1.2714,1.2714,1.3985,1.5256,1.5256,1.5256,1.5256,1.5256,2.0342,2.1613,2.4156,2.5427,2.797,2.797,3.1784,3.9413,5.2126,6.1026,7.374,8.5182,9.9167,11.6966,13.4765,14.4936,15.1293,16.2736,17.1635,17.7992,18.6892,19.1977,19.5791,19.8334,20.3419,20.8505,21.1048,21.6133,21.6133,21.8676,22.5033,23.0118,23.9018,24.1561,25.046,25.936,26.4445,27.7159,29.3687,31.4029,32.8014,34.7084,36.9969,38.904,42.0824,43.8623,45.6422
Haiti,0.0,0.0,0.0,0.0,0.0,0.0,0.0,0.0,0.0,0.0,0.0088,0.0263,0.0263,0.0526,0.0789,0.114,0.1754,0.2368,0.3859,0.4473,0.6402,0.7718,0.9121,0.991,1.219,1.2804,1.3769,1.447,1.6049,1.7189,1.7189,1.7628,1.8768,1.9206,1.9382,1.9908,2.0083,2.0171,2.0259,2.0346,2.0346,2.0346,2.0346,2.0346,2.0434,2.0434,2.0522,2.0522,2.0697,2.0697,2.0873,2.1048,2.1311,2.1486,2.1574,2.1662,2.1662,2.1925,2.2013,2.2013,2.2013,2.21,2.21,2.21,2.21,2.2188,2.2539,2.3153,2.403,2.5258
Santa Sé,0.0,0.0,0.0,0.0,0.0,0.0,0.0,0.0,0.0,0.0,0.0,0.0,0.0,0.0,0.0,0.0,0.0,0.0,0.0,0.0,0.0,0.0,0.0,0.0,0.0,0.0,0.0,0.0,0.0,0.0,0.0,0.0,0.0,0.0,0.0,0.0,0.0,0.0,0.0,0.0,0.0,0.0,0.0,0.0,0.0,0.0,0.0,0.0,0.0,0.0,0.0,0.0,0.0,0.0,0.0,0.0,0.0,0.0,0.0,0.0,0.0,0.0,0.0,0.0,0.0,0.0,0.0,0.0,0.0,0.0
Honduras,0.0,0.0,0.0,0.0,0.0,0.0,0.0,0.0,0.0,0.0707,0.2221,0.2625,0.4644,0.6462,0.939,1.2217,1.4842,1.8981,2.2717,2.7361,3.3318,4.089,5.0179,6.8352,8.1477,9.9752,12.2569,14.1348,15.2959,16.0834,17.194,19.0618,20.5359,21.071,22.2725,23.4537,24.7057,25.5235,26.0687,26.6442,27.3206,28.0677,28.6634,28.9663,29.461,29.7841,30.299,30.7534,31.4096,32.1668,33.2573,34.2366,35.1957,36.4881,38.2549,39.5069,40.7891,42.2733,43.3839,44.1512,45.3223,46.4329,47.3113,49.1993,50.2392,52.4301,54.3787,58.4475,60.7697,62.476
Hungria,0.0,0.0,0.0,0.0,0.0,0.0,0.0,0.0104,0.0932,0.1656,0.4865,1.2629,2.2049,3.0123,3.7576,4.3994,4.8342,5.1654,5.507,5.6934,5.8486,5.9315,6.0557,6.0971,6.1592,6.1695,6.1695,6.1903,6.2627,6.3041,6.3559,6.3766,6.4801,6.6871,7.184,7.8362,8.8299,10.3102,12.5358,15.8897,20.4237,26.8727,33.9636,41.4892,51.5199,63.3517,74.9145,87.5952,96.187,104.344,112.3458,119.2503,125.3888,131.0097,137.1482,143.235,149.5805,157.22,167.1368,178.3165,193.6058,211.5348,228.7495,248.2311,264.7937,279.3273,290.3104,298.043,303.0635,305.993
Islândia,0.0,0.0,0.0,0.0,0.0,0.0,0.0,1.4652,0.5861,0.5861,1.7583,2.3444,2.9305,2.9305,2.9305,2.9305,2.9305,2.9305,2.9305,2.9305,2.9305,2.9305,2.9305,2.9305,2.9305,2.9305,2.9305,2.9305,2.9305,2.9305,2.9305,2.9305,2.9305,2.9305,2.9305,2.9305,2.9305,2.9305,3.2235,3.2235,4.9818,7.0331,7.3262,7.6192,7.9123,8.2053,8.2053,8.2053,8.4983,8.4983,8.4983,8.4983,8.4983,8.4983,8.4983,8.4983,8.4983,8.4983,8.4983,8.4983,8.4983,8.4983,8.4983,8.4983,8.4983,8.4983,8.4983,8.4983,8.4983,8.4983
Índia,0.0,0.0,0.0,0.0,0.0,0.0,0.0,0.0002,0.0007,0.0025,0.0109,0.0285,0.0467,0.073,0.1227,0.175,0.2393,0.3148,0.4224,0.5616,0.8625,1.049,1.2609,1.4958,1.7615,2.082,2.4777,2.8837,3.3399,3.8325,4.3012,4.8067,5.3543,5.9468,6.5232,7.065,7.5764,8.0135,8.3995,8.6963,8.9573,9.2442,9.4922,9.7608,10.0088,10.2434,10.4417,10.6119,10.7564,10.8778,10.9803,11.0665,11.1394,11.2026,11.2501,11.298,11.3454,11.4018,11.4538,11.5249,11.6261,11.773,12.0418,12.4699,13.2284,14.5787,16.3904,18.42,20.5252,22.0086
Indonésia,0.0,0.0,0.0,0.0,0.0,0.0,0.0,0.0018,0.0201,0.0497,0.0808,0.1678,0.2252,0.2826,0.3188,0.3682,0.4464,0.5184,0.608,0.703,0.8157,0.9268,1.0515,1.2098,1.3564,1.5794,1.7918,1.9698,2.1292,2.2949,2.5073,2.7438,3.0089,3.2776,3.5964,3.8757,4.1583,4.3971,4.6555,4.94,5.1718,5.3966,5.6277,5.8902,6.2448,6.5808,6.987,7.4059,7.9346,8.4486,9.0102,9.7213,10.4079,11.1804,11.6904,12.2827,12.8011,13.3509,13.8039,14.1681,14.5746,14.8996,15.3468,15.6411,16.0048,16.4297,16.8676,17.3532,17.7231,18.0807
Irã,0.0,0.0,0.0,0.0,0.019,0.0917,0.3465,1.1763,2.3026,3.4503,4.6099,5.5755,6.3065,6.997,7.5483,8.0161,8.4757,8.9388,9.4556,10.0306,10.7926,11.7427,12.8785,14.2048,15.7287,17.4229,19.2242,20.9744,22.3828,23.7782,24.8842,25.8022,26.838,27.9226,29.3548,30.9383,32.6444,34.61,36.9483,39.645,43.0512,46.673,50.5531,54.4546,57.8953,60.6206,62.7076,64.2947,65.4174,66.3722,67.1009,67.8307,68.5296,69.1844,69.7975,70.3833,71.0333,71.7525,72.4668,73.1335,73.7574,74.4932,75.6087,77.4529,80.3937,83.9737,87.1728,89.9695,92.3077,93.8745
Iraque,0.0,0.0,0.0,0.0,0.0,0.0,0.0174,0.0273,0.0671,0.1243,0.1616,0.1939,0.2064,0.2238,0.2536,0.2785,0.3257,0.4202,0.5843,0.9746,1.7702,3.1102,4.8306,6.6754,8.3162,9.8204,11.2748,12.4731,13.751,15.0065,16.3988,17.709,19.0366,20.3021,21.5849,22.6789,23.6957,24.7871,25.7716,26.6617,27.5169,28.4219,29.2175,29.9111,30.5948,31.02,31.3606,31.6365,31.823,31.9622,32.099,32.2257,32.3451,32.4893,32.6534,32.7976,33.0934,33.4589,33.8567,34.3763,34.9705,35.5174,36.1365,36.7854,37.4417,38.1578,38.8042,39.366,39.8508,40.3108
Irlanda,0.0,0.0,0.0,0.0,0.0,0.0,0.0,0.0405,0.1418,1.4379,4.2529,8.2223,14.784,23.4721,27.1174,30.135,31.6134,32.707,33.5778,34.2461,34.6107,34.8334,35.1575,35.279,35.36,35.5017,35.7245,35.7245,35.9068,35.9473,35.9878,35.9878,36.008,36.1903,36.2916,36.5143,36.6764,37.0611,37.77,38.2763,38.9243,39.7547,40.4027,41.071,41.9014,42.5089,43.2177,43.9671,44.8177,46.215,48.544,54.8424,62.0926,69.2213,75.9855,80.6029,84.6736,87.7519,90.1619,92.1871,93.3617,94.7996,95.7312,97.2703,98.1614,98.9107,99.3968,99.8221,100.0651,100.0651
Israel,0.0,0.0,0.0,0.0,0.0,0.0,0.0,0.0,0.0462,0.2426,0.8318,1.4557,2.1836,2.4609,2.7728,3.0385,3.2349,3.2811,3.3736,3.4775,3.5353,3.5931,3.7779,4.0899,4.5173,5.2799,6.0077,7.1053,7.9949,9.0347,10.1322,11.1836,12.4082,13.76,15.7125,18.104,21.027,24.054,26.5495,28.837,30.2928,31.1824,31.9218,32.6496,33.2966,33.8743,34.8216,36.2312,38.0335,40.3903,43.5675,47.1375,52.14,56.461,60.262,62.8615,65.0913,66.8936,68.5457,69.8744,70.7293,71.5958,72.289,72.8898,73.3057,73.4674,73.583,73.687,73.8487,74.0104
Itália,0.0,0.0,0.0,0.0,0.0165,0.1307,1.0436,4.1398,11.2798,20.5551,28.327,34.8435,40.7662,45.25,48.4851,51.1248,53.2055,54.5055,55.4565,56.3049,56.9037,57.3502,57.5024,57.7207,57.8613,58.0085,58.0912,58.1706,58.2434,58.5576,58.6238,58.6998,58.8189,58.9347,59.1084,59.335,59.5913,59.9486,60.7077,62.3534,65.1849,70.0111,76.8485,84.8568,93.2175,101.2871,108.9233,115.5142,120.7853,126.2433,132.0155,137.5364,142.9365,147.7693,152.1654,155.7528,159.3534,162.5621,166.1859,170.3571,175.1171,180.0789,184.8224,190.3482,194.5575,198.3268,201.3469,203.9006,205.9101,207.2961
Jamaica,0.0,0.0,0.0,0.0,0.0,0.0,0.0,0.0,0.0338,0.0338,0.1013,0.1351,0.2026,0.2364,0.3039,0.3039,0.3039,0.3039,0.3039,0.3377,0.3377,0.3377,0.3377,0.3377,0.3377,0.3377,0.3377,0.4052,0.4728,0.4728,0.6416,0.7092,1.2157,1.5534,2.5328,3.4108,4.1538,4.9305,5.8761,6.619,7.2269,7.5646,7.801,8.2062,8.7128,8.9492,9.3206,9.7259,10.0636,10.3,10.6377,11.1105,11.4482,11.921,12.1236,12.7652,13.677,14.5888,15.5344,16.6826,18.3036,19.8233,21.0052,23.0315,24.9226,25.902,26.78,27.4892,29.6505,31.2377
Japão,0.0,0.0,0.0,0.0016,0.0024,0.0047,0.0103,0.0237,0.0332,0.053,0.0775,0.1344,0.2396,0.3447,0.4689,0.559,0.6365,0.6823,0.7132,0.7274,0.7385,0.763,0.7685,0.7756,0.778,0.7812,0.7915,0.8088,0.8365,0.8974,0.9638,1.0381,1.1053,1.1567,1.201,1.2398,1.2722,1.2927,1.3275,1.3647,1.4184,1.4548,1.4983,1.5521,1.6675,1.8454,2.0407,2.2747,2.527,2.9689,3.3034,3.705,4.1881,4.706,5.2199,5.6445,6.0051,6.3292,6.6091,6.8645,7.0432,7.2045,7.3144,7.4496,7.6552,7.9311,8.2553,8.7329,9.3322,9.7655
Jordânia,0.0,0.0,0.0,0.0,0.0,0.0,0.0,0.0,0.0,0.049,0.0588,0.0686,0.0686,0.0784,0.0882,0.0882,0.0882,0.0882,0.0882,0.0882,0.0882,0.0882,0.0882,0.098,0.098,0.1078,0.1078,0.1078,0.1078,0.1078,0.1372,0.147,0.1862,0.2548,0.3234,0.5587,1.1957,2.2052,4.0576,6.547,9.4775,13.5841,18.7099,23.3262,27.4622,30.9905,33.6857,35.5479,37.2533,38.6156,39.9485,40.8698,41.6343,42.4771,43.075,44.0159,44.9764,46.6131,49.4554,53.8756,59.5601,66.1267,72.3601,77.7898,82.0532,85.3365,87.7672,89.6881,91.0995,91.9717
Cazaquistão,0.0,0.0,0.0,0.0,0.0,0.0,0.0,0.0,0.0,0.0107,0.032,0.0746,0.1012,0.1331,0.1544,0.1704,0.1864,0.1971,0.2343,0.3249,0.4687,0.7137,1.0012,1.406,1.9972,3.1156,4.2233,5.9063,7.6318,8.7076,9.4852,9.6662,10.1349,10.4651,10.7367,10.9178,11.1042,11.2693,11.477,11.6687,12.0415,12.0735,12.3557,12.638,12.9629,13.5487,13.9162,14.257,14.6991,14.7789,15.3328,15.4127,16.1636,16.2276,16.6536,16.7442,16.8027,16.8826,16.9732,17.0211,17.0797,17.1915,17.3034,17.4471,17.559,17.7134,17.8785,18.0117,18.1235,18.262
Quénia,0.0,0.0,0.0,0.0,0.0,0.0,0.0,0.0,0.0,0.0019,0.0112,0.0167,0.026,0.026,0.0446,0.067,0.093,0.0967,0.132,0.1637,0.1953,0.238,0.2752,0.3106,0.3757,0.4649,0.5561,0.7216,0.8146,0.9057,1.0396,1.0731,1.114,1.1791,1.2256,1.3148,1.3818,1.4636,1.5659,1.737,1.9323,2.1461,2.4214,2.6204,2.7412,2.8733,2.983,3.063,3.0964,3.1429,3.1913,3.2248,3.2545,3.2843,3.3271,3.3419,3.4163,3.4647,3.5074,3.58,3.8087,3.9928,4.1993,4.4522,4.6847,4.9562,5.2165,5.4453,5.6182,5.7149
Coreia do Sul,0.0,0.0,0.0,0.0,0.0195,0.0546,0.1053,0.158,0.2341,0.316,0.3745,0.433,0.4623,0.4798,0.4974,0.5052,0.513,0.5247,0.5325,0.5383,0.5442,0.5481,0.55,0.5559,0.5637,0.5793,0.5851,0.589,0.5949,0.5968,0.6086,0.6359,0.671,0.7158,0.7568,0.8056,0.829,0.8543,0.8777,0.8992,0.9245,0.9499,0.9674,1.0006,1.026,1.0845,1.1937,1.4414,1.7145,2.0032,2.3113,2.5356,2.6878,2.8107,2.8984,2.9999,3.074,3.1442,3.2144,3.2885,3.3295,3.3763,3.4251,3.4758,3.5226,3.5518,3.6026,3.6747,3.7293,3.78
Kosovo,0.0,0.0,0.0,0.0,0.0,0.0,0.0,0.0,0.0553,0.0553,0.1658,0.4421,0.8288,1.2156,1.4367,1.5472,1.6024,1.6577,1.6577,1.713,1.8235,2.0445,2.7076,4.3653,5.9677,7.9569,10.6093,14.864,19.5608,22.9867,26.9652,29.4517,31.3857,33.2092,33.9828,34.5353,35.0879,35.8615,36.3036,36.6351,38.9559,42.7133,46.0287,51.8859,56.6932,62.8267,67.413,69.7338,73.2149,74.8726,76.6408,77.967,81.0061,82.7743,84.3215,85.5371,87.0291,89.2946,91.4496,95.207,96.8095,103.1087,107.3082,110.7341,116.3151,117.9175,117.9175,122.559,123.2774,123.9957
Kuwait,0.0,0.0,0.0,0.0,0.0,0.0,0.0,0.0,0.0,0.0,0.0234,0.0702,0.2576,0.5386,0.9366,1.7562,2.8333,4.0276,5.292,6.3926,7.0951,7.821,8.2893,8.8279,9.2728,9.6474,10.3499,10.8885,11.3802,11.8251,12.1529,12.5042,12.832,13.3003,13.7687,14.2136,14.799,15.7356,16.7191,17.7026,18.4753,19.2246,19.8568,20.372,20.6296,21.0745,21.3789,21.613,21.8238,21.9643,22.1516,22.2453,22.4092,22.4794,22.8307,23.7439,24.7508,25.5704,26.7177,27.7715,29.1764,30.6282,32.1503,33.2274,34.3748,35.9437,37.4891,38.8707,39.8307,40.7674
Quirguistão,0.0,0.0,0.0,0.0,0.0,0.0,0.0,0.0,0.0,0.0,0.0613,0.0766,0.1073,0.1226,0.1686,0.1839,0.2146,0.2452,0.2606,0.3679,0.4598,0.6438,0.935,1.64,2.2838,16.5384,20.3703,21.8724,22.6541,22.9607,22.9607,16.2319,16.2472,16.2932,16.2932,16.3085,16.3392,16.7377,17.0596,17.4121,17.826,18.2091,18.5004,19.0215,19.5426,19.9412,20.1864,20.4623,20.7382,20.8455,21.0754,21.336,21.5352,21.6732,21.9644,22.133,22.3782,22.5009,22.6235,22.7614,22.8687,22.9607,23.1293,23.4818,23.865,24.3555,24.9839,25.551,26.3328,26.9305
Laos,0.0,0.0,0.0,0.0,0.0,0.0,0.0,0.0,0.0,0.0,0.0,0.0,0.0,0.0,0.0,0.0,0.0,0.0,0.0,0.0,0.0,0.0,0.0,0.0,0.0,0.0,0.0,0.0,0.0,0.0,0.0,0.0,0.0,0.0,0.0,0.0,0.0,0.0,0.0,0.0,0.0,0.0,0.0,0.0,0.0,0.0,0.0,0.0,0.0,0.0,0.0,0.0,0.0,0.0,0.0,0.0,0.0,0.0,0.0,0.0,0.0,0.0,0.0,0.0,0.0,0.0,0.0,0.0137,0.0275,0.0275
Letónia,0.0,0.0,0.0,0.0,0.0,0.0,0.0,0.0,0.0,0.0,0.106,0.2651,0.4772,0.6892,0.9013,0.9543,1.1134,1.1664,1.2724,1.3784,1.4845,1.5905,1.5905,1.5905,1.6435,1.6435,1.6435,1.6965,1.6965,1.7496,1.7496,1.8026,1.8556,1.8556,1.9086,1.9616,2.1207,2.1737,2.4918,3.3401,4.1883,5.4607,6.9982,9.2779,11.1335,15.2688,18.927,24.3347,31.9691,38.2781,46.7607,53.6529,59.6968,64.6274,72.2618,78.7828,83.2362,86.8414,90.3935,94.2107,97.5507,100.3606,102.6934,106.1394,109.7976,111.8652,114.4631,117.538,120.8781,123.4229
Líbano,0.0,0.0,0.0,0.0,0.0,0.0,0.0147,0.044,0.0586,0.1758,0.2784,0.3077,0.3077,0.3516,0.3663,0.3809,0.3809,0.3809,0.3956,0.4395,0.4688,0.4688,0.4981,0.5274,0.5421,0.6007,0.7912,0.9523,1.2746,1.5677,2.0218,2.5053,3.0328,3.6921,4.6151,5.289,6.212,7.0179,7.7797,8.6441,9.7723,10.9736,12.2922,13.6841,15.1345,16.6436,17.9182,19.2075,20.951,22.4015,24.9801,29.5951,36.2907,47.2643,54.751,59.9521,65.1386,70.3983,75.2185,80.1999,85.7087,90.6022,94.9242,98.7188,102.4842,105.4437,107.949,110.2785,111.9487,112.5787
Lesoto,0.0,0.0,0.0,0.0,0.0,0.0,0.0,0.0,0.0,0.0,0.0,0.0,0.0,0.0,0.0,0.0,0.0,0.0,0.0,0.0,0.0,0.0,0.0,0.0,0.14,0.2801,0.5602,0.9803,1.1203,1.4004,1.4004,1.4471,1.4471,1.5404,1.5404,1.6338,1.8205,1.9606,2.0072,2.0072,2.0539,2.0539,2.0539,2.0539,2.0539,2.0539,2.0539,2.2406,2.3807,3.0342,3.9678,4.7147,6.8153,8.0289,9.6627,11.8567,13.5839,13.7706,14.4241,14.4241,14.6575,14.7042,14.7042,14.7042,14.7509,14.7509,14.8442,14.8909,14.9376,15.2177
Libéria,0.0,0.0,0.0,0.0,0.0,0.0,0.0,0.0,0.0,0.0,0.0593,0.1186,0.1582,0.3164,0.3954,0.3954,0.4548,0.5141,0.5536,0.6129,0.6525,0.6722,0.7118,0.8106,1.0084,1.384,1.4236,1.5422,1.6015,1.6213,1.6213,1.6213,1.6213,1.6213,1.6213,1.6213,1.6213,1.6213,1.6213,1.6213,1.6213,1.6213,1.6213,1.6213,1.6411,1.6411,1.6411,1.6411,1.6411,1.6411,1.6608,1.6608,1.6608,1.6608,1.6608,1.6806,1.6806,1.6806,1.6806,1.6806,1.6806,1.6806,1.6806,1.6806,1.6806,1.6806,1.6806,1.6806,1.6806,1.7004
Líbia,0.0,0.0,0.0,0.0,0.0,0.0,0.0,0.0,0.0,0.0,0.0146,0.0146,0.0146,0.0291,0.0437,0.0437,0.0437,0.0437,0.0728,0.0728,0.1455,0.2474,0.3493,0.5094,0.6112,0.7277,0.9751,1.3971,1.921,2.3867,2.9543,3.5219,4.5697,5.5739,6.6945,7.8588,8.7611,9.547,10.8568,11.8173,12.9961,13.9275,15.15,16.1542,17.4058,18.2644,19.1958,20.1563,21.015,22.3539,23.6055,24.7406,26.0359,27.5931,28.8446,29.8488,30.9258,32.2501,33.4289,35.0152,37.3147,38.6827,40.2399,41.1858,42.4811,43.8054,44.373,44.7805,45.0716,45.2899
Liechtenstein,0.0,0.0,0.0,0.0,0.0,0.0,0.0,0.0,0.0,0.0,2.6227,2.6227,2.6227,2.6227,2.6227,2.6227,2.6227,2.6227,2.6227,2.6227,2.6227,2.6227,2.6227,2.6227,2.6227,2.6227,2.6227,2.6227,2.6227,2.6227,2.6227,2.6227,2.6227,2.6227,2.6227,2.6227,2.6227,2.6227,2.6227,2.6227,7.8682,10.491,20.982,34.0957,41.9639,49.8321,55.0776,73.4368,99.6643,118.0235,128.5145,131.1372,136.3827,136.3827,136.3827,139.0055,141.6282,141.6282,144.2509,146.8737,146.8737,146.8737,146.8737,146.8737,146.8737,149.4964,149.4964,152.1192,152.1192,152.1192
Lituânia,0.0,0.0,0.0,0.0,0.0,0.0,0.0,0.0,0.0367,0.1469,0.4041,0.5877,0.9551,1.1755,1.2122,1.4326,1.653,1.8734,2.0204,2.1306,2.204,2.2408,2.2408,2.2775,2.2775,2.3142,2.3142,2.3142,2.351,2.351,2.4979,2.5346,2.5346,2.6081,2.6081,2.8285,3.0856,3.306,3.857,4.7387,6.2447,8.412,12.0854,17.522,23.5464,31.5543,40.848,51.2436,62.2638,74.0186,83.753,91.761,98.8506,104.5811,109.1728,113.6911,117.1441,119.8624,122.7276,125.4826,128.605,130.9927,133.0865,136.3926,139.0374,142.4169,146.0536,148.8821,151.5636,154.0983
Luxemburgo,0.0,0.0,0.0,0.0,0.0,0.0,0.0,0.1598,1.278,3.6743,7.029,11.0228,12.4605,14.2178,15.336,16.2945,17.4128,17.5725,17.5725,17.5725,17.5725,17.5725,17.5725,17.5725,17.7323,17.7323,18.0518,18.8505,19.4895,19.809,19.809,19.809,19.809,19.809,19.809,19.809,20.448,21.2468,21.726,23.4833,26.6783,31.6305,38.34,45.2093,52.7175,57.51,66.7755,72.3668,78.1178,82.1115,85.9455,89.46,91.0575,93.6135,95.85,97.767,100.4828,102.3998,106.713,111.3458,115.9785,118.6943,121.5698,124.1258,125.5635,126.3623,127.8,128.7585,129.078,129.3975
MS Zaandam,0.0,0.0,0.0,0.0,0.0,0.0,0.0,0.0,0.0,0.0,109.3494,109.3494,109.3494,109.3494,109.3494,109.3494,109.3494,109.3494,109.3494,109.3494,109.3494,109.3494,109.3494,109.3494,109.3494,109.3494,109.3494,109.3494,109.3494,109.3494,109.3494,109.3494,109.3494,109.3494,109.3494,109.3494,109.3494,109.3494,109.3494,109.3494,109.3494,109.3494,109.3494,109.3494,109.3494,109.3494,109.3494,109.3494,109.3494,109.3494,109.3494,109.3494,109.3494,109.3494,109.3494,109.3494,109.3494,109.3494,109.3494,109.3494,109.3494,109.3494,109.3494,109.3494,109.3494,109.3494,109.3494,109.3494,109.3494,109.3494
Madagascar,0.0,0.0,0.0,0.0,0.0,0.0,0.0,0.0,0.0,0.0,0.0,0.0,0.0,0.0,0.0,0.0,0.0072,0.0072,0.0217,0.0325,0.0433,0.0542,0.0722,0.1192,0.1408,0.2347,0.3358,0.4442,0.5489,0.6248,0.6428,0.7042,0.7439,0.7728,0.8161,0.827,0.845,0.8559,0.8595,0.8812,0.8812,0.8992,0.9028,0.9064,0.9064,0.9209,0.9353,0.9389,0.9425,0.9462,0.9642,0.9859,1.0075,1.0148,1.0292,1.0545,1.0725,1.0725,1.0834,1.2098,1.3037,1.4553,1.6684,1.849,2.0332,2.2173,2.4629,2.6435,2.7951,2.9107
Malawi,0.0,0.0,0.0,0.0,0.0,0.0,0.0,0.0,0.0,0.0,0.0052,0.0105,0.0105,0.0157,0.0157,0.0157,0.0157,0.0209,0.0209,0.0209,0.0314,0.0575,0.0732,0.0993,0.2091,0.3346,0.5384,0.6691,0.7946,0.8521,0.8887,0.9148,0.92,0.9305,0.9357,0.9357,0.9409,0.9462,0.9514,0.9566,0.9618,0.9671,0.9671,0.9671,0.9671,0.9723,0.9775,0.9775,0.9828,1.0403,1.2284,1.7564,2.8228,3.7951,4.6158,5.0601,5.3529,5.5045,5.6142,5.6874,5.7449,5.8338,5.8756,5.9226,5.9697,5.9958,6.0063,6.0272,6.0272,6.0324
Malásia,0.0,0.0,0.0,0.0,0.0,0.0,0.0,0.0062,0.0494,0.1329,0.1946,0.2534,0.2842,0.309,0.3275,0.3368,0.3522,0.3553,0.3553,0.3615,0.3738,0.3738,0.3738,0.3738,0.3769,0.38,0.3831,0.3862,0.3862,0.3862,0.3862,0.3955,0.3955,0.3955,0.4017,0.414,0.4356,0.5036,0.5963,0.7353,0.8126,0.9269,0.9825,1.0536,1.1215,1.1988,1.3038,1.3564,1.412,1.5726,1.7271,1.9125,2.1628,2.4439,2.8085,3.0371,3.3245,3.5253,3.6643,3.7632,3.8435,3.9084,4.0166,4.1556,4.2915,4.5171,4.8631,5.3204,6.1608,7.134
Maldivas,0.0,0.0,0.0,0.0,0.0,0.0,0.0,0.0,0.0,0.0,0.0,0.0,0.0,0.0,0.37,0.555,0.74,0.925,1.295,1.48,1.48,1.48,1.665,2.22,2.59,2.775,2.775,3.515,3.7,4.44,5.18,5.365,5.365,6.105,6.29,6.29,6.29,6.475,6.845,6.845,7.03,7.585,8.3249,8.5099,8.6949,8.6949,8.8799,8.8799,8.8799,8.8799,9.0649,9.0649,9.4349,9.6199,10.3599,10.7299,11.0999,11.4699,11.8399,11.8399,12.2099,12.2099,12.3949,12.3949,13.1349,13.1349,13.6899,16.0949,19.4249,25.7148
Mali,0.0,0.0,0.0,0.0,0.0,0.0,0.0,0.0,0.0,0.0099,0.0247,0.0642,0.0691,0.1185,0.158,0.1975,0.2617,0.3457,0.3852,0.4642,0.5136,0.5481,0.5728,0.5876,0.5975,0.6024,0.6123,0.6123,0.6173,0.6173,0.6173,0.6222,0.6271,0.6321,0.637,0.6469,0.6469,0.6518,0.6518,0.6716,0.6716,0.6765,0.6963,0.7308,0.7901,0.8889,1.0123,1.1111,1.2938,1.4024,1.4962,1.5654,1.6147,1.6444,1.674,1.6888,1.7184,1.753,1.7678,1.7975,1.837,1.8962,1.9555,2.0592,2.1925,2.3505,2.4295,2.4987,2.5234,2.5382
Malta,0.0,0.0,0.0,0.0,0.0,0.0,0.0,0.0,0.0,0.0,0.0,0.6794,0.6794,0.9059,1.1324,1.1324,1.3589,1.3589,2.0383,2.0383,2.0383,2.0383,2.0383,2.0383,2.0383,2.0383,2.0383,2.0383,2.0383,2.0383,2.2648,2.7177,3.1707,3.6237,5.209,7.7003,9.0591,9.9651,10.418,12.4563,14.9476,18.3448,22.8743,26.498,31.9335,35.5571,40.0867,44.3898,48.6929,51.1841,52.996,54.8078,57.752,61.1492,64.3199,67.2641,69.3024,72.2466,75.8703,80.8528,84.9294,88.3266,90.3649,91.2708,93.0827,93.5356,94.2151,94.4415,94.4415,94.4415
Ilhas Marshall,0.0,0.0,0.0,0.0,0.0,0.0,0.0,0.0,0.0,0.0,0.0,0.0,0.0,0.0,0.0,0.0,0.0,0.0,0.0,0.0,0.0,0.0,0.0,0.0,0.0,0.0,0.0,0.0,0.0,0.0,0.0,0.0,0.0,0.0,0.0,0.0,0.0,0.0,0.0,0.0,0.0,0.0,0.0,0.0,0.0,0.0,0.0,0.0,0.0,0.0,0.0,0.0,0.0,0.0,0.0,0.0,0.0,0.0,0.0,0.0,0.0,0.0,0.0,0.0,0.0,0.0,0.0,0.0,0.0,0.0
Mauritânia,0.0,0.0,0.0,0.0,0.0,0.0,0.0,0.0,0.0,0.0215,0.0215,0.0215,0.0215,0.0215,0.0215,0.0215,0.086,0.2796,0.6667,1.3119,2.0001,2.4518,2.7744,2.9034,3.1615,3.3336,3.3551,3.3766,3.3766,3.3766,3.3981,3.4196,3.4411,3.4626,3.4626,3.4626,3.4841,3.5056,3.5056,3.5056,3.5271,3.5486,3.5486,3.6347,3.8067,4.2369,5.0756,6.237,7.1833,7.8931,8.4307,8.7103,8.9899,9.0974,9.1835,9.2695,9.3985,9.4846,9.5061,9.5491,9.6136,9.6566,9.6781,9.6996,9.7642,9.7857,9.7857,9.8072,9.8287,9.8932
Ilhas Maurício,0.0,0.0,0.0,0.0,0.0,0.0,0.0,0.0,0.1573,0.3932,0.5504,0.7077,0.7077,0.7863,0.7863,0.7863,0.7863,0.7863,0.7863,0.7863,0.7863,0.7863,0.7863,0.7863,0.7863,0.7863,0.7863,0.7863,0.7863,0.7863,0.7863,0.7863,0.7863,0.7863,0.7863,0.7863,0.7863,0.7863,0.7863,0.7863,0.7863,0.7863,0.7863,0.7863,0.7863,0.7863,0.7863,0.7863,0.7863,0.7863,0.7863,0.7863,0.7863,0.7863,0.7863,0.7863,0.7863,0.7863,0.7863,0.7863,0.7863,0.7863,0.9436,1.1795,1.1795,1.3367,1.3367,1.3367,1.3367,1.3367
México,0.0,0.0,0.0,0.0,0.0,0.0,0.0,0.0,0.0039,0.0225,0.1094,0.3149,0.6647,1.2169,1.9444,3.045,4.3945,6.3087,8.25,11.3617,14.2012,18.1312,21.5376,24.83,28.1752,31.3342,34.8057,37.9027,41.8272,44.8094,47.6605,50.6008,53.1161,55.5933,57.6642,59.8475,63.869,65.476,67.394,69.6596,71.815,74.3349,76.8044,79.6842,82.8067,85.9937,89.2706,92.6801,96.0539,99.9141,105.2347,110.7802,117.9033,123.7335,130.6355,136.4944,141.0107,145.1819,148.7512,151.3339,154.3813,157.1618,158.986,163.0943,165.2396,167.1778,168.8787,170.1065,171.2102,171.9462
Estados Federados da Micronésia,0.0,0.0,0.0,0.0,0.0,0.0,0.0,0.0,0.0,0.0,0.0,0.0,0.0,0.0,0.0,0.0,0.0,0.0,0.0,0.0,0.0,0.0,0.0,0.0,0.0,0.0,0.0,0.0,0.0,0.0,0.0,0.0,0.0,0.0,0.0,0.0,0.0,0.0,0.0,0.0,0.0,0.0,0.0,0.0,0.0,0.0,0.0,0.0,0.0,0.0,0.0,0.0,0.0,0.0,0.0,0.0,0.0,0.0,0.0,0.0,0.0,0.0,0.0,0.0,0.0,0.0,0.0,0.0,0.0,0.0
Moldávia,0.0,0.0,0.0,0.0,0.0,0.0,0.0,0.0,0.0248,0.0992,0.5454,0.9916,1.7848,2.5533,3.3714,4.5117,5.4785,6.6188,7.6104,9.0482,10.486,12.1469,13.5103,14.9481,16.2371,17.5262,18.6665,20.0795,21.2446,22.5089,23.7979,24.9878,26.9462,28.3344,30.4911,32.4743,34.4326,37.0603,40.0847,42.3901,45.5631,47.8438,50.9177,54.2395,57.5861,60.9822,65.0725,69.485,72.7324,76.1038,78.7315,81.3592,83.8134,85.8213,88.5729,91.1758,94.7703,99.2077,102.8765,109.1235,114.6019,121.8405,129.5004,134.8054,139.2179,142.8372,145.4897,147.9934,149.8031,150.7203
Mónaco,0.0,0.0,0.0,0.0,0.0,0.0,0.0,0.0,0.0,2.5483,2.5483,2.5483,7.6449,10.1932,10.1932,10.1932,10.1932,10.1932,10.1932,10.1932,10.1932,10.1932,10.1932,10.1932,10.1932,10.1932,10.1932,10.1932,10.1932,10.1932,10.1932,10.1932,2.5483,2.5483,2.5483,5.0966,5.0966,5.0966,5.0966,5.0966,5.0966,5.0966,7.6449,7.6449,7.6449,7.6449,7.6449,7.6449,7.6449,7.6449,17.838,22.9346,22.9346,43.3209,48.4175,53.5141,58.6107,63.7073,66.2555,68.8038,68.8038,71.3521,76.4487,78.997,78.997,81.5453,81.5453,81.5453,81.5453,81.5453
Mongólia,0.0,0.0,0.0,0.0,0.0,0.0,0.0,0.0,0.0,0.0,0.0,0.0,0.0,0.0,0.0,0.0,0.0,0.0,0.0,0.0,0.0,0.0,0.0,0.0,0.0,0.0,0.0,0.0,0.0,0.0,0.0,0.0,0.0,0.0,0.0,0.0,0.0,0.0,0.0,0.0,0.0,0.0,0.0,0.0,0.0,0.0,0.0,0.0,0.0305,0.0305,0.061,0.061,0.061,0.061,0.061,0.061,0.061,0.061,0.0915,0.122,0.1525,0.183,0.3965,0.8846,1.7082,2.6843,3.9655,5.6127,6.9243,7.7784
Montenegro,0.0,0.0,0.0,0.0,0.0,0.0,0.0,0.0,0.1592,0.3184,0.3184,0.6369,0.7961,1.1145,1.2738,1.433,1.433,1.433,1.433,1.433,1.433,1.433,1.9106,2.7067,3.8213,5.5727,7.1649,8.4386,11.3045,12.7375,13.852,16.2403,17.8325,19.5839,23.246,26.1119,29.9332,33.9136,39.3271,43.7852,51.2685,55.5674,64.4837,71.6485,80.2463,87.4112,95.0537,101.4225,107.7912,111.294,116.2298,119.255,123.7131,130.2411,135.6545,144.8892,154.2831,162.881,173.8671,183.261,194.2471,201.5712,211.1243,221.4735,229.4345,235.3256,241.3759,245.9933,249.0184,250.6106
Marrocos,0.0,0.0,0.0,0.0,0.0,0.0,0.0027,0.0054,0.0135,0.0975,0.2438,0.3414,0.3928,0.447,0.4904,0.5093,0.5229,0.5473,0.5581,0.5689,0.5744,0.5798,0.6177,0.6502,0.6963,0.7586,0.8859,1.1298,1.444,1.9344,2.5873,3.2078,3.8661,4.4648,5.1178,5.8303,6.5293,7.2743,8.2009,9.3334,10.5661,11.9884,13.362,14.8169,16.0252,17.2579,18.1818,19.046,19.8155,20.5388,21.0888,21.7038,22.1806,22.5112,22.8227,23.0395,23.2291,23.4215,23.5569,23.6707,23.7737,23.8766,24.0175,24.153,24.2722,24.3968,24.4862,24.6081,24.6677,24.7246
Moçambique,0.0,0.0,0.0,0.0,0.0,0.0,0.0,0.0,0.0,0.0,0.0,0.0,0.0,0.0,0.0,0.0,0.0,0.0032,0.0064,0.0064,0.0128,0.016,0.0192,0.0256,0.0288,0.0352,0.0352,0.048,0.0544,0.0608,0.0672,0.0736,0.0896,0.1184,0.144,0.1888,0.2144,0.2336,0.2496,0.2848,0.3039,0.3167,0.3775,0.4063,0.4191,0.4351,0.4607,0.4799,0.5183,0.5471,0.6431,0.8095,1.1614,1.2894,1.5357,1.7629,1.9389,2.1276,2.2396,2.342,2.3996,2.4604,2.5116,2.5404,2.566,2.6043,2.6139,2.6427,2.6491,2.6587
Namíbia,0.0,0.0,0.0,0.0,0.0,0.0,0.0,0.0,0.0,0.0,0.0,0.0,0.0,0.0,0.0,0.0,0.0,0.0,0.0,0.0,0.0,0.0,0.0,0.0,0.0787,0.2755,0.3148,0.4723,0.7478,1.4562,2.2433,3.1878,3.5814,4.1717,4.5653,4.7621,4.9195,5.0769,5.195,5.2344,5.2344,5.2737,5.5098,5.7066,5.9428,6.0215,6.4544,7.1234,7.6744,8.737,10.39,11.6494,12.9088,13.9714,14.8372,15.4276,16.1753,16.9231,17.4741,18.6548,19.5993,20.4651,21.331,23.0626,23.9285,24.9517,25.3059,27.3918,28.848,30.4616
Nepal,0.0,0.0,0.0,0.0,0.0,0.0,0.0,0.0,0.0,0.0,0.0,0.0,0.0,0.0,0.0,0.0,0.0069,0.0137,0.0275,0.0515,0.0652,0.0824,0.0995,0.1201,0.1304,0.1373,0.1682,0.1991,0.2849,0.3913,0.5629,0.8203,1.0502,1.2733,1.4724,1.6852,1.9323,2.2755,2.6255,3.0065,3.4458,3.94,4.2798,4.6711,5.2477,5.6183,5.9375,6.1709,6.315,6.4969,6.6308,6.7578,6.9225,6.9671,7.0255,7.0529,7.0873,9.5309,10.3374,10.3443,10.3615,10.3992,10.4198,10.4953,10.6463,10.9621,11.7274,14.0166,18.571,22.4149
Países Baixos,0.0,0.0,0.0,0.0,0.0,0.0,0.0233,0.251,1.6166,6.0695,12.3024,17.2455,22.9298,26.7408,30.2599,32.2675,33.4639,34.2868,34.9346,35.3081,35.5357,35.6816,35.7867,35.8976,35.9267,35.9326,36.0551,36.0084,36.0551,36.166,36.3761,36.5337,36.6446,36.7671,36.9889,37.6017,38.1561,39.0374,40.117,42.0429,44.5874,47.9198,50.7095,53.1723,55.5475,57.526,59.8429,62.5625,65.9766,69.5774,73.9078,77.4094,80.3741,82.977,85.3756,87.8326,90.2604,92.0637,93.6453,94.8417,96.149,97.2111,98.1974,99.3179,100.2575,101.1271,101.985,102.9946,103.5432,104.0393
Nova Zelândia,0.0,0.0,0.0,0.0,0.0,0.0,0.0,0.0,0.0,0.0207,0.0207,0.1866,0.2696,0.394,0.4355,0.4355,0.4355,0.4355,0.4562,0.4562,0.4562,0.4562,0.4562,0.4562,0.4562,0.4562,0.4562,0.4562,0.4562,0.4562,0.4562,0.4562,0.4977,0.5184,0.5184,0.5184,0.5184,0.5184,0.5184,0.5184,0.5184,0.5184,0.5184,0.5184,0.5184,0.5184,0.5184,0.5184,0.5184,0.5184,0.5184,0.5184,0.5184,0.5184,0.5184,0.5392,0.5392,0.5392,0.5392,0.5392,0.5392,0.5392,0.5392,0.5392,0.5392,0.5392,0.5392,0.5392,0.5392,0.5392
Nicarágua,0.0,0.0,0.0,0.0,0.0,0.0,0.0,0.0,0.0,0.0151,0.0151,0.0151,0.0302,0.0453,0.0755,0.1208,0.2566,0.5283,0.6944,0.8302,0.9661,1.1171,1.2529,1.3737,1.4944,1.6303,1.7511,1.8567,1.9322,2.0077,2.0681,2.1284,2.1737,2.219,2.2492,2.2794,2.2794,2.3247,2.3398,2.3549,2.3549,2.3851,2.4002,2.4153,2.4304,2.4454,2.4454,2.4605,2.4907,2.5058,2.5209,2.536,2.5511,2.5662,2.5813,2.5964,2.6115,2.6266,2.6417,2.6568,2.6719,2.687,2.7021,2.7172,2.7323,2.7474,2.7625,2.7775,2.7926,2.7926
Níger,0.0,0.0,0.0,0.0,0.0,0.0,0.0,0.0,0.0,0.0124,0.0454,0.0578,0.0826,0.1281,0.157,0.1942,0.2272,0.2603,0.2685,0.2685,0.2727,0.2768,0.2768,0.2809,0.2809,0.285,0.285,0.285,0.285,0.285,0.285,0.285,0.285,0.285,0.285,0.285,0.285,0.285,0.285,0.285,0.285,0.285,0.2892,0.2892,0.3098,0.3264,0.3387,0.3677,0.4214,0.4544,0.5577,0.6031,0.6321,0.6692,0.6899,0.6982,0.7105,0.7105,0.7312,0.756,0.7643,0.7684,0.7766,0.7808,0.789,0.789,0.7932,0.7932,0.7932,0.7932
Nigéria,0.0,0.0,0.0,0.0,0.0,0.0,0.0,0.0,0.0005,0.001,0.0029,0.0053,0.0107,0.0213,0.0475,0.0766,0.0931,0.1208,0.1523,0.1771,0.2207,0.2586,0.2862,0.3245,0.3658,0.3905,0.4211,0.4414,0.4638,0.4759,0.4885,0.4963,0.5176,0.5278,0.5336,0.539,0.5399,0.5414,0.5457,0.5506,0.5584,0.5627,0.5642,0.5671,0.5705,0.5734,0.5821,0.5972,0.6146,0.6399,0.6661,0.7102,0.7383,0.7825,0.8218,0.862,0.9091,0.9329,0.9644,0.9789,0.9853,0.9974,0.9984,0.9998,0.9998,1.0008,1.0008,1.0017,1.0027,1.0027
Macedônia do Norte,0.0,0.0,0.0,0.0,0.0,0.0,0.0,0.0,0.096,0.432,1.248,2.112,2.6399,3.4079,4.1279,4.4159,5.0879,5.5679,6.7679,7.5359,9.6478,12.0478,14.4957,16.8477,18.6716,20.7356,22.6076,24.2395,25.3915,26.3515,27.5035,28.9914,30.2874,31.7274,33.8393,35.3753,36.8633,38.3993,40.7992,45.5511,50.351,56.9269,66.0467,74.9265,86.0143,94.8941,104.11,112.3178,118.7017,122.8296,127.0535,130.8454,134.9734,137.9013,141.8372,144.1412,148.0771,151.245,154.941,161.4688,169.3407,179.9485,193.0522,205.868,216.4278,227.6116,239.6113,246.4752,251.1311,255.787
Noruega,0.0,0.0,0.0,0.0,0.0,0.0,0.0,0.0553,0.2214,0.7194,1.6417,2.564,3.3572,3.7999,3.9659,4.2057,4.2979,4.3348,4.3717,4.4086,4.4639,4.5746,4.6115,4.6299,4.6668,4.7037,4.7037,4.7222,4.7222,4.8328,4.8697,4.8697,4.8697,4.8882,4.9251,5.0542,5.0726,5.1095,5.128,5.1649,5.2018,5.2571,5.4969,5.792,6.161,6.659,7.2862,7.4706,7.9871,8.3376,8.891,9.6841,10.1453,10.4773,10.754,10.9385,11.2151,11.4918,11.6578,11.8239,11.9714,12.1928,12.4879,12.6908,13.0782,13.5762,13.9636,14.1481,14.2772,14.4247
Omã,0.0,0.0,0.0,0.0,0.0,0.0,0.0,0.0,0.0,0.0196,0.0392,0.0783,0.1567,0.1958,0.2546,0.3329,0.5287,0.7245,1.1554,1.6253,2.2324,2.7415,3.4465,4.3865,5.346,6.5993,7.8721,8.2442,10.4374,11.6907,12.5719,13.4923,14.5301,15.6072,16.9388,18.3095,19.3866,20.6203,21.9715,23.5576,24.7522,25.7704,26.4362,27.2391,28.0028,28.4728,28.884,29.1778,29.3149,29.4128,29.5303,29.6869,29.8436,30.0002,30.0786,30.2352,30.4898,30.9402,31.2731,31.606,31.9781,32.683,33.8384,35.2092,37.3828,39.0081,40.3789,42.063,43.4533,44.5304
Paquistão,0.0,0.0,0.0,0.0,0.0,0.0,0.0,0.0,0.0036,0.0122,0.0276,0.0503,0.096,0.1553,0.2553,0.3445,0.4459,0.5546,0.7642,1.0209,1.3468,1.6999,1.9897,2.2282,2.4383,2.57,2.6551,2.7158,2.767,2.8023,2.8317,2.8512,2.8788,2.8942,2.9118,2.9331,2.9585,2.9883,3.0295,3.0599,3.1088,3.1785,3.2731,3.5325,3.6968,3.8693,4.0789,4.3265,4.5484,4.7358,4.8766,5.0264,5.1835,5.3429,5.4905,5.6299,5.753,5.8911,6.0319,6.1822,6.3221,6.5344,6.8024,7.132,7.515,7.936,8.2891,8.6965,8.989,9.1936
Panamá,0.0,0.0,0.0,0.0,0.0,0.0,0.0,0.0232,0.1391,0.6953,1.2747,2.1786,3.152,3.8704,4.867,5.8404,6.5125,7.2542,8.158,9.34,10.5915,12.4225,14.6242,18.5178,22.2492,26.8612,31.2647,35.2742,38.9361,41.9258,44.4752,46.7696,48.8323,50.6864,52.9577,54.7886,56.55,58.1955,59.9105,61.417,63.2943,65.2874,67.0488,69.2042,71.7999,75.1141,79.0541,84.176,91.1521,98.2208,105.7068,112.7291,119.0563,123.7379,128.1877,131.0615,133.7732,136.0676,137.7595,139.2659,140.4479,141.5835,142.4411,143.0668,143.5072,144.0634,144.805,145.593,146.0102,147.0763
Papua-Nova Guiné,0.0,0.0,0.0,0.0,0.0,0.0,0.0,0.0,0.0,0.0,0.0,0.0,0.0,0.0,0.0,0.0,0.0,0.0,0.0,0.0,0.0,0.0,0.0,0.0,0.0,0.0112,0.0,0.0224,0.0335,0.0335,0.0447,0.0559,0.0559,0.0671,0.0782,0.0782,0.0782,0.0782,0.0782,0.0782,0.0782,0.0782,0.0782,0.0782,0.0782,0.0782,0.0894,0.1006,0.1006,0.1006,0.1006,0.1006,0.1006,0.1006,0.1006,0.1118,0.1118,0.1565,0.1788,0.2906,0.4135,0.6259,0.7489,0.7712,1.0171,1.1736,1.3524,1.453,1.5201,1.7436
Paraguai,0.0,0.0,0.0,0.0,0.0,0.0,0.0,0.0,0.028,0.0421,0.0701,0.0981,0.1122,0.1262,0.1402,0.1402,0.1542,0.1542,0.1542,0.1542,0.1823,0.1823,0.2383,0.2804,0.3505,0.4907,0.6309,0.8272,1.2057,2.2573,3.2387,4.879,6.4914,7.7392,9.8843,11.791,13.5436,15.5344,17.2589,18.8853,20.2032,21.2547,22.6147,23.512,24.8299,26.4562,27.9143,29.7229,31.125,32.541,34.1674,35.5413,37.1677,38.5557,40.126,41.6542,43.4768,45.1172,47.1081,49.828,53.5293,58.3383,63.3996,69.7928,76.6908,85.4394,94.2442,102.1235,109.386,118.8076
Peru,0.0,0.0,0.0,0.0,0.0,0.0,0.0,0.0,0.0212,0.091,0.3245,0.6976,1.4679,2.5901,4.3795,6.2387,8.8378,11.4886,14.4578,17.4027,21.4001,25.4884,29.3493,33.2162,37.0892,41.1836,56.4481,60.679,65.2102,80.314,84.3538,87.784,90.9139,93.4494,95.1387,98.0351,99.5819,101.3561,102.5723,103.7157,104.5619,105.9783,106.9731,108.0952,109.0809,110.015,111.4708,112.7416,113.8092,114.7342,116.2658,117.5851,121.6401,124.8974,129.28,133.0832,137.2777,142.2243,146.0731,149.1484,153.0821,156.6033,161.1617,168.292,175.7681,182.0128,190.0833,195.2362,201.5992,206.3973
Filipinas,0.0,0.0009,0.0009,0.0009,0.0009,0.0009,0.0009,0.011,0.0319,0.0803,0.1615,0.3057,0.3988,0.4837,0.5813,0.6853,0.7638,0.8085,0.8815,0.9281,1.0066,1.0823,1.1553,1.1945,1.4628,1.6764,1.7768,1.9301,2.1099,2.4521,2.7724,3.2825,3.5736,4.2553,4.6075,4.9717,5.3522,5.8149,6.1051,6.4363,6.6782,6.9912,7.1746,7.4694,7.682,7.9119,8.0415,8.2323,8.3609,8.506,8.7187,9.1056,9.4779,9.9232,10.3083,10.5164,11.0484,11.2875,11.4326,11.7247,11.8561,12.0377,12.6089,13.9495,14.7297,15.437,16.0812,16.992,17.6782,18.2358
Polónia,0.0,0.0,0.0,0.0,0.0,0.0,0.0,0.0132,0.0264,0.0872,0.3408,0.6949,1.0595,1.5748,1.8918,2.2168,2.5048,2.7057,2.8853,3.1258,3.3609,3.6331,3.8656,4.0373,4.1959,4.3227,4.4443,4.5922,4.8115,5.0097,5.2237,5.4377,5.6438,5.8843,6.1194,6.5607,7.179,8.1936,9.8318,12.194,16.123,22.1288,28.6631,37.8211,46.5009,54.4091,61.5881,68.125,72.5402,77.9515,83.4764,89.0384,94.2357,99.0208,103.9987,108.406,112.1263,116.2799,120.4837,125.7127,131.4807,138.4325,145.4952,156.2253,165.7586,174.116,180.024,185.8449,190.0302,192.7385
Portugal,0.0,0.0,0.0,0.0,0.0,0.0,0.0,0.0098,0.3236,1.5691,3.3834,5.5606,7.473,9.2971,10.5328,11.4056,12.2294,13.1611,14.083,14.6322,14.9264,15.1029,15.456,15.9757,16.3582,16.6426,16.8878,17.0545,17.2703,17.4958,17.7018,17.8881,18.1039,18.3883,18.8786,19.2513,19.928,20.693,21.7031,23.2526,25.8417,29.6272,34.8446,39.7775,44.887,50.2319,56.224,61.3335,66.2076,71.4544,79.2413,90.6763,107.9956,127.6588,142.7617,152.2256,157.7568,160.7283,162.7486,163.847,164.7002,165.2004,165.6123,165.9653,166.2399,166.4262,166.5341,166.6616,166.8283,166.897
Catar,0.0,0.0,0.0,0.0,0.0,0.0,0.0,0.0,0.0,0.0694,0.2083,0.243,0.3124,0.3471,0.4165,0.4859,0.5206,0.9719,1.4925,2.152,2.7768,3.4362,3.9222,4.6511,5.2064,5.5535,5.7965,6.1436,6.5254,6.6989,6.7336,6.8725,7.1155,7.2196,7.3237,7.4278,7.4973,7.6361,7.7749,7.9832,8.0526,8.0873,8.1567,8.1914,8.2609,8.2956,8.365,8.4344,8.5038,8.5038,8.5385,8.608,8.608,8.6427,8.7815,8.8856,8.9203,8.9898,9.1633,9.3022,9.5451,10.0311,10.8294,11.8012,13.5714,15.3069,16.7647,17.9101,18.6043,18.9861
Roménia,0.0,0.0,0.0,0.0,0.0,0.0,0.0,0.0,0.0572,0.4262,1.024,1.8245,2.5887,3.4464,4.3716,5.2085,5.9103,6.3209,6.6952,7.0383,7.4697,7.9999,8.5821,9.3514,10.0376,10.7809,11.6386,12.8914,14.3676,15.979,17.5021,19.1343,20.621,22.0193,23.4072,24.9094,26.6196,28.7716,31.168,34.1725,37.806,42.5519,48.1399,53.9202,59.9344,65.8083,71.204,76.0798,80.4099,84.0953,87.7496,90.2863,93.244,96.233,99.0555,101.4987,104.0302,106.6084,109.4518,112.789,116.6564,121.683,126.7616,132.2456,138.3638,143.8998,148.0115,151.4475,154.1869,155.8243
Rússia,0.0,0.0,0.0,0.0,0.0,0.0,0.0,0.0,0.0007,0.0116,0.0397,0.1165,0.3125,0.5941,0.9943,1.45,1.944,2.6087,3.4474,4.2033,4.9844,5.7211,6.3768,7.1799,7.9467,8.6073,9.2391,9.8174,10.3492,10.8514,11.3229,11.8204,12.2925,12.8297,13.4136,14.0173,14.7731,15.6467,16.7699,18.0965,19.6054,21.1732,23.0371,25.1311,27.4438,29.9271,32.4872,35.1349,37.7615,40.2276,42.4218,44.9736,47.5494,50.0101,52.3159,54.5855,56.646,58.5592,60.5169,62.6274,64.5708,66.3428,68.134,69.8135,71.6383,73.435,75.1502,76.7899,78.5414,80.0442
Ruanda,0.0,0.0,0.0,0.0,0.0,0.0,0.0,0.0,0.0,0.0,0.0,0.0,0.0,0.0,0.0,0.0,0.0,0.0,0.0154,0.0154,0.0154,0.0154,0.0154,0.0232,0.0309,0.0386,0.0386,0.0386,0.054,0.0772,0.1158,0.1235,0.1544,0.1699,0.2085,0.2239,0.2239,0.2471,0.2625,0.2702,0.2702,0.3088,0.3552,0.3629,0.3783,0.3938,0.4401,0.5096,0.6099,0.8493,0.9651,1.1427,1.3974,1.5827,1.7449,1.853,1.9533,2.046,2.0846,2.1772,2.2776,2.3625,2.4243,2.4397,2.5247,2.5555,2.6019,2.625,2.6714,2.6945
São Cristóvão e Névis,0.0,0.0,0.0,0.0,0.0,0.0,0.0,0.0,0.0,0.0,0.0,0.0,0.0,0.0,0.0,0.0,0.0,0.0,0.0,0.0,0.0,0.0,0.0,0.0,0.0,0.0,0.0,0.0,0.0,0.0,0.0,0.0,0.0,0.0,0.0,0.0,0.0,0.0,0.0,0.0,0.0,0.0,0.0,0.0,0.0,0.0,0.0,0.0,0.0,0.0,0.0,0.0,0.0,0.0,0.0,0.0,0.0,0.0,0.0,0.0,0.0,0.0,0.0,0.0,0.0,0.0,0.0,0.0,0.0,0.0
Santa Lúcia,0.0,0.0,0.0,0.0,0.0,0.0,0.0,0.0,0.0,0.0,0.0,0.0,0.0,0.0,0.0,0.0,0.0,0.0,0.0,0.0,0.0,0.0,0.0,0.0,0.0,0.0,0.0,0.0,0.0,0.0,0.0,0.0,0.0,0.0,0.0,0.0,0.0,0.0,0.0,0.0,0.0,0.5446,1.0892,1.0892,1.0892,1.0892,2.1783,2.7229,2.7229,2.7229,2.7229,4.3567,7.0796,8.7133,10.3471,12.5254,17.4266,20.1495,25.0508,29.952,31.0412,32.1304,34.3087,34.8533,37.5762,40.2991,40.2991,40.8437,41.9328,41.9328
São Vicente e Granadinas,0.0,0.0,0.0,0.0,0.0,0.0,0.0,0.0,0.0,0.0,0.0,0.0,0.0,0.0,0.0,0.0,0.0,0.0,0.0,0.0,0.0,0.0,0.0,0.0,0.0,0.0,0.0,0.0,0.0,0.0,0.0,0.0,0.0,0.0,0.0,0.0,0.0,0.0,0.0,0.0,0.0,0.0,0.0,0.0,0.0,0.0,0.0,0.0,0.0,0.0,0.0,18.0278,18.0278,18.0278,36.0555,54.0833,54.0833,72.1111,72.1111,81.1249,81.1249,90.1388,90.1388,90.1388,90.1388,99.1527,99.1527,108.1666,108.1666,108.1666
Samoa,0.0,0.0,0.0,0.0,0.0,0.0,0.0,0.0,0.0,0.0,0.0,0.0,0.0,0.0,0.0,0.0,0.0,0.0,0.0,0.0,0.0,0.0,0.0,0.0,0.0,0.0,0.0,0.0,0.0,0.0,0.0,0.0,0.0,0.0,0.0,0.0,0.0,0.0,0.0,0.0,0.0,0.0,0.0,0.0,0.0,0.0,0.0,0.0,0.0,0.0,0.0,0.0,0.0,0.0,0.0,0.0,0.0,0.0,0.0,0.0,0.0,0.0,0.0,0.0,0.0,0.0,0.0,0.0,0.0,0.0
San Marino,0.0,0.0,0.0,0.0,0.0,2.9472,5.8943,20.6301,61.8903,76.6261,100.2034,106.0977,117.8863,120.8335,120.8335,120.8335,120.8335,123.7806,123.7806,123.7806,123.7806,123.7806,123.7806,123.7806,123.7806,123.7806,123.7806,123.7806,123.7806,123.7806,123.7806,123.7806,123.7806,123.7806,123.7806,123.7806,123.7806,123.7806,123.7806,123.7806,123.7806,123.7806,123.7806,129.6749,135.5692,141.4636,153.2522,165.0408,173.8823,182.7238,191.5652,191.5652,191.5652,197.4596,209.2482,212.1953,215.1425,218.0897,226.9311,226.9311,235.7726,247.5612,250.5084,253.4555,259.3499,265.2442,265.2442,265.2442,265.2442,265.2442
São Tomé e Príncipe,0.0,0.0,0.0,0.0,0.0,0.0,0.0,0.0,0.0,0.0,0.0,0.0,0.0,0.0,1.3689,2.2814,3.6503,5.4755,5.4755,5.4755,5.4755,5.4755,5.9318,5.9318,6.3881,6.3881,6.3881,6.8443,6.8443,6.8443,6.8443,6.8443,6.8443,6.8443,6.8443,6.8443,6.8443,6.8443,6.8443,6.8443,7.3006,7.3006,7.3006,7.7569,7.7569,7.7569,7.7569,7.7569,7.7569,7.7569,7.7569,7.7569,7.7569,7.7569,8.2132,8.6695,11.8635,13.6887,14.6013,14.6013,15.5139,15.5139,15.9701,15.9701,15.9701,15.9701,15.9701,15.9701,15.9701,16.8827
Arábia Saudita,0.0,0.0,0.0,0.0,0.0,0.0,0.0,0.0,0.0029,0.0287,0.1178,0.2097,0.3131,0.4366,0.5745,0.7583,0.945,1.1806,1.577,2.2491,3.0218,3.8663,4.7366,5.7937,6.5577,7.3448,8.0112,8.5713,9.2865,9.9673,10.6911,11.2857,11.8832,12.4606,13.0465,13.6124,14.1409,14.612,14.9854,15.3071,15.6719,16.0166,16.3498,16.6916,16.9674,17.2029,17.4327,17.6338,17.8205,17.9957,18.0962,18.1968,18.2657,18.3346,18.4122,18.5012,18.5845,18.6851,18.7827,18.8948,19.0097,19.1389,19.2768,19.4549,19.6646,19.8829,20.1242,20.3884,20.6469,20.8652
Senegal,0.0,0.0,0.0,0.0,0.0,0.0,0.0,0.0,0.0,0.0,0.0119,0.0119,0.0299,0.0538,0.0657,0.1135,0.1792,0.215,0.2568,0.3106,0.4181,0.5315,0.6689,0.8182,0.8958,1.0392,1.1825,1.2781,1.4214,1.5289,1.6364,1.6961,1.7439,1.7797,1.8036,1.8514,1.8634,1.8813,1.9111,1.9231,1.947,1.947,1.9649,1.9768,1.9888,2.0306,2.0903,2.2217,2.3591,2.5562,2.8667,3.2012,3.5356,3.8283,4.1806,4.539,4.969,5.3034,5.5543,5.8588,6.0918,6.265,6.3605,6.4561,6.5397,6.6054,6.6352,6.689,6.7368,6.7607
Sérvia,0.0,0.0,0.0,0.0,0.0,0.0,0.0,0.0,0.0343,0.1831,0.6982,1.0758,1.4879,1.9228,2.289,2.5179,2.6782,2.7354,2.804,2.8613,2.9299,3.0101,3.1703,3.7769,4.784,5.6195,6.3062,6.9243,7.4622,7.7941,8.0688,8.1832,8.3206,8.4121,8.5037,8.5724,8.6639,8.7784,8.9272,9.1332,9.6597,10.4723,12.0631,14.581,18.9073,23.5998,27.8459,31.8402,35.6972,38.9705,41.6487,43.3883,44.9105,46.4213,47.5429,48.7675,49.9693,51.2168,52.636,54.6846,57.2483,60.3156,63.3715,66.4731,69.3344,71.9438,73.8895,75.4689,76.7966,77.6893
Seychelles,0.0,0.0,0.0,0.0,0.0,0.0,0.0,0.0,0.0,0.0,0.0,0.0,0.0,0.0,0.0,0.0,0.0,0.0,0.0,0.0,0.0,0.0,0.0,0.0,0.0,0.0,0.0,0.0,0.0,0.0,0.0,0.0,0.0,0.0,0.0,0.0,0.0,0.0,0.0,0.0,0.0,0.0,0.0,0.0,0.0,0.0,0.0,0.0,0.0,1.0168,1.0168,2.0336,3.0504,5.084,7.1177,10.1681,11.1849,11.1849,15.2521,16.2689,16.2689,20.3362,24.4034,25.4202,25.4202,26.437,28.4706,28.4706,35.5883,38.6387
Serra Leoa,0.0,0.0,0.0,0.0,0.0,0.0,0.0,0.0,0.0,0.0,0.0,0.0,0.0,0.0501,0.1379,0.2382,0.4137,0.5516,0.5767,0.6268,0.6393,0.6895,0.7522,0.7898,0.8023,0.8274,0.8274,0.8399,0.865,0.865,0.865,0.8901,0.9026,0.9026,0.9026,0.9026,0.9026,0.9026,0.9151,0.9277,0.9277,0.9277,0.9277,0.9277,0.9277,0.9277,0.9402,0.9402,0.9527,0.9527,0.9653,0.9653,0.9653,0.9903,0.9903,0.9903,0.9903,0.9903,0.9903,0.9903,0.9903,0.9903,0.9903,0.9903,0.9903,0.9903,0.9903,0.9903,0.9903,0.9903
Singapura,0.0,0.0,0.0,0.0,0.0,0.0,0.0,0.0,0.0342,0.0513,0.1026,0.1709,0.188,0.2393,0.3077,0.359,0.376,0.3931,0.4102,0.4273,0.4444,0.4444,0.4444,0.4444,0.4615,0.4615,0.4615,0.4615,0.4615,0.4615,0.4615,0.4615,0.4615,0.4615,0.4615,0.4615,0.4615,0.4786,0.4786,0.4786,0.4786,0.4786,0.4786,0.4786,0.4957,0.4957,0.4957,0.4957,0.4957,0.4957,0.4957,0.4957,0.4957,0.4957,0.4957,0.4957,0.4957,0.4957,0.4957,0.5128,0.5128,0.5128,0.5128,0.5128,0.5128,0.5128,0.5299,0.5299,0.5299,0.547
Eslováquia,0.0,0.0,0.0,0.0,0.0,0.0,0.0,0.0,0.0183,0.0,0.0366,0.0366,0.2564,0.3663,0.4579,0.4945,0.5129,0.5129,0.5129,0.5129,0.5129,0.5129,0.5129,0.5129,0.5129,0.5129,0.5129,0.5312,0.5678,0.5678,0.6044,0.6044,0.6777,0.696,0.7326,0.8242,1.0074,1.1173,1.795,3.2237,4.3043,7.1433,10.2021,12.9862,15.8985,19.1588,22.9136,29.6356,36.3211,47.6771,56.8169,66.6161,78.0271,87.6248,98.5779,111.0512,122.1875,135.3202,147.2075,158.7833,168.3261,176.2753,184.8839,196.2766,205.9476,211.9553,217.1388,221.205,224.3371,225.2162
Eslovénia,0.0,0.0,0.0,0.0,0.0,0.0,0.0,0.0481,0.1924,0.7215,1.7317,2.6937,3.7038,4.1367,4.7139,4.9064,5.0026,5.195,5.2431,5.2431,5.2431,5.2431,5.3393,5.3393,5.3393,5.4836,5.6279,5.9165,6.2051,6.2051,6.3975,6.3975,6.4937,6.4937,6.8304,7.1671,7.6481,8.3216,9.2355,12.6988,19.8178,29.1014,42.1369,55.6053,71.6712,89.565,103.3701,116.3094,126.555,137.9551,146.8538,155.4159,163.8336,170.3273,175.7628,179.5628,182.4008,185.816,187.7882,189.5679,191.6844,194.33,196.687,198.6591,200.6794,203.0364,205.5376,206.9326,208.4237,209.482
Ilhas Salomão,0.0,0.0,0.0,0.0,0.0,0.0,0.0,0.0,0.0,0.0,0.0,0.0,0.0,0.0,0.0,0.0,0.0,0.0,0.0,0.0,0.0,0.0,0.0,0.0,0.0,0.0,0.0,0.0,0.0,0.0,0.0,0.0,0.0,0.0,0.0,0.0,0.0,0.0,0.0,0.0,0.0,0.0,0.0,0.0,0.0,0.0,0.0,0.0,0.0,0.0,0.0,0.0,0.0,0.0,0.0,0.0,0.0,0.0,0.0,0.0,0.0,0.0,0.0,0.0,0.0,0.0,0.0,0.0,0.0,0.0
Somália,0.0,0.0,0.0,0.0,0.0,0.0,0.0,0.0,0.0,0.0,0.0,0.0126,0.0503,0.1762,0.2391,0.3272,0.3712,0.4216,0.4971,0.5348,0.5537,0.5663,0.5663,0.5789,0.5852,0.5852,0.5852,0.5852,0.5852,0.5852,0.5977,0.6166,0.6166,0.6166,0.6166,0.6229,0.6229,0.6229,0.6355,0.6544,0.6732,0.6732,0.6795,0.711,0.711,0.7613,0.7613,0.7991,0.7991,0.818,0.818,0.818,0.818,0.818,0.8431,1.0256,1.3087,1.5667,2.0071,2.4224,2.8503,3.2781,3.6242,3.8885,4.266,4.4862,4.5365,4.7379,4.7945,4.826
África do Sul,0.0,0.0,0.0,0.0,0.0,0.0,0.0,0.0,0.0,0.0084,0.0219,0.0455,0.0978,0.1568,0.2495,0.3473,0.5261,0.8835,1.273,1.9592,2.7399,3.5442,4.48,5.9047,7.3278,9.051,12.236,14.9793,18.1272,20.6783,22.4385,24.0488,25.4364,26.3722,27.1765,28.1021,28.8373,30.3969,31.4558,32.1251,32.9446,33.6393,34.4503,35.5479,36.4938,37.8225,39.8947,42.5671,46.4822,51.4663,57.8903,64.5572,70.4737,75.7832,79.0255,81.4602,83.3149,84.7616,85.8323,86.935,88.1001,89.0055,89.4169,90.0762,90.8585,91.4487,91.9106,92.5598,93.3084,94.2088
Sudão do Sul,0.0,0.0,0.0,0.0,0.0,0.0,0.0,0.0,0.0,0.0,0.0,0.0,0.0,0.0,0.0,0.0,0.0357,0.0715,0.0893,0.1697,0.268,0.3216,0.3395,0.3395,0.3663,0.402,0.4109,0.4199,0.4199,0.4199,0.4199,0.4199,0.4377,0.4377,0.4377,0.4377,0.4467,0.4913,0.4913,0.5003,0.5271,0.5271,0.5271,0.536,0.5449,0.5539,0.5539,0.5539,0.5628,0.5628,0.5628,0.5717,0.5717,0.5717,0.6164,0.7058,0.7772,0.8487,0.9112,0.947,0.947,0.9648,1.0095,1.0184,1.0184,1.0184,1.0274,1.0274,1.0274,1.0274
Espanha,0.0,0.0,0.0,0.0,0.0,0.0021,0.0749,1.14,6.0058,18.103,30.0397,38.6185,45.5183,50.9509,54.7816,57.577,59.4121,61.4953,58.0197,58.039,58.039,60.582,60.6462,60.7253,60.7617,60.7938,60.8195,60.9521,61.1296,61.3199,61.8632,62.3508,63.2962,64.1731,66.0981,67.1824,69.4817,71.0173,73.169,75.496,78.0562,84.1518,89.1631,93.3979,97.3398,99.7673,103.521,105.9143,107.8863,109.9995,112.6794,115.8662,121.4721,127.9121,134.8761,141.1171,145.6086,149.2917,153.4111,155.2034,157.7251,161.0638,162.3599,163.887,164.9072,166.5177,167.6813,169.1806,170.0404,170.4874
Sri Lanka,0.0,0.0,0.0,0.0,0.0,0.0,0.0,0.0,0.0,0.0093,0.028,0.0327,0.0327,0.0327,0.042,0.042,0.042,0.0467,0.0514,0.0514,0.0514,0.0514,0.0514,0.0514,0.0514,0.0514,0.0514,0.0514,0.0514,0.0514,0.056,0.056,0.056,0.0607,0.0607,0.0607,0.0607,0.0607,0.0607,0.0887,0.1074,0.1915,0.3082,0.439,0.5697,0.6631,0.7192,0.8546,0.9107,1.0134,1.1395,1.2749,1.345,1.5411,1.7279,1.91,2.1155,2.2556,2.3864,2.4844,2.5778,2.6432,2.7366,2.8113,2.8954,3.0215,3.311,3.9695,4.7401,5.8048
Sudão,0.0,0.0,0.0,0.0,0.0,0.0,0.0,0.0023,0.0023,0.0046,0.0046,0.0114,0.0274,0.057,0.1026,0.1824,0.2531,0.3877,0.7001,0.8871,1.0878,1.2497,1.3045,1.4185,1.5029,1.5804,1.6534,1.7401,1.7925,1.8358,1.8678,1.8769,1.8997,1.9065,1.9065,1.9065,1.9065,1.9065,1.9065,1.9088,1.9088,2.5451,2.6796,2.7412,2.8621,2.967,3.1289,3.3478,3.3478,3.3478,3.3478,3.6557,3.9909,4.1711,4.1848,4.2486,4.2783,4.3216,4.3672,4.4676,4.5679,4.6546,4.7048,5.0035,5.2156,5.357,5.3935,5.5782,5.5782,5.9294
Suriname,0.0,0.0,0.0,0.0,0.0,0.0,0.0,0.0,0.0,0.0,0.1705,0.1705,0.1705,0.1705,0.1705,0.1705,0.1705,0.1705,0.1705,0.3409,1.0228,1.5342,2.216,2.557,3.0684,3.5798,4.0912,4.6025,6.6481,9.2051,10.3983,12.2735,15.5123,16.1941,17.0465,17.7283,18.0692,18.2397,18.5806,18.9216,18.9216,19.2625,19.7739,19.9444,19.9444,19.9444,19.9444,20.1148,20.4558,21.3081,23.5241,24.8878,25.5697,26.5925,27.7857,28.4676,28.979,29.4904,29.8313,30.0018,30.1722,30.1722,30.3427,31.3655,32.0473,34.2634,36.1385,37.5022,40.5706,43.6389
Suécia,0.0,0.0,0.0,0.0,0.0,0.0,0.0099,0.1386,1.0199,3.8122,5.9905,10.2285,17.4765,23.3185,28.2595,32.8044,37.0621,40.8446,44.2408,46.7064,48.9045,51.1027,52.8058,53.9346,54.905,55.9051,56.4596,56.9051,57.1329,57.3309,57.5685,57.6379,57.8062,57.8854,58.0735,58.2221,58.3706,58.3607,58.5983,58.7468,58.7964,59.6281,61.0341,63.4304,66.1533,69.9754,74.4015,79.1444,81.9763,88.7688,93.4028,102.2154,111.3645,116.9887,120.682,123.6427,125.8804,127.5538,129.1381,130.4253,131.8413,132.98,133.9999,135.2574,136.8911,138.3071,139.525,140.7726,141.6044,142.248
Suíça,0.0,0.0,0.0,0.0,0.0,0.0,0.0347,0.312,1.4097,5.0031,9.4863,13.565,17.0776,19.6311,20.7404,21.5723,21.8496,22.1269,22.1847,22.3464,22.5775,22.6006,22.6815,22.7162,22.7393,22.7855,22.8548,22.8895,22.9935,23.0166,23.1321,23.2361,23.317,23.4326,23.733,23.9063,24.045,24.2992,24.7844,24.8076,28.5512,34.8138,42.3358,49.7769,57.0793,64.6244,72.4006,80.0035,86.578,92.6441,97.8668,102.3615,106.3478,109.6408,111.9286,113.4307,114.7364,115.603,116.2962,117.2437,118.3992,119.2658,120.2017,120.9989,121.6922,122.4086,123.2521,123.876,124.2342,124.5462
Síria,0.0,0.0,0.0,0.0,0.0,0.0,0.0,0.0,0.0,0.0114,0.0114,0.0114,0.0171,0.0171,0.0171,0.0171,0.0171,0.0229,0.0343,0.0343,0.0343,0.04,0.0514,0.08,0.12,0.1771,0.2286,0.2628,0.3028,0.4171,0.5428,0.6628,0.8,0.9143,1.0171,1.1257,1.1942,1.32,1.4514,1.5714,1.7028,1.8571,2.0228,2.1999,2.4113,2.617,3.1027,3.5999,3.977,4.2341,4.5141,4.857,5.1141,5.3084,5.4912,5.6226,5.7369,5.9369,6.1369,6.3426,6.7597,7.1654,7.6111,7.954,8.3883,8.9082,9.2397,9.5425,9.7711,9.9425
Taiwan,0.0,0.0,0.0,0.0042,0.0042,0.0042,0.0042,0.0042,0.0084,0.021,0.021,0.0252,0.0252,0.0252,0.0252,0.0294,0.0294,0.0294,0.0294,0.0294,0.0294,0.0294,0.0294,0.0294,0.0294,0.0294,0.0294,0.0294,0.0294,0.0294,0.0294,0.0294,0.0294,0.0294,0.0294,0.0294,0.0294,0.0294,0.0294,0.0294,0.0294,0.0294,0.0294,0.0294,0.0294,0.0294,0.0294,0.0294,0.0294,0.0294,0.0294,0.0294,0.0294,0.0336,0.0378,0.0378,0.0378,0.0378,0.042,0.042,0.042,0.042,0.042,0.0462,0.0462,0.0504,0.0504,0.0504,0.0588,0.1218
Tajiquistão,0.0,0.0,0.0,0.0,0.0,0.0,0.0,0.0,0.0,0.0,0.0,0.0,0.0,0.0,0.0524,0.2202,0.4299,0.4928,0.4928,0.5033,0.5242,0.5452,0.5452,0.5557,0.5871,0.5976,0.6291,0.6396,0.6605,0.6815,0.7025,0.713,0.7339,0.7654,0.7654,0.7864,0.8178,0.8283,0.8388,0.8493,0.8702,0.8807,0.8912,0.9017,0.9017,0.9227,0.9331,0.9331,0.9436,0.9436,0.9436,0.9436,0.9436,0.9436,0.9436,0.9436,0.9436,0.9436,0.9436,0.9436,0.9436,0.9436,0.9436,0.9436,0.9436,0.9436,0.9436,0.9436,0.9436,0.9436
Tanzânia,0.0,0.0,0.0,0.0,0.0,0.0,0.0,0.0,0.0,0.0017,0.0017,0.005,0.0167,0.0167,0.0268,0.0352,0.0352,0.0352,0.0352,0.0352,0.0352,0.0352,0.0352,0.0352,0.0352,0.0352,0.0352,0.0352,0.0352,0.0352,0.0352,0.0352,0.0352,0.0352,0.0352,0.0352,0.0352,0.0352,0.0352,0.0352,0.0352,0.0352,0.0352,0.0352,0.0352,0.0352,0.0352,0.0352,0.0352,0.0352,0.0352,0.0352,0.0352,0.0352,0.0352,0.0352,0.0352,0.0352,0.0352,0.0352,0.0352,0.0352,0.0352,0.0352,0.0352,0.0352,0.0352,0.0352,0.0352,0.0352
Tailândia,0.0,0.0,0.0,0.0,0.0,0.0014,0.0014,0.0014,0.0057,0.0143,0.0387,0.0587,0.0688,0.0774,0.0774,0.0802,0.0802,0.0817,0.0831,0.0831,0.0831,0.0831,0.0831,0.0831,0.0831,0.0831,0.0831,0.0831,0.0831,0.0831,0.0831,0.0831,0.0831,0.0831,0.0845,0.0845,0.0845,0.0845,0.0845,0.0845,0.0845,0.086,0.086,0.086,0.086,0.086,0.086,0.086,0.0874,0.0946,0.096,0.1017,0.1074,0.1132,0.1132,0.1175,0.1189,0.1203,0.1218,0.1261,0.1318,0.1347,0.1361,0.139,0.1547,0.2335,0.4341,0.6476,0.9298,1.1547
Timor-Leste,0.0,0.0,0.0,0.0,0.0,0.0,0.0,0.0,0.0,0.0,0.0,0.0,0.0,0.0,0.0,0.0,0.0,0.0,0.0,0.0,0.0,0.0,0.0,0.0,0.0,0.0,0.0,0.0,0.0,0.0,0.0,0.0,0.0,0.0,0.0,0.0,0.0,0.0,0.0,0.0,0.0,0.0,0.0,0.0,0.0,0.0,0.0,0.0,0.0,0.0,0.0,0.0,0.0,0.0,0.0,0.0,0.0,0.0,0.0,0.0,0.0,0.0,0.0758,0.1517,0.1517,0.2275,0.3034,0.3792,0.7585,0.986
Togo,0.0,0.0,0.0,0.0,0.0,0.0,0.0,0.0,0.0,0.0121,0.0362,0.0362,0.0725,0.0725,0.1087,0.1329,0.1449,0.157,0.157,0.157,0.157,0.157,0.1691,0.1812,0.1812,0.1812,0.2174,0.2295,0.3141,0.3261,0.3261,0.3382,0.4107,0.4832,0.4952,0.5798,0.5919,0.604,0.616,0.6523,0.6885,0.6885,0.7489,0.7731,0.7731,0.7851,0.7972,0.7972,0.8214,0.8335,0.8818,0.8939,0.918,0.9543,0.9663,0.9784,0.9784,1.0267,1.1113,1.1717,1.2683,1.3166,1.3649,1.4012,1.4616,1.4737,1.4857,1.5099,1.5099,1.5099
Trinidad e Tobago,0.0,0.0,0.0,0.0,0.0,0.0,0.0,0.0,0.0,0.2144,0.5716,0.5716,0.5716,0.5716,0.5716,0.5716,0.5716,0.5716,0.5716,0.5716,0.5716,0.5716,0.5716,0.5716,0.5716,0.5716,0.5716,0.5716,0.5716,0.8575,1.0718,1.9293,2.7867,4.0015,4.6446,5.2876,5.9307,6.6453,7.0026,7.5742,7.86,7.9315,8.0744,8.2173,8.5746,8.7175,8.7889,8.9318,8.9318,9.0747,9.1462,9.432,9.5749,9.5749,9.7178,9.8607,9.9322,9.9322,10.0037,10.0037,10.0751,10.1466,10.3609,10.4324,11.2184,11.5042,13.2191,16.0059,22.6511,27.8673
Tunísia,0.0,0.0,0.0,0.0,0.0,0.0,0.0,0.0,0.0338,0.0846,0.1946,0.2877,0.3215,0.3384,0.3638,0.3808,0.3977,0.4061,0.4061,0.4146,0.4146,0.4231,0.4231,0.4231,0.4231,0.4231,0.4231,0.4315,0.44,0.4823,0.6007,0.6769,0.8123,1.0407,1.3876,2.0815,2.7161,4.0445,6.0159,8.3174,12.548,16.9732,20.6877,24.8337,27.5836,31.0358,33.4726,35.8502,38.6678,41.7477,45.2083,49.4474,53.898,58.3232,62.0377,64.4492,66.3614,68.0875,69.9574,71.3197,72.8512,74.3572,76.481,79.5017,83.9184,88.369,93.2089,97.7779,101.2893,103.8446
Turquia,0.0,0.0,0.0,0.0,0.0,0.0,0.0,0.0012,0.0522,0.2537,0.8596,1.6635,2.6785,3.5476,4.1736,4.6171,4.9787,5.2135,5.4364,5.6071,5.7411,5.9296,6.0838,6.2367,6.4051,6.5521,6.6932,6.8355,6.9636,7.1331,7.3074,7.6086,8.0414,8.5204,9.0575,9.6397,10.1412,10.6202,11.1988,11.7976,12.4272,13.1125,13.8773,15.0251,16.5238,18.1577,20.0156,22.0562,24.1739,25.9417,27.4511,28.8455,30.0501,31.109,32.0113,32.7867,33.4519,34.0364,34.5747,35.1237,35.9454,37.2129,38.7329,40.853,43.4117,46.3095,49.2382,51.683,53.5766,55.0706
Estados Unidos,0.0,0.0,0.0,0.0,0.0,0.0021,0.0085,0.0405,0.3118,1.6223,5.1722,9.7045,14.4032,18.6165,22.5639,25.9152,28.904,30.9889,33.1106,34.7526,36.2103,37.4453,38.5517,39.8405,41.422,43.1891,45.3999,47.5978,49.7658,51.9528,53.9757,55.8443,57.3711,59.1893,60.7509,62.3134,63.8004,65.3723,67.014,68.8028,70.8139,73.0375,75.6097,79.1776,82.6477,87.6014,93.1775,99.1666,104.2137,109.9922,117.2199,123.7102,130.8669,137.4445,143.5176,148.2049,152.5009,156.6622,159.9749,162.4606,164.5244,166.6361,168.3077,170.372,171.9164,173.3575,174.8693,176.159,177.4306,178.4061
Uganda,0.0,0.0,0.0,0.0,0.0,0.0,0.0,0.0,0.0,0.0,0.0,0.0,0.0,0.0,0.0,0.0,0.0,0.0,0.0,0.0,0.0,0.0,0.0,0.0,0.0,0.0,0.0044,0.0109,0.0197,0.0328,0.0547,0.07,0.1006,0.1268,0.1399,0.164,0.1836,0.2077,0.2121,0.2252,0.2514,0.2908,0.3279,0.4066,0.4482,0.4525,0.4919,0.5203,0.5466,0.634,0.6624,0.6668,0.6952,0.7105,0.7149,0.7236,0.728,0.7302,0.7302,0.7302,0.7302,0.7324,0.7324,0.7368,0.7455,0.7455,0.7477,0.7564,0.763,0.7805
Ucrânia,0.0,0.0,0.0,0.0,0.0,0.0,0.0,0.0046,0.0069,0.0389,0.1029,0.2241,0.3681,0.5465,0.7226,0.9718,1.253,1.4725,1.6761,1.8704,2.1082,2.3895,2.6821,2.9702,3.2675,3.5144,3.7728,4.0884,4.5251,4.9207,5.4009,6.0685,6.8323,7.6051,8.4969,9.4984,10.5731,12.0136,13.6005,15.48,17.7186,20.6202,23.2498,26.5676,29.6384,32.9562,36.6719,40.0949,42.9897,45.5689,47.8235,50.389,52.9294,55.1062,57.2144,59.1351,61.0284,63.2235,65.6198,69.1434,73.2112,77.8415,83.8986,90.2666,96.3306,102.3534,106.9677,110.9989,115.2999,117.5865
Emirados Árabes Unidos,0.0,0.0,0.0,0.0,0.0,0.0,0.0,0.0,0.0202,0.0607,0.1213,0.2831,0.4651,0.8999,1.4762,2.0525,2.2952,2.558,2.7198,2.8614,2.9625,3.0838,3.1849,3.2961,3.3871,3.4478,3.5085,3.5489,3.6197,3.7006,3.8118,3.8826,3.9533,4.0544,4.0949,4.2061,4.3982,4.5296,4.7521,4.8734,5.0857,5.2374,5.4396,5.6519,5.8238,6.026,6.2889,6.4911,6.6934,6.9259,7.2495,7.6438,8.1392,8.756,9.5749,10.5254,11.5769,12.6688,13.599,14.2158,14.6708,15.0853,15.328,15.5403,15.7628,15.9549,16.1571,16.3492,16.5514,16.7233
Reino Unido,0.0,0.0,0.0,0.0,0.0,0.0,0.0103,0.1223,0.7557,3.6193,11.1319,20.8217,29.9237,37.3376,43.1459,47.5356,50.8897,53.4337,55.7744,57.3697,58.3331,59.0254,59.6279,60.0742,60.3718,60.5648,60.7194,60.8535,60.9757,61.0818,61.1834,61.2674,61.3897,61.5046,61.7417,62.1071,62.6565,63.5006,64.8985,66.9578,69.7345,73.4481,77.8349,82.3955,87.1284,91.5211,95.7576,100.7704,105.5814,112.5828,122.7676,134.9954,147.8346,159.4217,168.0258,174.4409,179.0295,181.9668,184.1793,185.4977,186.3757,186.9487,187.2639,187.6219,187.8988,188.1168,188.2612,188.3893,188.4821,188.5307
Uruguai,0.0,0.0,0.0,0.0,0.0,0.0,0.0,0.0,0.0,0.0288,0.2015,0.2303,0.3454,0.4318,0.4894,0.547,0.5757,0.6333,0.6621,0.6621,0.6909,0.7197,0.7773,0.8348,0.8924,0.95,1.0076,1.0651,1.0651,1.1515,1.2379,1.2666,1.2954,1.2954,1.3242,1.3818,1.4106,1.4682,1.4969,1.5545,1.756,1.7848,1.9575,2.0727,2.2454,2.4757,2.8212,3.4545,4.8363,6.2469,7.7438,9.4999,11.5438,13.0407,14.5665,15.718,16.927,17.7619,19.1725,20.8709,23.8073,27.4345,34.2859,45.9161,58.2083,70.5869,82.361,92.3503,103.0017,112.9046
Uzbequistão,0.0,0.0,0.0,0.0,0.0,0.0,0.0,0.0,0.0,0.006,0.006,0.012,0.0179,0.0239,0.0299,0.0299,0.0388,0.0418,0.0448,0.0538,0.0568,0.0568,0.0777,0.1225,0.2002,0.2838,0.3705,0.493,0.6095,0.7231,0.8485,0.9651,1.0696,1.2011,1.3206,1.3923,1.461,1.5268,1.5955,1.6612,1.715,1.7568,1.7897,1.8046,1.8256,1.8256,1.8285,1.8285,1.8315,1.8345,1.8435,1.8524,1.8554,1.8554,1.8554,1.8584,1.8584,1.8584,1.8584,1.8584,1.8614,1.8764,1.8883,1.8943,1.9092,1.9301,1.957,1.9839,2.0078,2.0317
Vanuatu,0.0,0.0,0.0,0.0,0.0,0.0,0.0,0.0,0.0,0.0,0.0,0.0,0.0,0.0,0.0,0.0,0.0,0.0,0.0,0.0,0.0,0.0,0.0,0.0,0.0,0.0,0.0,0.0,0.0,0.0,0.0,0.0,0.0,0.0,0.0,0.0,0.0,0.0,0.0,0.0,0.0,0.0,0.0,0.0,0.0,0.0,0.0,0.0,0.0,0.0,0.0,0.0,0.0,0.0,0.0,0.0,0.0,0.0,0.0,0.0,0.0,0.0,0.0,0.0,0.0,0.3256,0.3256,0.3256,0.3256,0.3256
Venezuela,0.0,0.0,0.0,0.0,0.0,0.0,0.0,0.0,0.0,0.0106,0.0246,0.0317,0.0352,0.0352,0.0563,0.0352,0.0352,0.0387,0.0633,0.0809,0.095,0.1231,0.1794,0.2497,0.3376,0.422,0.531,0.6576,0.837,1.0445,1.2062,1.375,1.5614,1.7654,1.9834,2.1839,2.3386,2.4968,2.627,2.743,2.8485,2.9329,3.0173,3.0806,3.1685,3.2635,3.3936,3.5061,3.5905,3.6644,3.791,3.9246,4.0758,4.227,4.3853,4.5435,4.6596,4.7581,4.9198,5.1027,5.3137,5.588,5.9537,6.3828,6.8364,7.3217,7.7648,8.1587,8.5385,8.8902
Vietnã,0.0,0.0,0.0,0.0,0.0,0.0,0.0,0.0,0.0,0.0,0.0,0.0,0.0,0.0,0.0,0.0,0.0,0.0,0.0,0.0,0.0,0.0,0.0,0.0,0.0,0.0,0.0,0.0082,0.0164,0.0267,0.0277,0.0349,0.036,0.036,0.036,0.036,0.036,0.036,0.036,0.036,0.036,0.036,0.036,0.036,0.036,0.036,0.036,0.036,0.036,0.036,0.036,0.036,0.036,0.036,0.036,0.036,0.036,0.036,0.036,0.036,0.036,0.036,0.036,0.036,0.036,0.036,0.036,0.036,0.038,0.0452
Cisjordânia e Faixa de Gaza,0.0,0.0,0.0,0.0,0.0,0.0,0.0,0.0,0.0,0.0223,0.0223,0.0445,0.0445,0.0445,0.0445,0.0445,0.0445,0.0668,0.0668,0.0668,0.0668,0.0668,0.1781,0.4006,0.9793,1.4244,1.7582,1.914,2.3147,2.515,2.9601,3.5387,4.2287,5.0967,5.9869,6.8104,7.7674,8.7022,9.3699,10.1934,11.1504,11.8626,12.9086,14.6001,16.6254,19.2962,22.7681,26.663,30.0682,33.4957,36.2777,38.7481,40.128,41.1518,42.2201,43.2216,44.379,45.9147,48.2961,51.501,55.151,58.1778,60.8709,64.5654,68.5048,71.2423,73.3566,75.5155,76.4947,77.2292
Iémen,0.0,0.0,0.0,0.0,0.0,0.0,0.0,0.0,0.0,0.0,0.0,0.0,0.0,0.0,0.0101,0.0335,0.0939,0.1643,0.2917,0.4258,0.7175,0.8751,1.0461,1.1668,1.4383,1.5289,1.6227,1.6965,1.7535,1.8004,1.8675,1.9111,1.9312,1.9547,1.9647,1.9681,1.9882,1.9983,2.0016,2.0083,2.015,2.015,2.0217,2.0251,2.0284,2.0318,2.0318,2.0318,2.0452,2.0452,2.0519,2.0519,2.062,2.062,2.062,2.072,2.0787,2.1458,2.1927,2.3704,2.6319,2.9572,3.2723,3.5975,3.8155,4.0468,4.1575,4.2782,4.3486,4.3921
Zâmbia,0.0,0.0,0.0,0.0,0.0,0.0,0.0,0.0,0.0,0.0,0.0054,0.0109,0.0163,0.0163,0.0163,0.0381,0.0381,0.0381,0.0381,0.0544,0.0598,0.0979,0.1305,0.2285,0.2285,0.6963,0.7724,0.941,1.3109,1.436,1.5339,1.5775,1.6155,1.7624,1.8005,1.8059,1.8222,1.8766,1.8821,1.893,1.8984,1.9038,1.9202,1.9419,1.9419,1.98,2.0017,2.0616,2.0942,2.2411,2.6926,3.144,3.6554,4.319,4.7922,5.2981,5.6571,6.0052,6.1847,6.3479,6.4458,6.5383,6.658,6.6852,6.7233,6.794,6.8212,6.8429,6.8701,6.9136
Zimbábue,0.0,0.0,0.0,0.0,0.0,0.0,0.0,0.0,0.0067,0.0067,0.0135,0.0202,0.0202,0.0269,0.0269,0.0269,0.0269,0.0269,0.0269,0.0269,0.0269,0.0404,0.0471,0.0606,0.1346,0.1749,0.2691,0.545,0.6997,0.9487,1.1169,1.3658,1.4667,1.5071,1.5206,1.534,1.5407,1.5475,1.5677,1.6282,1.6551,1.7157,1.7493,1.8435,1.8637,2.0386,2.0857,2.1934,2.4154,2.8124,3.7072,5.5507,7.4212,8.4371,9.1032,9.5136,9.7424,9.9038,10.0182,10.1393,10.1999,10.2268,10.3008,10.3815,10.4555,10.5296,10.5901,10.6238,10.6507,10.6708
