País Português,1,2,3,4,5,6,7,8,9,10,11,12,13,14,15,16,17,18,19,20,21,22,23,24,25,26,27,28,29,30,31,32,33,34,35,36,37,38,39,40,41,42,43,44,45,46,47,48,49,50,51,52,53,54,55,56,57,58,59,60,61,62,63,64,65,66,67,68,69,70,71,72,73,74,75,76,77,78,79,80,81,82,83,84,85
Afeganistão,0,0,0,0,0,0,0,0,1,4,16,23,36,59,95,127,178,221,274,388,495,617,752,922,1064,1188,1272,1290,1346,1382,1398,1407,1419,1428,1447,1460,1469,1482,1501,1525,1547,1580,1641,1715,1822,1906,1995,2096,2179,2244,2301,2346,2389,2405,2414,2428,2435,2446,2451,2460,2466,2476,2512,2529,2549,2598,2648,2710,2751,2836,2973,3251,3683,4293,4794,5360,5791,6266,6515,6804,6961,7031,7083,7118,7144
Albânia,0,0,0,0,0,0,0,1,5,15,22,24,26,30,31,31,31,33,33,34,37,45,62,81,97,117,148,176,205,232,259,290,321,340,367,384,403,429,458,487,532,579,637,735,822,936,1028,1111,1170,1210,1252,1287,1332,1398,1488,1582,1696,1835,1969,2077,2156,2227,2283,2326,2353,2383,2402,2420,2436,2447,2451,2452,2454,2455,2456,2456,2456,2456,2456,2457,2460,2468,2480,2498,2523
Argélia,0,0,0,0,0,0,0,4,19,44,193,326,392,437,470,515,561,617,667,724,788,861,912,968,1028,1100,1174,1248,1322,1391,1456,1518,1571,1632,1689,1726,1768,1818,1873,1931,1980,2077,2186,2309,2447,2539,2623,2687,2745,2782,2816,2843,2871,2898,2924,2945,2967,2991,3022,3045,3066,3089,3112,3137,3165,3225,3289,3343,3388,3433,3480,3537,3588,3650,3708,3775,3867,3979,4112,4370,4618,4867,5063,5269,5471
Andorra,0,0,0,0,0,0,0,0,1,12,22,31,37,41,46,48,51,51,51,51,52,52,52,52,52,52,52,52,52,53,53,53,53,53,53,53,53,57,62,72,75,75,76,76,76,78,79,82,84,84,86,92,97,102,106,107,110,110,112,113,113,115,117,121,123,124,127,127,127,127,127,127,127,127,127,127,127,127,127,128,129,129,130,130,130
Angola,0,0,0,0,0,0,0,0,0,2,2,2,2,2,2,2,3,4,4,4,6,10,13,21,26,30,47,59,80,90,102,109,124,139,155,179,211,222,251,271,291,308,328,338,350,355,372,393,403,410,422,442,462,468,478,494,500,510,516,522,530,536,547,554,565,587,609,639,685,735,772,803,842,875,894,920,941,970,994,1022,1057,1118,1166,1217,1299
Antígua e Barbuda,0,0,0,0,0,0,0,0,0,0,1,2,3,3,3,3,3,3,3,3,3,3,3,3,3,3,3,3,3,3,3,3,3,3,3,3,3,3,3,3,3,3,4,4,4,4,5,5,5,5,5,6,6,7,8,9,14,14,22,27,28,28,29,31,31,32,32,32,42,42,42,42,42,42,42,42,42,42,43,43,43,43,43,44,47
Argentina,0,0,0,0,0,0,1,2,6,27,56,102,147,207,264,319,393,484,569,717,878,1078,1307,1644,1968,2490,3179,3979,5004,6048,7563,8919,10405,11852,13952,16519,21827,24572,27100,29730,32052,34183,36106,37432,38928,40009,41204,42254,43018,43785,44848,46066,47253,48426,49566,50432,51510,52192,53252,54036,54823,55736,56634,58174,59792,62599,65202,68311,71771,75056,78733,82667,86615,90281,93668,96983,99640,102381,104352,106447,108165,109405,110806,111812,112851
Arménia,0,0,0,0,0,0,0,0,0,3,8,16,24,30,40,47,64,91,158,217,293,372,443,503,581,662,719,768,803,832,858,881,903,920,938,958,990,1032,1101,1222,1413,1609,1811,2002,2193,2372,2529,2673,2797,2878,2941,3007,3052,3089,3126,3150,3171,3200,3232,3277,3384,3497,3627,3775,3919,4058,4165,4256,4346,4400,4445,4463,4489,4502,4514,4530,4549,4572,4597,4621,4658,4713,4768,4844,4939
Austrália,0,0,0,0,0,1,3,5,8,18,45,62,67,89,97,98,100,103,103,102,102,103,104,106,111,128,176,247,352,450,549,663,781,824,859,886,897,904,905,907,907,907,907,907,908,908,908,908,909,909,909,909,909,909,909,909,909,909,909,909,909,909,909,910,910,910,910,910,910,910,910,910,910,910,910,910,912,915,922,927,945,970,986,1012,1063
Áustria,0,0,0,0,0,0,0,3,28,128,243,384,491,569,606,623,632,643,669,672,681,693,705,706,709,711,713,719,723,729,733,734,747,757,771,796,822,861,914,1005,1192,1499,1945,2577,3325,4002,4648,5540,6059,6457,6819,7199,7515,7847,8071,8260,8434,8605,8757,8925,9121,9308,9517,9748,9959,10126,10291,10413,10499,10551,10615,10647,10668,10684,10701,10718,10724,10729,10737,10742,10751,10757,10768,10782,10812
Azerbaijão,0,0,0,0,0,0,0,1,1,5,8,13,20,22,26,33,41,52,71,98,126,167,213,265,319,376,430,473,495,509,521,536,552,566,578,590,600,612,635,688,768,867,1005,1194,1433,1713,2007,2294,2575,2792,2941,3032,3100,3141,3163,3185,3204,3225,3250,3298,3384,3538,3743,3978,4203,4429,4597,4713,4802,4877,4921,4947,4958,4963,4973,4978,4988,4994,5011,5034,5084,5188,5370,5636,5920
Bahamas,0,0,0,0,0,0,0,0,0,0,6,8,9,11,11,11,11,11,11,11,11,11,11,11,11,11,11,14,15,20,46,50,59,69,77,91,100,108,124,136,149,154,163,163,163,163,164,169,170,175,175,175,175,176,176,179,179,179,185,186,188,188,189,190,194,198,210,214,221,225,230,232,239,244,246,251,254,274,284,291,308,313,338,354,453
Bahrein,0,0,0,0,0,0,0,1,3,4,5,7,7,8,8,9,12,14,19,29,47,67,87,98,111,129,141,151,165,175,186,190,202,213,227,246,262,285,305,316,324,331,337,340,341,343,348,350,351,352,356,362,370,376,387,410,433,453,474,487,503,517,545,566,605,626,662,697,765,866,1009,1161,1246,1326,1351,1366,1378,1380,1383,1384,1384,1384,1387,1388,1388
Bangladesh,0,0,0,0,0,0,0,0,4,5,17,46,110,155,183,250,370,522,709,975,1262,1545,1847,2151,2424,2709,3000,3234,3471,3740,4028,4316,4552,4802,5007,5219,5405,5577,5699,5838,5983,6108,6254,6448,6675,6906,7129,7329,7509,7670,7819,7942,8055,8149,8229,8298,8374,8423,8489,8597,8738,8994,9384,9891,10588,11228,11705,12005,12211,12441,12660,12913,13222,13702,14388,15392,16842,18325,19779,21397,23161,24547,25513,26195,26684
Barbados,0,0,0,0,0,0,0,0,0,0,3,4,5,6,7,7,7,7,7,7,7,7,7,7,7,7,7,7,7,7,7,7,7,7,7,7,7,7,7,7,7,7,7,7,7,7,7,7,7,7,7,7,10,14,20,25,31,36,37,39,40,42,43,44,44,44,45,45,47,47,47,47,47,47,47,47,48,48,48,48,48,48,48,50,51
Bielorrússia,0,0,0,0,0,0,0,0,0,1,13,33,55,79,107,142,175,208,243,282,318,357,392,436,474,507,543,574,592,617,652,686,721,761,791,828,868,906,937,965,992,1016,1060,1112,1166,1222,1282,1341,1404,1471,1535,1601,1668,1737,1801,1867,1930,1993,2055,2112,2175,2237,2304,2373,2443,2512,2582,2652,2721,2791,2861,2929,2995,3063,3132,3204,3276,3344,3413,3483,3551,3625,3701,3780,3859
Bélgica,0,0,0,0,0,0,0,10,122,705,2035,4157,5998,7331,8016,8761,9108,9334,9505,9619,9663,9713,9747,9774,9787,9805,9833,9852,9885,9959,9996,9897,9912,9930,9955,10001,10092,10244,10489,11038,12126,13561,14839,15938,16786,17507,18178,18821,19361,19827,20194,20554,20879,21173,21472,21750,21956,22141,22327,22572,22763,22966,23247,23566,23834,24104,24367,24609,24749,24873,24968,25051,25099,25144,25170,25194,25207,25213,25230,25251,25279,25299,25342,25380,25428
Belize,0,0,0,0,0,0,0,0,0,0,1,2,2,2,2,2,2,2,2,2,2,2,2,2,2,2,2,2,2,4,10,13,16,19,21,24,34,39,45,51,61,73,96,125,148,179,211,226,241,258,277,283,293,303,310,313,314,315,316,316,316,317,318,318,318,322,323,323,323,323,325,325,326,329,329,330,331,332,333,338,341,347,355,362,369
Benim,0,0,0,0,0,0,0,0,0,0,1,1,1,1,2,2,2,3,3,4,9,13,21,21,26,31,35,38,38,39,39,40,40,40,40,40,41,41,41,41,41,43,43,43,43,44,44,44,44,44,46,46,48,52,55,62,70,70,81,81,90,90,93,93,97,97,100,101,101,101,101,102,103,104,104,104,105,107,107,108,113,113,127,128,135
Butão,0,0,0,0,0,0,0,0,0,0,0,0,0,0,0,0,0,0,0,0,0,0,0,0,0,0,0,0,0,0,0,0,0,0,0,0,0,0,0,0,0,0,0,0,0,0,0,0,0,0,1,1,1,1,1,1,1,1,1,1,1,1,1,1,1,1,1,1,1,1,1,1,1,1,1,1,1,2,2,2,2,3,3,3,3
Bolívia,0,0,0,0,0,0,0,0,0,6,14,28,34,55,86,128,189,274,376,487,659,846,1123,1530,1898,2273,2720,3320,3761,4172,4664,5101,7097,7447,7693,7931,8156,8351,8526,8672,8751,8808,8866,8928,8963,9002,9026,9052,9135,9241,9454,9722,10105,10513,10929,11274,11508,11703,11858,11997,12093,12239,12366,12496,12695,12885,13035,13258,13566,14124,14639,15177,15738,16243,16702,17013,17287,17475,17716,17882,18004,18222,18330,18452,18514
Bósnia e Herzegovina,0,0,0,0,0,0,0,0,3,13,33,40,51,63,79,117,134,149,157,160,168,172,186,207,226,264,297,373,447,495,560,620,669,725,778,843,903,947,1017,1125,1317,1629,2042,2394,2727,3081,3457,3792,4024,4211,4373,4509,4621,4737,4834,4935,5034,5145,5345,5637,6005,6519,7052,7487,8025,8418,8713,8912,9070,9168,9270,9460,9534,9648,9663,9667,9667,9669,9686,9689,9694,9716,9750,9803,9919
Botswana,0,0,0,0,0,0,0,0,0,1,1,1,1,1,1,1,1,1,1,1,1,1,1,1,1,1,2,2,2,3,3,6,9,11,13,16,18,20,21,21,24,27,30,31,34,36,38,38,40,45,59,88,124,148,179,226,300,332,413,447,485,568,616,663,684,702,724,751,774,809,849,885,926,1069,1125,1188,1253,1328,1485,1653,1832,2043,2171,2261,2309
Brasil,0,0,0,0,0,0,0,1,46,201,686,1532,2741,5083,7938,12461,17983,24512,31199,38406,45241,52645,59594,66741,74133,81487,88539,95819,103026,109888,116580,122596,127464,133119,138105,142921,147494,150998,154837,157946,160496,162802,166699,170115,173817,178159,182799,188259,192681,197732,204690,211491,218878,226309,233520,240940,248529,257361,268370,282127,298676,317646,336947,358425,378003,395022,411588,425540,439050,452031,465199,476792,490696,504717,515985,526892,535838,544180,551835,558432,564773,570598,575742,580413,584108
Brunei,0,0,0,0,0,0,0,0,0,1,1,1,1,1,1,1,1,1,2,2,3,3,3,3,3,3,3,3,3,3,3,3,3,3,3,3,3,3,3,3,3,3,3,3,3,3,3,3,3,3,3,3,3,3,3,3,3,3,3,3,3,3,3,3,3,3,3,3,3,3,3,3,3,3,3,3,3,3,3,3,3,3,3,9,16
Bulgária,0,0,0,0,0,0,0,2,3,8,23,35,45,58,80,95,112,130,144,167,181,208,230,254,283,313,355,415,471,519,572,642,692,736,767,813,862,923,1019,1161,1412,1851,2413,3226,4188,5156,6005,6879,7405,7902,8279,8614,8916,9178,9482,9703,9978,10391,10902,11579,12307,13068,13786,14746,15518,16182,16609,17104,17379,17581,17726,17860,17932,18008,18049,18127,18154,18184,18203,18225,18288,18395,18565,18896,19270
Burkina Faso,0,0,0,0,0,0,0,0,4,14,19,30,38,42,48,51,51,52,53,53,53,53,53,53,53,53,53,54,54,55,55,55,56,56,56,58,59,63,65,67,67,67,68,68,68,69,73,77,82,86,92,105,118,126,134,138,141,143,143,144,145,146,150,153,155,156,161,164,165,166,167,167,167,168,168,168,168,169,169,169,169,170,171,171,171
Myanmar,0,0,0,0,0,0,0,0,0,1,1,4,5,5,6,6,6,6,6,6,6,6,6,6,6,6,6,6,6,6,6,6,12,39,116,284,471,693,945,1147,1307,1461,1625,1784,1972,2151,2319,2484,2637,2766,2878,2986,3082,3138,3180,3192,3197,3199,3200,3203,3204,3206,3206,3206,3206,3207,3209,3210,3213,3216,3217,3228,3248,3267,3320,3513,4036,5567,7845,10373,12234,13623,14622,15389,16082
Burundi,0,0,0,0,0,0,0,0,0,0,0,1,1,1,1,1,1,1,1,1,1,1,1,1,1,1,1,1,1,1,1,1,1,1,1,1,1,1,1,1,1,1,1,1,1,1,1,2,2,2,2,2,2,2,3,3,3,3,3,3,6,6,6,6,6,6,6,6,6,6,6,8,8,8,8,8,8,8,8,38,38,38,38,38,38
Cabo Verde,0,0,0,0,0,0,0,0,1,1,1,1,1,1,2,2,3,4,5,5,7,8,15,18,19,21,22,26,33,36,37,40,42,46,52,59,69,77,87,94,95,101,103,104,106,109,110,112,112,113,115,120,129,134,137,140,144,148,154,157,163,168,173,187,194,211,228,236,252,259,264,269,276,284,286,289,290,296,298,298,298,300,306,313,317
Camboja,0,0,0,0,0,0,0,0,0,0,0,0,0,0,0,0,0,0,0,0,0,0,0,0,0,0,0,0,0,0,0,0,0,0,0,0,0,0,0,0,0,0,0,0,0,0,0,0,0,0,0,0,0,0,0,0,0,0,0,1,5,11,22,33,49,82,107,131,156,183,220,278,361,459,575,779,953,1149,1324,1471,1602,1718,1821,1903,1981
Camarões,0,0,0,0,0,0,0,0,0,6,9,14,43,58,64,125,140,175,200,212,276,313,313,359,359,382,391,391,398,406,410,414,415,415,416,418,420,423,425,426,429,433,433,436,441,443,445,448,448,448,451,455,462,474,474,479,523,551,566,601,601,721,851,919,939,991,1107,1152,1189,1239,1275,1302,1310,1320,1324,1324,1324,1330,1334,1334,1334,1338,1338,1350,1357
Canadá,0,0,0,0,0,0,1,6,33,152,581,1361,2484,3756,5081,6107,6828,7512,8008,8347,8521,8670,8780,8843,8900,8954,9001,9043,9080,9118,9159,9197,9219,9257,9309,9373,9617,9752,9909,10120,10403,10769,11220,11762,12317,12993,13793,14607,15528,16389,17359,18382,19392,20242,20914,21395,21763,22046,22305,22520,22736,22927,23142,23393,23714,24066,24400,24715,25019,25325,25567,25792,25973,26156,26275,26382,26451,26509,26561,26608,26684,26720,26849,26989,27122
República Centro-Africana,0,0,0,0,0,0,0,0,0,0,0,0,0,0,0,0,0,1,4,5,14,37,47,52,53,55,59,59,61,61,61,62,62,62,62,62,62,62,62,62,62,62,63,63,63,63,63,63,63,63,63,63,63,63,63,63,63,63,63,63,64,67,73,75,79,87,91,93,96,97,98,98,98,98,98,98,98,98,98,98,98,99,99,100,100
Chade,0,0,0,0,0,0,0,0,0,0,0,0,0,2,17,40,56,62,66,71,74,74,74,74,75,75,75,75,76,76,77,77,79,81,81,85,88,92,93,96,98,99,101,101,102,102,102,102,104,105,108,114,116,121,125,131,136,140,148,155,158,164,166,167,169,170,170,172,173,173,173,174,174,174,174,174,174,174,174,174,174,174,174,174,174
Chile,0,0,0,0,0,0,0,0,2,12,43,92,147,207,275,335,509,806,1188,2283,3383,4505,5688,6434,7069,8677,9240,9745,10178,10546,10958,11321,11682,12040,12321,12725,13070,13396,13702,14026,14319,14611,14883,15131,15430,15680,15949,16217,16488,16788,17182,17573,18023,18559,19084,19644,20151,20684,21182,21789,22384,23107,23734,24518,25317,26020,26696,27356,27965,28585,29344,30104,30865,31690,32489,33288,34016,34569,35151,35640,36138,36438,36701,36937,37115
China,131,491,1112,2003,2665,2947,3139,3230,3281,3309,3335,3345,4636,4637,4637,4637,4638,4638,4638,4638,4638,4640,4641,4641,4642,4648,4657,4676,4693,4705,4712,4724,4733,4736,4737,4739,4739,4739,4739,4739,4739,4742,4742,4742,4743,4746,4757,4766,4777,4787,4794,4800,4809,4820,4824,4831,4833,4836,4838,4839,4840,4841,4841,4844,4845,4845,4846,4846,4846,4846,4846,4846,4846,4846,4847,4848,4848,4848,4851,4848,4848,4848,4848,4848,4848
Colômbia,0,0,0,0,0,0,0,0,3,16,50,127,196,269,378,493,613,776,1009,1372,1801,2404,3334,4359,5625,7166,9074,11315,13475,15619,17889,20050,21817,23288,24397,25828,27017,28141,29272,30565,31847,33128,34381,35677,36934,38158,39356,40931,42620,44428,46782,49402,52128,54576,56507,57949,59118,59972,60676,61368,62274,63255,64524,66482,69177,72235,75627,78771,82291,85666,89297,92923,96965,101302,105934,110019,113839,117131,119482,121216,122768,123688,124388,124945,125378
Comores,0,0,0,0,0,0,0,0,0,0,0,0,0,0,0,1,1,1,2,2,3,7,7,7,7,7,7,7,7,7,7,7,7,7,7,7,7,7,7,7,7,7,7,7,7,7,7,7,9,13,30,51,77,100,118,133,144,144,146,146,146,146,146,146,146,146,146,146,146,146,146,146,146,146,146,146,146,147,147,147,147,147,147,147,147
República do Congo,0,0,0,0,0,0,0,0,0,0,5,5,6,8,10,11,15,16,20,24,27,37,37,44,47,50,54,58,60,76,78,78,114,114,89,89,89,90,92,92,92,92,92,93,94,94,100,100,107,108,112,114,117,117,122,123,127,128,131,131,134,135,137,137,139,144,147,148,148,153,153,157,160,164,165,167,167,176,177,178,179,179,179,183,183
República Democrática do Congo,0,0,0,0,0,0,0,0,2,8,18,20,25,30,34,44,61,68,72,90,112,135,170,182,190,196,208,215,225,243,251,259,260,267,271,272,274,276,303,305,315,316,322,331,335,344,358,370,584,599,625,640,661,675,684,695,700,711,712,722,726,743,745,745,748,760,770,775,776,780,782,817,854,888,924,969,984,1018,1023,1045,1048,1050,1053,1059,1061
Costa Rica,0,0,0,0,0,0,0,0,2,2,2,3,6,6,6,7,10,10,10,11,12,12,16,23,37,68,125,181,255,314,376,443,531,633,760,880,1004,1124,1222,1329,1419,1502,1578,1662,1731,1846,1956,2051,2156,2248,2367,2477,2567,2641,2698,2737,2785,2820,2848,2886,2908,2957,3000,3044,3104,3186,3310,3456,3673,3877,4074,4251,4407,4546,4661,4740,4829,4915,4987,5070,5169,5269,5378,5506,5673
Costa do Marfim,0,0,0,0,0,0,0,0,0,1,3,6,13,14,18,21,28,30,33,38,46,58,68,76,87,93,98,103,105,110,114,117,119,120,120,120,120,120,121,122,126,126,129,131,132,132,133,133,137,138,140,142,147,158,165,179,188,193,206,214,222,242,256,269,275,285,291,292,298,298,306,306,306,309,313,315,319,322,326,332,347,365,402,441,483
Croácia,0,0,0,0,0,0,0,0,1,6,18,31,48,63,83,91,96,101,103,106,107,107,107,113,120,123,140,154,160,166,175,187,203,230,255,275,304,330,382,470,628,865,1113,1445,1861,2298,2778,3328,3795,4179,4446,4684,4882,5071,5224,5357,5462,5548,5621,5697,5808,5928,6113,6358,6643,6957,7264,7549,7765,7950,8034,8096,8160,8188,8205,8221,8231,8243,8247,8267,8275,8288,8306,8334,8385
Cuba,0,0,0,0,0,0,0,0,1,6,11,21,38,58,69,78,79,82,83,83,84,85,86,86,87,87,87,88,88,89,91,95,104,108,117,122,123,123,127,128,129,130,131,133,136,136,137,139,143,147,155,175,200,218,244,274,304,328,352,376,401,421,440,476,538,604,686,755,826,901,965,1033,1106,1180,1270,1387,1608,2019,2492,2993,3608,4156,4710,5303,5881
Chipre,0,0,0,0,0,0,0,0,3,8,11,12,12,15,15,16,17,17,17,18,18,19,19,19,19,19,19,19,20,20,20,21,22,22,22,22,23,25,25,25,27,35,40,46,49,68,84,96,117,134,157,176,190,202,214,225,230,232,233,241,246,256,264,274,295,303,326,339,348,357,360,365,374,374,374,380,382,391,410,429,447,464,486,503,518
República Tcheca,0,0,0,0,0,0,0,0,3,31,88,161,201,227,257,283,302,317,323,328,331,339,349,353,355,360,374,386,391,401,416,425,441,476,531,636,794,1106,1619,2547,3913,5323,6558,7499,8407,9036,9743,10562,11302,12257,13485,14646,15618,16545,17497,18430,19537,20701,22147,23657,25055,26222,27169,28038,28640,29075,29421,29749,29933,30041,30119,30193,30229,30283,30298,30312,30333,30341,30362,30378,30372,30376,30385,30404,30408
Dinamarca,0,0,0,0,0,0,0,4,32,90,203,299,370,434,503,533,551,563,580,593,598,603,605,609,610,611,613,616,621,621,623,625,628,633,641,650,663,674,688,709,728,750,768,797,846,901,961,1070,1226,1420,1624,1838,2031,2161,2245,2309,2344,2368,2382,2396,2404,2418,2433,2447,2464,2480,2492,2500,2504,2511,2517,2521,2528,2532,2535,2539,2540,2543,2547,2552,2556,2564,2570,2586,2596
Diamond Princess,0,0,0,0,3,6,6,7,10,10,11,12,13,13,13,13,13,13,13,13,13,13,13,13,13,13,13,13,13,13,13,13,13,13,13,13,13,13,13,13,13,13,13,13,13,13,13,13,13,13,13,13,13,13,13,13,13,13,13,13,13,13,13,13,13,13,13,13,13,13,13,13,13,13,13,13,13,13,13,13,13,13,13,13,13
Djibouti,0,0,0,0,0,0,0,0,0,0,0,2,2,2,2,3,7,14,25,34,43,49,54,55,56,56,58,59,59,59,60,60,61,61,61,61,61,61,61,61,61,61,61,61,61,61,61,61,61,61,61,61,62,63,63,63,63,63,63,63,64,69,85,102,123,142,147,151,151,153,154,154,154,155,155,155,155,155,155,156,156,156,157,157,157
Domínica,0,0,0,0,0,0,0,0,0,0,0,0,0,0,0,0,0,0,0,0,0,0,0,0,0,0,0,0,0,0,0,0,0,0,0,0,0,0,0,0,0,0,0,0,0,0,0,0,0,0,0,0,0,0,0,0,0,0,0,0,0,0,0,0,0,0,0,0,0,0,0,0,0,0,0,0,0,0,0,0,0,0,1,4,5
República Dominicana,0,0,0,0,0,0,0,1,6,51,98,183,245,286,354,402,441,468,515,544,615,675,747,821,910,999,1101,1213,1346,1489,1585,1738,1889,1998,2064,2101,2149,2183,2204,2226,2252,2269,2290,2313,2333,2347,2367,2398,2405,2419,2427,2461,2564,2704,2864,2975,3057,3118,3191,3237,3283,3317,3355,3397,3426,3462,3504,3550,3597,3610,3634,3672,3717,3769,3815,3866,3897,3928,3945,3968,3975,3985,4002,4008,4013
Equador,0,0,0,0,0,0,0,2,27,75,191,369,520,871,1569,2327,2839,3203,3438,3690,3970,4274,4527,4873,5130,5366,5584,5808,5951,6105,6368,6571,10627,10963,11126,11312,11702,12235,12404,12588,12698,12849,13025,13264,13501,13794,13896,13949,14001,14103,14196,14382,14668,14915,15086,15392,15567,15850,16069,16259,16504,16780,17004,17351,17744,18389,18863,19286,19877,20227,20620,20831,21061,21315,21545,21708,21832,30744,30797,31644,31788,31870,32104,32244,32353
Egito,0,0,0,0,0,0,1,4,20,46,94,178,264,359,452,544,659,797,1052,1306,1766,2365,2953,3489,4008,4399,4691,4912,5059,5184,5298,5440,5560,5679,5806,5914,6001,6071,6142,6222,6305,6394,6481,6573,6666,6813,6966,7167,7520,7918,8304,8696,9067,9407,9751,10101,10443,10778,11082,11384,11680,11956,12253,12526,12820,13168,13591,14033,14441,14807,15136,15437,15691,15935,16148,16306,16412,16457,16498,16540,16588,16630,16683,16736,16811
El Salvador,0,0,0,0,0,0,0,0,0,1,4,6,7,8,14,20,30,36,49,60,76,113,174,229,278,352,417,486,570,625,678,724,765,792,814,839,869,899,929,957,987,1020,1052,1086,1120,1168,1212,1265,1313,1373,1437,1509,1583,1638,1701,1758,1815,1869,1923,1958,1986,2006,2030,2057,2082,2111,2137,2164,2195,2224,2252,2279,2305,2341,2376,2414,2457,2508,2577,2663,2742,2804,2855,2918,2977
Guiné Equatorial,0,0,0,0,0,0,0,0,0,0,0,0,0,1,3,4,7,12,12,12,32,32,32,51,51,51,51,83,83,83,83,83,83,83,83,83,83,83,83,83,83,85,85,85,85,85,85,85,86,86,86,86,86,86,87,87,91,92,96,100,101,102,104,106,106,107,112,112,112,113,118,118,120,120,121,122,122,123,123,123,123,123,123,126,129
Eritreia,0,0,0,0,0,0,0,0,0,0,0,0,0,0,0,0,0,0,0,0,0,0,0,0,0,0,0,0,0,0,0,0,0,0,0,0,0,0,0,0,0,0,0,0,0,0,0,1,1,3,6,6,7,7,7,7,7,7,7,7,7,9,10,10,10,10,12,12,14,14,14,14,17,21,23,25,30,32,33,35,36,37,37,38,40
Estónia,0,0,0,0,0,0,0,0,0,4,21,31,43,50,55,61,64,65,68,69,69,69,69,69,69,69,69,69,63,63,64,64,64,64,64,64,67,68,71,73,73,76,84,94,121,137,157,187,221,258,292,344,392,424,474,508,553,605,669,739,809,896,964,1049,1104,1148,1177,1206,1229,1241,1258,1264,1266,1269,1269,1270,1270,1271,1271,1273,1277,1279,1285,1292,1305
Essuatíni,0,0,0,0,0,0,0,0,0,0,0,0,1,1,1,2,2,2,3,3,4,7,11,14,20,24,39,49,63,76,86,94,96,101,106,108,112,114,116,116,117,117,119,120,122,124,132,142,175,252,319,403,517,583,610,634,647,652,658,663,665,667,669,669,671,671,671,671,672,672,673,674,676,677,678,683,696,727,765,813,889,951,1033,1101,1158
Etiópia,0,0,0,0,0,0,0,0,0,0,2,3,3,3,4,5,5,6,14,32,61,75,103,103,139,180,239,343,440,572,709,828,949,1035,1127,1191,1238,1305,1371,1445,1494,1537,1588,1661,1709,1766,1813,1864,1913,1963,2004,2037,2075,2116,2158,2223,2305,2386,2451,2573,2693,2841,3025,3230,3439,3605,3772,3911,4021,4093,4171,4220,4257,4290,4320,4335,4347,4359,4374,4395,4440,4495,4580,4675,4804
Fiji,0,0,0,0,0,0,0,0,0,0,0,0,0,0,0,0,0,0,0,0,0,0,0,0,0,0,0,1,1,1,1,2,2,2,2,2,2,2,2,2,2,2,2,2,2,2,2,2,2,2,2,2,2,2,2,2,2,2,2,2,2,2,2,2,2,2,2,3,4,4,4,4,5,9,21,39,59,125,206,261,327,405,453,496,525
Finlândia,0,0,0,0,0,0,0,0,1,17,34,64,141,199,246,275,301,312,320,324,326,327,328,329,329,328,329,331,333,334,335,336,336,339,341,345,346,346,351,355,359,363,371,384,399,424,466,511,550,576,602,621,655,684,703,720,734,755,776,801,808,826,860,877,893,908,916,927,933,942,956,959,964,967,969,973,976,979,982,985,993,1006,1014,1029,1039
França,0,0,0,1,1,4,33,149,1102,3526,10330,15712,20769,23634,25537,26994,28242,28598,28943,29301,29553,29722,29846,29936,30037,30182,30227,30300,30357,30456,30553,30673,30773,31013,31430,31898,32386,32955,33912,35566,38765,42281,46350,50322,53595,56450,59181,61820,64203,66416,68938,71481,74249,77382,80294,82960,85194,87372,89454,91324,93063,95495,97432,99640,101728,103763,105550,107098,108203,109043,109827,110309,110709,111005,111234,111412,111589,111707,111881,112196,112591,113179,114112,114926,115680
Gabão,0,0,0,0,0,0,0,0,1,1,1,1,1,3,6,9,12,14,20,21,29,39,42,46,46,46,49,51,51,53,53,53,53,53,54,54,54,54,54,54,55,57,58,59,60,60,63,64,64,66,66,66,67,68,71,75,76,87,91,101,108,114,119,129,136,138,140,143,145,149,152,154,157,158,159,161,162,163,163,164,165,165,165,166,168
Gâmbia,0,0,0,0,0,0,0,0,1,1,1,1,1,1,1,1,1,1,1,1,1,2,2,3,3,4,8,14,32,63,90,96,99,105,110,112,117,118,118,119,120,122,122,123,123,123,123,123,124,125,125,128,128,131,135,138,146,150,153,153,161,165,166,168,170,174,175,175,175,178,179,179,180,181,181,182,185,190,208,227,242,271,301,319,328
Geórgia,0,0,0,0,0,0,0,0,0,0,3,3,4,6,9,11,12,12,13,13,14,14,15,15,15,16,16,17,17,17,19,19,19,19,23,36,58,102,158,238,362,521,778,1051,1303,1576,1883,2182,2443,2646,2820,2973,3096,3208,3306,3377,3457,3532,3601,3658,3714,3773,3832,3894,3959,4060,4183,4336,4499,4654,4804,4951,5083,5199,5297,5383,5479,5592,5731,5910,6182,6483,6891,7408,7917
Alemanha,0,0,0,0,0,0,2,24,157,775,2016,3294,5033,6314,6993,7738,8081,8372,8563,8736,8820,8914,8990,9032,9078,9099,9131,9163,9208,9241,9281,9307,9336,9367,9405,9483,9566,9682,9882,10121,10717,11781,13138,14832,17177,20002,23544,28096,32267,36757,42889,48997,53619,58992,63006,65829,68785,70926,72534,73952,75255,76389,77245,79137,80680,82325,83890,85385,86671,87733,88781,89497,90079,90553,90883,91118,91295,91423,91592,91710,91824,91927,92067,92229,92463
Gana,0,0,0,0,0,0,0,0,2,5,5,8,9,16,18,22,31,34,38,48,58,95,112,129,139,153,168,191,215,248,270,276,283,294,297,301,303,310,312,316,320,320,323,323,323,326,327,333,335,335,338,358,372,424,482,555,582,607,656,698,734,740,752,761,771,779,780,783,783,783,785,787,790,794,795,796,802,815,823,844,880,930,982,1036,1083
Grécia,0,0,0,0,0,0,0,5,20,49,81,101,121,138,146,152,165,173,179,183,185,190,192,193,193,197,203,209,214,232,243,271,290,313,352,388,420,462,528,593,655,866,1228,1815,2517,3194,3785,4340,4730,5051,5329,5518,5692,5851,6017,6181,6343,6557,6843,7196,7582,8017,8532,9054,9627,10179,10668,11141,11534,11872,12122,12331,12459,12575,12676,12730,12782,12843,12887,12972,13087,13220,13417,13622,13971
Granada,0,0,0,0,0,0,0,0,0,0,0,0,0,0,0,0,0,0,0,0,0,0,0,0,0,0,0,0,0,0,0,0,0,0,0,0,0,0,0,0,0,0,0,0,0,0,0,0,0,1,1,1,1,1,1,1,1,1,1,1,1,1,1,1,1,1,1,1,1,1,1,1,1,1,1,1,1,1,1,1,1,1,1,2,13
Guatemala,0,0,0,0,0,0,0,1,1,1,3,5,7,15,19,27,43,63,123,289,418,582,773,1004,1302,1531,1782,2037,2233,2419,2630,2778,2890,2984,3137,3238,3310,3410,3546,3665,3748,3832,3947,4099,4178,4286,4476,4718,4781,4859,5080,5313,5486,5709,5955,6158,6315,6412,6493,6599,6730,6823,6903,7057,7279,7453,7606,7776,7913,8022,8183,8331,8500,8785,9147,9548,9756,9927,10176,10483,10845,11219,11552,11926,12388
Guiné,0,0,0,0,0,0,0,0,0,0,0,0,6,7,10,11,18,20,23,23,26,28,33,34,38,41,46,48,50,52,57,59,63,63,65,66,68,70,70,71,73,74,75,75,76,79,80,80,80,81,81,81,82,83,84,85,87,91,97,104,113,125,130,136,139,141,146,151,153,160,162,164,167,168,169,174,180,194,206,234,263,293,318,337,358
Guiné-Bissau,0,0,0,0,0,0,0,0,0,0,0,0,0,1,1,3,6,7,8,12,15,19,24,25,26,26,26,27,29,33,33,34,38,39,39,39,40,41,41,41,41,43,43,43,44,44,44,45,45,45,45,45,45,45,46,46,47,48,49,52,56,61,66,66,66,67,67,67,67,68,68,68,69,69,69,70,70,73,74,78,80,90,108,119,122
Guiana,0,0,0,0,0,0,0,1,1,2,5,6,7,8,10,10,10,11,12,12,12,12,12,16,17,19,20,22,22,25,31,41,48,58,67,78,92,106,114,119,128,135,140,147,151,154,156,160,164,166,170,170,172,177,181,188,190,197,204,208,218,231,247,258,273,291,306,331,345,361,391,416,437,452,468,482,499,514,530,549,561,582,601,622,654
Haiti,0,0,0,0,0,0,0,0,0,0,1,3,3,6,9,13,20,27,44,51,73,88,104,113,139,146,157,165,183,196,196,201,214,219,221,227,229,230,231,232,232,232,232,232,233,233,234,234,236,236,238,240,243,245,246,247,247,250,251,251,251,252,252,252,252,253,257,264,274,288,317,333,358,369,415,462,471,510,535,560,569,576,583,586,588
Santa Sé,0,0,0,0,0,0,0,0,0,0,0,0,0,0,0,0,0,0,0,0,0,0,0,0,0,0,0,0,0,0,0,0,0,0,0,0,0,0,0,0,0,0,0,0,0,0,0,0,0,0,0,0,0,0,0,0,0,0,0,0,0,0,0,0,0,0,0,0,0,0,0,0,0,0,0,0,0,0,0,0,0,0,0,0,0
Honduras,0,0,0,0,0,0,0,0,0,7,22,26,46,64,93,121,147,188,225,271,330,405,497,677,807,988,1214,1400,1515,1593,1703,1888,2034,2087,2206,2323,2447,2528,2582,2639,2706,2780,2839,2869,2918,2950,3001,3046,3111,3186,3294,3391,3486,3614,3789,3913,4040,4187,4297,4373,4489,4599,4686,4873,4976,5193,5386,5789,6019,6210,6379,6532,6674,6818,6980,7149,7324,7507,7713,7902,8202,8496,8704,8850,9179
Hungria,0,0,0,0,0,0,0,1,9,16,47,122,213,291,363,425,467,499,532,550,565,573,585,589,595,596,596,598,605,609,614,616,626,646,694,757,853,996,1211,1535,1973,2596,3281,4008,4977,6120,7237,8462,9292,10080,10853,11520,12113,12656,13249,13837,14450,15188,16146,17226,18703,20435,22098,23980,25580,26984,28045,28792,29277,29581,29761,29883,29935,29963,29991,29998,30010,30019,30021,30029,30037,30042,30054,30058,30074
Islândia,0,0,0,0,0,0,0,5,2,2,6,8,10,10,10,10,10,10,10,10,10,10,10,10,10,10,10,10,10,10,10,10,10,10,10,10,10,10,11,11,17,24,25,26,27,28,28,28,29,29,29,29,29,29,29,29,29,29,29,29,29,29,29,29,29,29,29,29,29,29,30,30,30,30,30,30,30,30,30,30,30,30,30,33,33
Índia,0,0,0,0,0,0,0,3,10,35,150,393,645,1008,1693,2415,3302,4344,5829,7750,11903,14476,17400,20642,24309,28732,34193,39795,46091,52888,59357,66333,73890,82066,90020,97497,104555,110586,115914,120010,123611,127571,130993,134699,138122,141360,144096,146444,148439,150114,151529,152718,153724,154596,155252,155913,156567,157346,158063,159044,160441,162468,166177,172085,182553,201187,226188,254197,283248,311388,335102,353528,379573,390660,398454,404211,411406,418480,422022,425757,429179,432519,435758,439020,441042
Indonésia,0,0,0,0,0,0,0,5,55,136,221,459,616,773,872,1007,1221,1418,1663,1923,2231,2535,2876,3309,3710,4320,4901,5388,5824,6277,6858,7505,8230,8965,9837,10601,11374,12027,12734,13512,14146,14761,15393,16111,17081,18000,19111,20257,21703,23109,24645,26590,28468,30581,31976,33596,35014,36518,37757,38753,39865,40754,41977,42782,43777,44939,46137,47465,48477,49627,50723,51992,53280,55291,58024,61868,68219,76200,86835,98889,110619,120013,128252,133023,137156
Irã,0,0,0,0,16,77,291,988,1934,2898,3872,4683,5297,5877,6340,6733,7119,7508,7942,8425,9065,9863,10817,11931,13211,14634,16147,17617,18800,19972,20901,21672,22542,23453,24656,25986,27419,29070,31034,33299,36160,39202,42461,45738,48628,50917,52670,54003,54946,55748,56360,56973,57560,58110,58625,59117,59663,60267,60867,61427,61951,62569,63506,65055,67525,70532,73219,75568,77532,79056,80327,81362,82351,83217,84127,85095,86207,87624,89479,91785,95111,99108,103357,107794,111892
Iraque,0,0,0,0,0,0,7,11,27,50,65,78,83,90,102,112,131,169,235,392,712,1251,1943,2685,3345,3950,4535,5017,5531,6036,6596,7123,7657,8166,8682,9122,9531,9970,10366,10724,11068,11432,11752,12031,12306,12477,12614,12725,12800,12856,12911,12962,13010,13068,13134,13192,13311,13458,13618,13827,14066,14286,14535,14796,15060,15348,15608,15834,16029,16241,16405,16589,16762,16935,17156,17376,17630,17951,18418,18865,19336,19815,20337,20830,21220
Irlanda,0,0,0,0,0,0,0,2,7,71,210,406,730,1159,1339,1488,1561,1615,1658,1691,1709,1720,1736,1742,1746,1753,1764,1764,1773,1775,1777,1777,1778,1787,1792,1803,1811,1830,1865,1890,1922,1963,1995,2028,2069,2099,2134,2171,2213,2282,2397,2708,3066,3418,3752,3980,4181,4333,4452,4552,4610,4681,4727,4803,4847,4884,4908,4929,4941,4941,4941,4941,4941,4979,4989,5000,5006,5018,5026,5035,5044,5059,5074,5092,5112
Israel,0,0,0,0,0,0,0,0,4,21,72,126,189,213,240,263,280,284,292,301,306,311,327,354,391,457,520,615,692,782,877,968,1074,1191,1360,1567,1820,2082,2298,2496,2622,2699,2763,2826,2882,2932,3014,3136,3292,3496,3771,4080,4513,4887,5216,5441,5634,5790,5933,6048,6122,6197,6257,6309,6345,6359,6369,6378,6392,6406,6413,6418,6430,6428,6429,6429,6440,6452,6461,6495,6571,6704,6880,7043,7205
Itália,0,0,0,0,10,79,631,2503,6820,12428,17127,21067,24648,27359,29315,30911,32169,32955,33530,34043,34405,34675,34767,34899,34984,35073,35123,35171,35215,35405,35445,35491,35563,35633,35738,35875,36030,36246,36705,37700,39412,42330,46464,51306,56361,61240,65857,69842,73029,76329,79819,83157,86422,89344,92002,94171,96348,98288,100479,103001,105879,108879,111747,115088,117633,119912,121738,123282,124497,125501,126221,126690,127101,127322,127542,127704,127808,127884,127995,128115,128273,128510,128855,129221,129638
Jamaica,0,0,0,0,0,0,0,0,1,1,3,4,6,7,9,9,9,9,9,10,10,10,10,10,10,10,10,12,14,14,19,21,36,46,75,101,123,146,174,196,214,224,231,243,258,265,276,288,298,305,315,329,339,353,359,378,405,432,460,494,542,587,622,682,738,767,793,814,878,931,949,974,1012,1037,1065,1096,1134,1158,1179,1203,1241,1320,1417,1518,1646
Japão,0,0,0,2,3,6,13,30,42,67,98,170,303,436,593,707,805,863,902,920,934,965,972,981,984,988,1001,1023,1058,1135,1219,1313,1398,1463,1519,1568,1609,1635,1679,1726,1794,1840,1895,1963,2109,2334,2581,2877,3196,3755,4178,4686,5297,5952,6602,7139,7595,8005,8359,8682,8908,9112,9251,9422,9682,10031,10441,11045,11803,12457,13107,13705,14150,14451,14689,14834,14923,15026,15096,15232,15327,15497,15723,16080,16471
Jordânia,0,0,0,0,0,0,0,0,0,5,6,7,7,8,9,9,9,9,9,9,9,9,9,10,10,11,11,11,11,11,14,15,19,26,33,57,122,225,414,668,967,1386,1909,2380,2802,3162,3437,3627,3801,3940,4076,4170,4248,4334,4395,4491,4589,4756,5046,5497,6077,6747,7383,7937,8372,8707,8955,9151,9295,9384,9472,9549,9614,9683,9743,9795,9855,9916,9979,10071,10148,10239,10320,10411,10491
Cazaquistão,0,0,0,0,0,0,0,0,0,2,6,12,19,25,29,32,35,37,44,61,88,134,188,264,375,585,793,1109,1433,1633,1781,1878,1948,1999,2043,2075,2106,2136,2178,2219,2259,2306,2365,2417,2477,2542,2609,2669,2749,2845,2885,2956,3035,3126,3185,3246,3311,3389,3456,3511,5802,5912,6028,6179,6373,6561,6758,6976,7149,7149,7321,7465,7586,7666,7759,7934,8173,8538,9077,9077,10791,11725,12655,12936,14423
Quénia,0,0,0,0,0,0,0,0,0,1,6,9,14,14,24,36,50,52,71,88,105,128,148,167,202,250,299,388,438,487,559,577,599,634,659,707,743,787,842,934,1039,1154,1302,1409,1474,1545,1604,1647,1665,1690,1716,1734,1750,1766,1789,1797,1837,1863,1886,1925,2048,2147,2258,2394,2519,2665,2805,2928,3021,3087,3188,3326,3428,3484,3621,3697,3732,3800,3882,3995,4211,4354,4564,4726,4800
Kiribati,0,0,0,0,0,0,0,0,0,0,0,0,0,0,0,0,0,0,0,0,0,0,0,0,0,0,0,0,0,0,0,0,0,0,0,0,0,0,0,0,0,0,0,0,0,0,0,0,0,0,0,0,0,0,0,0,0,0,0,0,0,0,0,0,0,0,0,0,0,0,0,0,0,0,0,0,0,0,0,0,0,0,0,0,0
Coreia do Sul,0,0,0,0,10,28,54,81,120,162,192,222,237,246,255,259,263,269,273,276,279,281,282,285,289,297,300,302,305,306,312,326,344,367,388,413,425,438,450,461,474,487,496,513,526,556,612,739,879,1027,1185,1300,1378,1441,1486,1538,1576,1612,1648,1686,1707,1731,1756,1782,1806,1821,1847,1884,1912,1940,1965,1977,1993,2007,2018,2033,2048,2060,2083,2106,2135,2178,2237,2292,2334
Kosovo,0,0,0,0,0,0,0,0,1,1,3,8,15,22,26,28,29,30,30,31,33,37,49,79,108,144,192,269,354,416,488,533,568,601,615,625,635,649,657,663,705,773,833,939,1026,1137,1220,1262,1325,1355,1387,1411,1466,1498,1526,1548,1575,1616,1655,1723,1752,1866,1942,2004,2105,2134,2134,2218,2231,2246,2248,2250,2255,2256,2262,2265,2268,2268,2269,2269,2273,2291,2356,2503,2685
Kuwait,0,0,0,0,0,0,0,0,0,0,1,3,11,23,40,75,121,172,226,273,303,334,354,377,396,412,442,465,486,505,519,534,548,568,588,607,632,672,714,756,789,821,848,870,881,900,913,923,932,938,946,950,957,960,975,1014,1057,1092,1141,1186,1246,1308,1373,1419,1468,1535,1601,1660,1701,1746,1775,1801,1831,1888,1961,2049,2147,2247,2298,2345,2375,2395,2409,2419,2426
Quirguistão,0,0,0,0,0,0,0,0,0,0,4,5,7,8,11,12,14,16,17,24,30,42,61,107,149,1079,1329,1427,1478,1498,1498,1059,1060,1063,1063,1064,1066,1092,1113,1136,1163,1188,1207,1241,1275,1301,1317,1335,1353,1360,1375,1392,1405,1414,1433,1444,1460,1468,1476,1485,1492,1498,1509,1532,1557,1589,1630,1667,1718,1765,1815,1859,1905,1945,1992,2054,2123,2196,2275,2354,2413,2457,2494,2528,2557
Laos,0,0,0,0,0,0,0,0,0,0,0,0,0,0,0,0,0,0,0,0,0,0,0,0,0,0,0,0,0,0,0,0,0,0,0,0,0,0,0,0,0,0,0,0,0,0,0,0,0,0,0,0,0,0,0,0,0,0,0,0,0,0,0,0,0,0,0,1,2,2,3,3,3,3,3,3,3,5,5,7,8,9,11,14,16
Letónia,0,0,0,0,0,0,0,0,0,0,2,5,9,13,17,18,21,22,24,26,28,30,30,30,31,31,31,32,32,33,33,34,35,35,36,37,40,41,47,63,79,103,132,175,210,288,357,459,603,722,882,1012,1126,1219,1363,1486,1570,1638,1705,1777,1840,1893,1937,2002,2071,2110,2159,2217,2280,2342,2379,2423,2464,2497,2508,2531,2538,2548,2552,2556,2561,2565,2569,2578,2592
Líbano,0,0,0,0,0,0,1,3,4,12,19,21,21,24,25,26,26,26,27,30,32,32,34,36,37,41,54,65,87,107,138,171,207,252,315,361,424,479,531,590,667,749,839,934,1033,1136,1223,1311,1430,1529,1705,2020,2477,3226,3737,4092,4446,4805,5134,5474,5850,6184,6479,6738,6995,7197,7368,7527,7641,7690,7735,7774,7804,7829,7848,7865,7879,7887,7895,7917,7952,7988,8019,8053,8129
Lesoto,0,0,0,0,0,0,0,0,0,0,0,0,0,0,0,0,0,0,0,0,0,0,0,0,3,6,12,21,24,30,30,31,31,33,33,35,39,42,43,43,44,44,44,44,44,44,44,48,51,65,85,101,146,172,207,254,291,295,309,309,314,315,315,315,316,316,318,319,320,326,326,326,326,329,329,333,335,339,363,377,391,399,400,403,403
Libéria,0,0,0,0,0,0,0,0,0,0,3,6,8,16,18,20,22,26,27,30,33,34,36,39,51,70,72,78,79,82,82,82,82,82,82,82,82,82,82,82,82,82,82,82,83,83,83,83,83,83,83,84,84,84,84,84,85,85,85,85,85,85,85,85,85,85,85,85,85,85,86,88,93,99,123,134,144,148,148,220,220,245,245,245,245
Líbia,0,0,0,0,0,0,0,0,0,0,1,1,1,2,3,3,3,3,5,5,10,17,24,35,42,50,67,96,132,164,203,242,314,383,460,540,602,656,746,812,893,957,1041,1110,1196,1255,1319,1385,1444,1536,1622,1700,1789,1896,1982,2051,2125,2216,2297,2406,2564,2658,2765,2830,2919,3010,3049,3077,3097,3114,3127,3149,3166,3181,3191,3215,3245,3309,3422,3609,3781,3956,4099,4247,4363
Liechtenstein,0,0,0,0,0,0,0,0,0,0,1,1,1,1,1,1,1,1,1,1,1,1,1,1,1,1,1,1,1,1,1,1,1,1,1,1,1,1,1,1,3,4,8,13,16,19,21,28,38,45,49,50,52,52,52,53,54,54,55,56,56,56,56,56,56,57,57,58,58,58,58,58,59,59,59,59,59,59,59,59,59,59,59,59,59
Lituânia,0,0,0,0,0,0,0,0,1,4,11,16,26,32,33,39,45,51,55,58,60,61,61,62,62,63,63,63,64,64,68,69,69,71,71,77,84,90,105,129,170,229,329,477,641,859,1112,1395,1695,2015,2280,2498,2691,2847,2972,3095,3189,3263,3341,3416,3501,3566,3623,3713,3785,3877,3976,4053,4126,4209,4276,4317,4348,4371,4381,4395,4401,4404,4411,4420,4433,4458,4498,4561,4623
Luxemburgo,0,0,0,0,0,0,0,1,8,23,44,69,78,89,96,102,109,110,110,110,110,110,110,110,111,111,113,118,122,124,124,124,124,124,124,124,128,133,136,147,167,198,240,283,330,360,418,453,489,514,538,560,570,586,600,612,629,641,668,697,726,743,761,777,786,791,800,806,808,812,817,818,818,818,818,818,819,821,822,822,825,828,830,830,832
MS Zaandam,0,0,0,0,0,0,0,0,0,0,2,2,2,2,2,2,2,2,2,2,2,2,2,2,2,2,2,2,2,2,2,2,2,2,2,2,2,2,2,2,2,2,2,2,2,2,2,2,2,2,2,2,2,2,2,2,2,2,2,2,2,2,2,2,2,2,2,2,2,2,2,2,2,2,2,2,2,2,2,2,2,2,2,2,2
Madagascar,0,0,0,0,0,0,0,0,0,0,0,0,0,0,0,0,2,2,6,9,12,15,20,33,39,65,93,123,152,173,178,195,206,214,226,229,234,237,238,244,244,249,250,251,251,255,259,260,261,262,267,273,279,281,285,292,297,297,300,335,361,403,462,512,563,614,682,732,774,810,841,871,891,903,911,924,933,937,941,943,948,954,955,956,957
Malawi,0,0,0,0,0,0,0,0,0,0,1,2,2,3,3,3,3,4,4,4,6,11,14,19,40,64,103,128,152,163,170,175,176,178,179,179,180,181,182,183,184,185,185,185,185,186,187,187,188,199,235,336,540,726,883,968,1024,1053,1074,1088,1099,1116,1124,1133,1142,1147,1149,1153,1153,1154,1156,1158,1162,1173,1194,1218,1264,1363,1540,1700,1874,1998,2098,2177,2225
Malásia,0,0,0,0,0,0,0,2,16,43,63,82,92,100,106,109,114,115,115,117,121,121,121,121,122,123,124,125,125,125,125,128,128,128,130,134,142,163,193,238,263,300,318,341,363,388,422,439,457,509,559,619,700,791,909,983,1076,1141,1186,1218,1244,1265,1300,1345,1389,1462,1574,1722,1994,2369,2867,3536,4069,4554,5108,5677,6385,7241,8408,9598,11162,13077,14553,16664,18802
Maldivas,0,0,0,0,0,0,0,0,0,0,0,0,0,0,2,3,4,5,7,8,8,8,9,12,14,15,15,19,20,24,28,29,29,33,34,34,34,35,37,37,38,41,45,46,47,47,48,48,48,48,49,49,51,52,56,58,60,62,64,64,66,66,67,67,71,71,74,87,105,144,169,189,198,207,210,213,214,217,220,222,222,222,225,226,227
Mali,0,0,0,0,0,0,0,0,0,2,5,13,14,24,32,40,53,70,78,94,104,111,116,119,121,122,124,124,125,125,125,126,127,128,129,131,131,132,132,136,136,137,141,148,160,180,205,225,262,284,303,317,327,333,339,342,348,355,358,364,372,384,396,417,444,476,492,506,511,514,517,520,523,524,525,527,528,530,531,534,534,535,536,539,542
Malta,0,0,0,0,0,0,0,0,0,0,0,3,3,4,5,5,6,6,9,9,9,9,9,9,9,9,9,9,9,9,10,12,14,16,23,34,40,44,46,55,66,81,101,117,141,157,177,196,215,226,234,242,255,270,284,297,306,319,335,357,375,390,399,403,411,413,416,417,417,418,419,419,419,420,420,420,420,420,421,423,428,433,437,441,445
Ilhas Marshall,0,0,0,0,0,0,0,0,0,0,0,0,0,0,0,0,0,0,0,0,0,0,0,0,0,0,0,0,0,0,0,0,0,0,0,0,0,0,0,0,0,0,0,0,0,0,0,0,0,0,0,0,0,0,0,0,0,0,0,0,0,0,0,0,0,0,0,0,0,0,0,0,0,0,0,0,0,0,0,0,0,0,0,0,0
Mauritânia,0,0,0,0,0,0,0,0,0,1,1,1,1,1,1,1,4,13,31,61,93,114,129,135,147,155,156,157,157,157,158,159,160,161,161,161,162,163,163,163,164,165,165,169,177,197,236,290,334,367,392,405,418,423,427,431,437,441,442,444,447,449,450,451,454,455,455,456,457,460,463,470,477,482,487,489,496,512,542,576,616,647,681,715,742
Ilhas Maurício,0,0,0,0,0,0,0,0,2,5,7,9,9,10,10,10,10,10,10,10,10,10,10,10,10,10,10,10,10,10,10,10,10,10,10,10,10,10,10,10,10,10,10,10,10,10,10,10,10,10,10,10,10,10,10,10,10,10,10,10,10,10,12,15,15,17,17,17,17,17,18,18,18,18,18,18,18,19,19,20,21,22,26,31,34
México,0,0,0,0,0,0,0,0,5,29,141,406,857,1569,2507,3926,5666,8134,10637,14649,18310,23377,27769,32014,36327,40400,44876,48869,53929,57774,61450,65241,68484,71678,74348,77163,82348,84420,86893,89814,92593,95842,99026,102739,106765,110874,115099,119495,123845,128822,135682,142832,152016,159533,168432,175986,181809,187187,191789,195119,199048,202633,204985,210282,213048,215547,217740,219323,220746,221960,227840,229100,230428,231505,232803,233958,235277,236810,239079,241936,245476,249529,254466,259326,264541
Estados Federados da Micronésia,0,0,0,0,0,0,0,0,0,0,0,0,0,0,0,0,0,0,0,0,0,0,0,0,0,0,0,0,0,0,0,0,0,0,0,0,0,0,0,0,0,0,0,0,0,0,0,0,0,0,0,0,0,0,0,0,0,0,0,0,0,0,0,0,0,0,0,0,0,0,0,0,0,0,0,0,0,0,0,0,0,0,0,0,0
Moldávia,0,0,0,0,0,0,0,0,1,4,22,40,72,103,136,182,221,267,307,365,423,490,545,603,655,707,753,810,857,908,960,1008,1087,1143,1230,1310,1389,1495,1617,1710,1838,1930,2054,2188,2323,2460,2625,2803,2934,3070,3176,3282,3381,3462,3573,3678,3823,4002,4150,4402,4623,4915,5224,5438,5616,5762,5869,5970,6043,6084,6114,6141,6156,6175,6191,6200,6214,6229,6247,6261,6291,6320,6374,6401,6455
Mónaco,0,0,0,0,0,0,0,0,0,1,1,1,3,4,4,4,4,4,4,4,4,4,4,4,4,4,4,4,4,4,4,4,1,1,1,2,2,2,2,2,2,2,3,3,3,3,3,3,3,3,7,9,9,17,19,21,23,25,26,27,27,28,30,31,31,32,32,32,32,32,33,33,33,33,33,33,33,33,33,33,33,33,33,33,33
Mongólia,0,0,0,0,0,0,0,0,0,0,0,0,0,0,0,0,0,0,0,0,0,0,0,0,0,0,0,0,0,0,0,0,0,0,0,0,0,0,0,0,0,0,0,0,0,0,0,0,1,1,2,2,2,2,2,2,2,2,3,4,5,6,13,29,56,88,130,184,227,257,286,318,389,459,548,646,703,745,796,827,860,884,907,937,976
Montenegro,0,0,0,0,0,0,0,0,1,2,2,4,5,7,8,9,9,9,9,9,9,9,12,17,24,35,45,53,71,80,87,102,112,123,146,164,188,213,247,275,322,349,405,450,504,549,597,637,677,699,730,749,777,818,852,910,969,1023,1092,1151,1220,1266,1326,1391,1441,1478,1516,1545,1564,1577,1585,1596,1602,1606,1610,1619,1621,1623,1627,1631,1637,1651,1690,1724,1774
Marrocos,0,0,0,0,0,0,1,2,5,36,90,126,145,165,181,188,193,202,206,210,212,214,228,240,257,280,327,417,533,714,955,1184,1427,1648,1889,2152,2410,2685,3027,3445,3900,4425,4932,5469,5915,6370,6711,7030,7314,7581,7784,8011,8187,8309,8424,8504,8574,8645,8695,8737,8775,8813,8865,8915,8959,9005,9038,9083,9105,9129,9154,9187,9217,9247,9292,9336,9395,9486,9638,9949,10509,11242,11994,12649,13224
Moçambique,0,0,0,0,0,0,0,0,0,0,0,0,0,0,0,0,0,1,2,2,4,5,6,8,9,11,11,15,17,19,21,23,28,37,45,59,67,73,78,89,95,99,118,127,131,136,144,150,162,171,201,253,363,403,480,551,606,665,700,732,750,769,785,794,802,814,817,826,828,833,836,839,842,852,872,923,1013,1158,1341,1500,1641,1748,1813,1864,1885
Namíbia,0,0,0,0,0,0,0,0,0,0,0,0,0,0,0,0,0,0,0,0,0,0,0,0,2,7,8,12,19,37,57,81,91,106,116,121,125,129,132,133,133,134,140,145,151,153,164,181,195,222,264,296,328,355,377,392,411,430,444,474,498,520,542,586,608,634,643,696,733,779,854,936,1040,1179,1445,1690,2090,2557,2871,3080,3204,3288,3346,3375,3414
Nepal,0,0,0,0,0,0,0,0,0,0,0,0,0,0,0,0,2,4,8,15,19,24,29,35,38,40,49,58,83,114,164,239,306,371,429,491,563,663,765,876,1004,1148,1247,1361,1529,1637,1730,1798,1840,1893,1932,1969,2017,2030,2047,2055,2065,2777,3012,3014,3019,3030,3036,3058,3102,3194,3417,4084,5411,6700,7454,8098,8506,8813,9071,9263,9412,9607,9758,9922,10150,10354,10568,10750,10879
Países Baixos,0,0,0,0,0,0,4,43,277,1040,2108,2955,3929,4582,5185,5529,5734,5875,5986,6050,6089,6114,6132,6151,6156,6157,6178,6170,6178,6197,6233,6260,6279,6300,6338,6443,6538,6689,6874,7204,7640,8211,8689,9111,9518,9857,10254,10720,11305,11922,12664,13264,13772,14218,14629,15050,15466,15775,16046,16251,16475,16657,16826,17018,17179,17328,17475,17648,17742,17840,17906,17972,17994,18011,18028,18041,18054,18069,18090,18121,18175,18234,18295,18368,18422
Nova Zelândia,0,0,0,0,0,0,0,0,0,1,1,9,13,19,21,21,21,21,22,22,22,22,22,22,22,22,22,22,22,22,22,22,24,25,25,25,25,25,25,25,25,25,25,25,25,25,25,25,25,25,25,25,25,25,25,26,26,26,26,26,26,26,26,26,26,26,26,26,26,26,26,26,26,26,26,26,26,26,26,26,26,26,26,26,27
Nicarágua,0,0,0,0,0,0,0,0,0,1,1,1,2,3,5,8,17,35,46,55,64,74,83,91,99,108,116,123,128,133,137,141,144,147,149,151,151,154,155,156,156,158,159,160,161,162,162,163,165,166,167,168,169,170,171,172,173,174,175,176,177,178,179,180,181,182,183,184,185,186,187,188,188,189,191,192,193,194,195,196,197,197,199,200,201
Níger,0,0,0,0,0,0,0,0,0,3,11,14,20,31,38,47,55,63,65,65,66,67,67,68,68,69,69,69,69,69,69,69,69,69,69,69,69,69,69,69,69,69,70,70,75,79,82,89,102,110,135,146,153,162,167,169,172,172,177,183,185,186,188,189,191,191,192,192,192,192,192,192,192,193,193,194,194,194,195,196,196,196,196,199,199
Nigéria,0,0,0,0,0,0,0,0,1,2,6,11,22,44,98,158,192,249,314,365,455,533,590,669,754,805,868,910,956,981,1007,1023,1067,1088,1100,1111,1113,1116,1125,1135,1151,1160,1163,1169,1176,1182,1200,1231,1267,1319,1373,1464,1522,1613,1694,1777,1874,1923,1988,2018,2031,2056,2058,2061,2061,2063,2063,2065,2067,2071,2099,2117,2117,2118,2120,2122,2125,2128,2134,2163,2194,2229,2281,2469,2573
Macedônia do Norte,0,0,0,0,0,0,0,0,2,9,26,44,55,71,86,92,106,116,141,157,201,251,302,351,389,432,471,505,529,549,573,604,631,661,705,737,768,800,850,949,1049,1186,1376,1561,1792,1977,2169,2340,2473,2559,2647,2726,2812,2873,2955,3003,3085,3151,3228,3364,3528,3749,4022,4289,4509,4742,4992,5135,5232,5342,5423,5462,5472,5477,5484,5486,5487,5487,5491,5494,5513,5574,5727,5938,6129
Noruega,0,0,0,0,0,0,0,3,12,39,89,139,182,206,215,228,233,235,237,239,242,248,250,251,253,255,255,256,256,262,264,264,264,265,267,274,275,277,278,280,282,285,298,314,334,361,395,405,433,452,482,525,550,568,583,593,608,623,632,641,649,661,677,688,709,736,757,767,774,782,783,785,789,790,792,794,796,796,799,799,805,810,811,814,823
Omã,0,0,0,0,0,0,0,0,0,1,2,4,8,10,13,17,27,37,59,83,114,140,176,224,273,337,402,421,533,597,642,689,742,797,865,935,990,1053,1122,1203,1264,1316,1350,1391,1430,1454,1475,1490,1497,1502,1508,1516,1524,1532,1536,1544,1557,1580,1597,1614,1633,1669,1728,1798,1909,1992,2062,2148,2219,2284,2356,2434,2565,2782,3056,3339,3472,3498,3788,3877,3948,4007,4043,4064,4081
Paquistão,0,0,0,0,0,0,0,0,8,27,61,111,212,343,564,761,985,1225,1688,2255,2975,3755,4395,4922,5386,5677,5865,5999,6112,6190,6255,6298,6359,6393,6432,6479,6535,6601,6692,6759,6867,7021,7230,7803,8166,8547,9010,9557,10047,10461,10772,11103,11450,11802,12128,12436,12708,13013,13324,13656,13965,14434,15026,15754,16600,17530,18310,19210,19856,20465,20930,21453,21828,22073,22281,22469,22642,22888,23133,23575,24085,24639,25220,25889,26413
Palau,0,0,0,0,0,0,0,0,0,0,0,0,0,0,0,0,0,0,0,0,0,0,0,0,0,0,0,0,0,0,0,0,0,0,0,0,0,0,0,0,0,0,0,0,0,0,0,0,0,0,0,0,0,0,0,0,0,0,0,0,0,0,0,0,0,0,0,0,0,0,0,0,0,0,0,0,0,0,0,0,0,0,0,0,0
Panamá,0,0,0,0,0,0,0,1,6,30,55,94,136,167,210,252,281,313,352,403,457,536,631,799,960,1159,1349,1522,1680,1809,1919,2018,2107,2187,2285,2364,2440,2511,2585,2650,2731,2817,2893,2986,3098,3241,3411,3632,3933,4238,4561,4864,5137,5339,5531,5655,5772,5871,5944,6009,6060,6109,6146,6173,6192,6216,6248,6282,6300,6353,6377,6408,6452,6483,6536,6591,6654,6716,6781,6851,6918,6970,7018,7061,7099
Papua-Nova Guiné,0,0,0,0,0,0,0,0,0,0,0,0,0,0,0,0,0,0,0,0,0,0,0,0,0,1,0,2,3,3,4,5,5,6,7,7,7,7,7,7,7,7,7,7,7,7,8,9,9,9,9,9,9,9,9,10,10,14,16,26,37,56,67,69,91,105,121,130,136,156,162,164,165,173,173,173,179,191,192,192,192,192,192,192,192
Paraguai,0,0,0,0,0,0,0,0,2,3,5,7,8,9,10,10,11,11,11,11,13,13,17,20,25,35,45,59,86,161,231,348,463,552,705,841,966,1108,1231,1347,1441,1516,1613,1677,1771,1887,1991,2120,2220,2321,2437,2535,2651,2750,2862,2971,3101,3218,3360,3554,3818,4161,4522,4978,5470,6094,6722,7284,7802,8591,9293,10145,11069,11849,12763,13553,14016,14394,14759,15135,15341,15473,15613,15767,15889
Peru,0,0,0,0,0,0,2,9,45,138,423,1061,2199,4106,6871,10294,13984,17796,21938,26015,30230,34231,37898,41756,45709,49875,54182,58518,62934,67198,70861,74039,76586,78680,80478,81960,83159,84263,85218,86032,86808,87542,88218,88891,89561,90264,91022,91857,92772,93958,95483,97717,101181,104882,109341,113991,118925,123700,128615,133178,137494,142462,147734,153538,158889,164433,169534,174328,177944,181661,184021,186757,189261,190645,191899,193588,194606,195332,196058,196598,197102,197539,197944,198263,198568
Filipinas,0,1,1,1,1,1,1,12,35,88,177,335,437,530,637,751,837,886,966,1017,1103,1186,1266,1309,1603,1837,1947,2115,2312,2687,3038,3597,3916,4663,5049,5448,5865,6372,6690,7053,7318,7661,7862,8185,8418,8670,8812,9021,9162,9321,9554,9978,10386,10874,11296,11524,12107,12369,12528,12848,12992,13191,13817,15286,16141,16916,17622,18620,19372,20019,21012,22064,22963,23809,24557,25296,26092,26844,27318,28141,29220,30462,32264,33448,34498
Polónia,0,0,0,0,0,0,0,5,10,33,129,263,401,596,716,839,948,1024,1092,1183,1272,1375,1463,1528,1588,1636,1682,1738,1821,1896,1977,2058,2136,2227,2316,2483,2717,3101,3721,4615,6102,8375,10848,14314,17599,20592,23309,25783,27454,29502,31593,33698,35665,37476,39360,41028,42436,44008,45599,47578,49761,52392,55065,59126,62734,65897,68133,70336,71920,73096,73856,74255,74626,74858,75005,75095,75173,75219,75249,75265,75285,75306,75324,75345,75392
Portugal,0,0,0,0,0,0,0,1,33,160,345,567,762,948,1074,1163,1247,1342,1436,1492,1522,1540,1576,1629,1668,1697,1722,1739,1761,1784,1805,1824,1846,1875,1925,1963,2032,2110,2213,2371,2635,3021,3553,4056,4577,5122,5733,6254,6751,7286,8080,9246,11012,13017,14557,15522,16086,16389,16595,16707,16794,16845,16887,16923,16951,16970,16981,16994,17011,17021,17025,17037,17049,17074,17092,17118,17173,17219,17307,17397,17502,17584,17658,17743,17816
Catar,0,0,0,0,0,0,0,0,0,2,6,7,9,10,12,14,15,28,43,62,80,99,113,134,150,160,167,177,188,193,194,198,205,208,211,214,216,220,224,230,232,233,235,236,238,239,241,243,245,245,246,248,248,249,253,256,257,259,264,268,275,289,312,340,391,441,483,516,536,549,560,570,579,584,588,594,599,599,600,601,601,601,601,602,604
Roménia,0,0,0,0,0,0,0,0,11,82,197,351,498,663,841,1002,1137,1216,1288,1354,1437,1539,1651,1799,1931,2074,2239,2480,2764,3074,3367,3681,3967,4236,4503,4792,5121,5535,5996,6574,7273,8186,9261,10373,11530,12660,13698,14636,15469,16178,16881,17369,17938,18513,19056,19526,20013,20509,21056,21698,22442,23409,24386,25441,26618,27683,28474,29135,29662,30040,30353,31155,31957,32465,33605,34021,34233,34258,34273,34297,34323,34359,34439,34570,34762
Rússia,0,0,0,0,0,0,0,0,1,17,58,170,456,867,1451,2116,2837,3807,5031,6134,7274,8349,9306,10478,11597,12561,13483,14327,15103,15836,16524,17250,17939,18723,19575,20456,21559,22834,24473,26409,28611,30899,33619,36675,40050,43674,47410,51274,55107,58706,61908,65632,69391,72982,76347,79659,82666,85458,88315,91395,94231,96817,99431,101882,104545,107167,109670,112063,114619,117197,119830,122409,125055,128180,132314,137005,142102,147457,152836,158263,163629,169169,174542,180009,185447
Ruanda,0,0,0,0,0,0,0,0,0,0,0,0,0,0,0,0,0,0,2,2,2,2,2,3,4,5,5,5,7,10,15,16,20,22,27,29,29,32,34,35,35,40,46,47,49,51,57,66,79,110,125,148,181,205,226,240,253,265,270,282,295,306,314,316,327,331,337,340,346,349,357,364,372,392,431,491,598,677,771,844,911,977,1038,1089,1141
São Cristóvão e Névis,0,0,0,0,0,0,0,0,0,0,0,0,0,0,0,0,0,0,0,0,0,0,0,0,0,0,0,0,0,0,0,0,0,0,0,0,0,0,0,0,0,0,0,0,0,0,0,0,0,0,0,0,0,0,0,0,0,0,0,0,0,0,0,0,0,0,0,0,0,0,0,0,0,3,3,3,3,3,3,3,3,3,3,3,5
Santa Lúcia,0,0,0,0,0,0,0,0,0,0,0,0,0,0,0,0,0,0,0,0,0,0,0,0,0,0,0,0,0,0,0,0,0,0,0,0,0,0,0,0,0,1,2,2,2,2,4,5,5,5,5,8,13,16,19,23,32,37,46,55,57,59,63,64,69,74,74,75,77,77,79,80,80,84,84,85,86,87,88,89,92,95,97,104,118
São Vicente e Granadinas,0,0,0,0,0,0,0,0,0,0,0,0,0,0,0,0,0,0,0,0,0,0,0,0,0,0,0,0,0,0,0,0,0,0,0,0,0,0,0,0,0,0,0,0,0,0,0,0,0,0,0,2,2,2,4,6,6,8,8,9,9,10,10,10,10,11,11,12,12,12,12,12,12,12,12,12,12,12,12,12,12,12,12,12,12
Samoa,0,0,0,0,0,0,0,0,0,0,0,0,0,0,0,0,0,0,0,0,0,0,0,0,0,0,0,0,0,0,0,0,0,0,0,0,0,0,0,0,0,0,0,0,0,0,0,0,0,0,0,0,0,0,0,0,0,0,0,0,0,0,0,0,0,0,0,0,0,0,0,0,0,0,0,0,0,0,0,0,0,0,0,0,0
San Marino,0,0,0,0,0,1,2,9,21,26,32,36,39,41,41,41,41,42,42,42,42,42,42,42,42,42,42,42,42,42,42,42,42,42,42,42,42,42,42,42,42,42,42,44,46,48,52,55,57,62,64,65,65,67,69,72,72,74,77,77,79,84,85,86,88,90,90,90,90,90,90,90,90,90,90,90,90,90,90,90,90,90,90,90,90
São Tomé e Príncipe,0,0,0,0,0,0,0,0,0,0,0,0,0,0,3,5,8,12,12,12,12,12,13,13,14,14,14,15,15,15,15,15,15,15,15,15,15,15,15,15,16,16,16,17,17,17,17,17,17,17,17,17,17,17,18,19,26,30,32,32,34,34,35,35,35,35,35,35,35,37,41,41,37,37,37,37,37,37,37,37,37,37,37,37,38
Arábia Saudita,0,0,0,0,0,0,0,0,1,10,41,73,109,152,200,264,329,411,549,783,1052,1346,1649,2017,2283,2557,2789,2984,3233,3470,3722,3929,4137,4338,4542,4739,4923,5087,5217,5329,5456,5576,5692,5811,5907,5989,6069,6139,6204,6265,6300,6335,6359,6383,6410,6441,6470,6505,6539,6578,6618,6663,6711,6773,6846,6922,7006,7098,7188,7278,7377,7488,7606,7703,7804,7907,8006,8103,8189,8249,8311,8419,8481,8512,8591
Senegal,0,0,0,0,0,0,0,0,0,0,2,2,5,9,11,19,30,36,43,52,70,89,112,137,150,174,198,214,238,256,274,284,292,298,302,310,312,315,320,322,326,326,329,331,333,340,350,372,395,428,480,536,592,641,700,760,832,888,930,981,1020,1049,1065,1081,1095,1106,1111,1120,1128,1134,1140,1150,1156,1159,1166,1178,1201,1236,1300,1394,1526,1625,1697,1765,1812
Sérvia,0,0,0,0,0,0,0,0,3,16,61,94,130,168,200,220,234,239,245,250,256,263,277,330,418,491,551,605,652,681,705,715,727,735,743,749,757,767,780,798,844,915,1054,1274,1652,2062,2433,2782,3119,3405,3639,3791,3924,4056,4154,4261,4366,4475,4599,4778,5002,5270,5537,5808,6058,6286,6456,6594,6710,6801,6872,6930,6976,7010,7043,7061,7076,7088,7108,7127,7146,7177,7226,7292,7421
Seychelles,0,0,0,0,0,0,0,0,0,0,0,0,0,0,0,0,0,0,0,0,0,0,0,0,0,0,0,0,0,0,0,0,0,0,0,0,0,0,0,0,0,0,0,0,0,0,0,0,0,1,1,2,3,4,7,9,11,11,14,16,16,20,22,24,25,27,28,28,35,38,40,42,43,52,55,57,68,79,79,91,91,98,98,102,103
Serra Leoa,0,0,0,0,0,0,0,0,0,0,0,0,0,4,11,19,33,44,46,50,51,55,60,63,64,66,66,67,69,69,69,71,72,72,72,72,72,72,73,74,74,74,74,74,74,74,75,75,76,76,77,77,77,79,79,79,79,79,79,79,79,79,79,79,79,79,79,79,79,79,79,82,82,84,98,108,113,116,119,120,121,121,121,121,121
Singapura,0,0,0,0,0,0,0,0,2,3,6,10,11,14,18,21,22,23,24,25,26,26,26,26,27,27,27,27,27,27,27,27,27,27,27,27,27,28,28,28,28,28,28,28,29,29,29,29,29,29,29,29,29,29,29,29,29,29,29,30,30,30,30,30,30,30,31,31,31,32,33,34,34,35,36,36,36,36,37,38,42,45,50,55,55
Eslováquia,0,0,0,0,0,0,0,0,1,0,2,2,14,20,25,27,28,28,28,28,28,28,28,28,28,28,28,29,31,31,33,33,37,38,40,45,55,61,98,176,235,390,557,709,868,1046,1251,1618,1983,2603,3102,3637,4260,4784,5382,6063,6671,7388,8037,8669,9190,9624,10094,10716,11244,11572,11855,12077,12248,12301,12353,12423,12446,12502,12510,12514,12522,12531,12534,12541,12543,12546,12547,12548,12552
Eslovénia,0,0,0,0,0,0,0,1,4,15,36,56,77,86,98,102,104,108,109,109,109,109,111,111,111,114,117,123,129,129,133,133,135,135,142,149,159,173,192,264,412,605,876,1156,1490,1862,2149,2418,2631,2868,3053,3231,3406,3541,3654,3733,3792,3863,3904,3941,3985,4040,4089,4130,4172,4221,4273,4302,4333,4358,4376,4391,4408,4416,4419,4421,4425,4425,4428,4429,4433,4433,4442,4450,4458
Ilhas Salomão,0,0,0,0,0,0,0,0,0,0,0,0,0,0,0,0,0,0,0,0,0,0,0,0,0,0,0,0,0,0,0,0,0,0,0,0,0,0,0,0,0,0,0,0,0,0,0,0,0,0,0,0,0,0,0,0,0,0,0,0,0,0,0,0,0,0,0,0,0,0,0,0,0,0,0,0,0,0,0,0,0,0,0,0,0
Somália,0,0,0,0,0,0,0,0,0,0,0,2,8,28,38,52,59,67,79,85,88,90,90,92,93,93,93,93,93,93,95,98,98,98,98,99,99,99,101,104,107,107,108,113,113,121,121,127,127,130,130,130,130,130,134,163,208,249,319,385,453,521,576,618,678,713,721,753,762,767,769,773,775,775,775,775,781,781,798,828,863,892,927,977,1005
África do Sul,0,0,0,0,0,0,0,0,0,5,13,27,58,93,148,206,312,524,755,1162,1625,2102,2657,3502,4346,5368,7257,8884,10751,12264,13308,14263,15086,15641,16118,16667,17103,18028,18656,19053,19539,19951,20432,21083,21644,22432,23661,25246,27568,30524,34334,38288,41797,44946,46869,48313,49413,50271,50906,51560,52251,52788,53032,53423,53887,54237,54511,54896,55340,55976,56601,57183,58087,59092,60264,62628,65142,67676,70338,72992,75201,77993,79953,82261,83899
Sudão do Sul,0,0,0,0,0,0,0,0,0,0,0,0,0,0,0,0,4,8,10,19,30,36,38,38,41,45,46,47,47,47,47,47,49,49,49,49,50,55,55,56,59,59,59,60,61,62,62,62,63,63,63,64,64,64,69,79,87,95,102,106,106,108,113,114,114,114,115,115,115,115,115,115,115,115,117,117,117,117,118,120,120,120,120,120,120
Espanha,0,0,0,0,0,1,35,533,2808,8464,14045,18056,21282,23822,25613,26920,27778,28752,27127,27136,27136,28325,28355,28392,28409,28424,28436,28498,28581,28670,28924,29152,29594,30004,30904,31411,32486,33204,34210,35298,36495,39345,41688,43668,45511,46646,48401,49520,50442,51430,52683,54173,56794,59805,63061,65979,68079,69801,71727,72565,73744,75305,75911,76625,77102,77855,78399,79100,79502,79801,79983,80309,80579,80719,80829,80952,81033,81148,81323,81773,82227,82739,83527,84340,85066
Sri Lanka,0,0,0,0,0,0,0,0,0,2,6,7,7,7,9,9,9,10,11,11,11,11,11,11,11,11,11,11,11,11,12,12,12,13,13,13,13,13,13,19,23,41,66,94,122,142,154,183,195,217,244,273,288,330,370,409,453,483,511,532,552,566,586,602,620,647,709,850,1015,1269,1484,1844,2315,2704,3030,3313,3574,3870,4195,4645,5340,6434,7750,9185,10504
Sudão,0,0,0,0,0,0,0,1,1,2,2,5,12,25,45,80,111,170,307,389,477,548,572,622,659,693,725,763,786,805,819,823,833,836,836,836,836,836,836,837,837,1116,1175,1202,1255,1301,1372,1468,1468,1468,1468,1603,1750,1829,1835,1863,1876,1895,1915,1959,2003,2041,2063,2194,2287,2349,2365,2446,2446,2600,2662,2711,2732,2748,2754,2760,2760,2776,2776,2776,2776,2816,2828,2831,2837
Suriname,0,0,0,0,0,0,0,0,0,0,1,1,1,1,1,1,1,1,1,2,6,9,13,15,18,21,24,27,39,54,61,72,91,95,100,104,106,107,109,111,111,113,116,117,117,117,117,118,120,125,138,146,150,156,163,167,170,173,175,176,177,177,178,184,188,201,212,220,238,261,313,363,418,477,516,552,594,620,638,654,669,689,704,721,743
Suécia,0,0,0,0,0,0,1,14,103,385,605,1033,1765,2355,2854,3313,3743,4125,4468,4717,4939,5161,5333,5447,5545,5646,5702,5747,5770,5790,5814,5821,5838,5846,5865,5880,5895,5894,5918,5933,5938,6022,6164,6406,6681,7067,7514,7993,8279,8965,9433,10323,11247,11815,12188,12487,12713,12882,13042,13172,13315,13430,13533,13660,13825,13968,14091,14217,14301,14396,14451,14546,14574,14608,14626,14633,14645,14650,14655,14657,14658,14659,14670,14692,14699
Suíça,0,0,0,0,0,0,5,40,161,485,882,1209,1469,1637,1714,1758,1781,1795,1796,1799,1803,1808,1809,1811,1813,1819,1825,1829,1835,1840,1844,1848,1859,1871,1894,1908,1918,1944,2007,2179,2582,3196,3870,4517,5160,5780,6439,7110,7703,8221,8646,9038,9355,9584,9760,9881,9969,10035,10093,10164,10219,10285,10365,10412,10465,10529,10582,10625,10654,10692,10712,10738,10752,10765,10775,10774,10777,10778,10787,10796,10802,10819,10853,10899,10930
Síria,0,0,0,0,0,0,0,0,0,2,2,2,3,3,3,3,3,4,6,6,6,7,9,14,21,31,40,46,53,73,95,116,140,160,178,197,209,231,254,275,298,325,354,385,422,458,543,630,696,741,790,850,895,929,961,984,1004,1039,1074,1110,1183,1254,1332,1392,1468,1559,1617,1670,1710,1745,1774,1799,1821,1851,1873,1891,1900,1905,1909,1918,1924,1942,1981,2013,2049
Taiwan,0,0,0,1,1,1,1,1,2,5,5,6,6,6,6,7,7,7,7,7,7,7,7,7,7,7,7,7,7,7,7,7,7,7,7,7,7,7,7,7,7,7,7,7,7,7,7,7,7,7,7,7,7,8,9,9,9,9,10,10,10,10,10,11,11,12,12,12,14,35,137,308,460,575,643,706,747,773,787,791,814,821,829,835,837
Tajiquistão,0,0,0,0,0,0,0,0,0,0,0,0,0,0,7,21,44,46,47,48,50,52,52,53,55,57,60,61,62,64,67,68,70,72,73,75,78,79,80,81,82,83,85,86,86,87,87,89,90,91,91,91,91,91,91,91,91,91,91,91,91,91,91,91,91,91,91,91,91,91,91,91,91,91,91,96,108,115,120,122,124,125,125,125,125
Tanzânia,0,0,0,0,0,0,0,0,0,1,1,3,10,10,16,21,21,21,21,21,21,21,21,21,21,21,21,21,21,21,21,21,21,21,21,21,21,21,21,21,21,21,21,21,21,21,21,21,21,21,21,21,21,21,21,21,21,21,21,21,21,21,21,21,21,21,21,21,21,21,21,21,21,21,21,21,21,21,21,21,50,50,50,50,50
Tailândia,0,0,0,0,0,1,1,1,4,10,27,41,48,54,54,56,56,57,58,58,58,58,58,58,58,58,58,58,58,58,58,58,58,58,59,59,59,59,59,59,59,60,60,60,60,60,60,60,61,66,67,71,75,79,79,82,83,84,85,88,92,94,95,97,108,163,303,452,649,832,1069,1297,1485,1693,1970,2333,2847,3502,4264,5315,6588,7973,9788,11589,13283
Timor-Leste,0,0,0,0,0,0,0,0,0,0,0,0,0,0,0,0,0,0,0,0,0,0,0,0,0,0,0,0,0,0,0,0,0,0,0,0,0,0,0,0,0,0,0,0,0,0,0,0,0,0,0,0,0,0,0,0,0,0,0,0,0,0,1,2,2,3,4,5,10,13,16,17,19,19,22,25,25,26,26,26,29,38,51,67,85
Togo,0,0,0,0,0,0,0,0,0,1,3,3,6,6,9,11,12,13,13,13,13,13,14,15,15,15,18,19,26,27,27,28,34,40,41,48,49,50,51,54,57,57,62,64,64,65,66,66,68,69,73,74,76,79,80,81,81,85,92,97,105,109,113,116,121,122,123,125,125,125,125,125,126,128,129,132,134,140,148,155,161,170,175,185,200
Trinidad e Tobago,0,0,0,0,0,0,0,0,0,3,8,8,8,8,8,8,8,8,8,8,8,8,8,8,8,8,8,8,8,12,15,27,39,56,65,74,83,93,98,106,110,111,113,115,120,122,123,125,125,127,128,132,134,134,136,138,139,139,140,140,141,142,145,146,157,161,185,224,317,408,507,599,686,761,833,903,952,1000,1048,1101,1144,1196,1244,1291,1342
Tunísia,0,0,0,0,0,0,0,0,4,10,23,34,38,40,43,45,47,48,48,49,49,50,50,50,50,50,50,51,52,57,71,80,96,123,164,246,321,478,711,983,1483,2006,2445,2935,3260,3668,3956,4237,4570,4934,5343,5844,6370,6893,7332,7617,7843,8047,8268,8429,8610,8788,9039,9396,9918,10444,11016,11556,11971,12342,12720,13126,13656,14223,14843,15601,16651,17821,18968,20226,21089,22025,22714,23451,23901
Turquia,0,0,0,0,0,0,0,1,44,214,725,1403,2259,2992,3520,3894,4199,4397,4585,4729,4842,5001,5131,5260,5402,5526,5645,5765,5873,6016,6163,6417,6782,7186,7639,8130,8553,8957,9445,9950,10481,11059,11704,12672,13936,15314,16881,18602,20388,21879,23152,24328,25344,26237,26998,27652,28213,28706,29160,29623,30316,31385,32667,34455,36613,39057,41527,43589,45186,46621,47656,48341,48879,49293,49687,49996,50324,50650,51048,51645,52437,53507,54995,56710,58651
Estados Unidos,0,0,0,0,0,7,28,134,1033,5362,17106,32128,47662,61608,74616,85709,95582,102489,109482,114894,119715,123804,127471,131728,136946,142792,150108,157381,164550,171790,178467,184643,189700,195706,200858,206062,210964,216170,221603,227500,234176,241528,250045,261867,273365,289765,308198,328054,344779,363932,387808,409267,432924,454687,474771,490299,504498,518263,529223,537439,544263,551232,556754,563589,568709,573503,578530,582862,586999,590746,594922,597844,600289,602419,604343,605891,607728,609471,611560,614454,618321,623305,631009,640189,650511
Uganda,0,0,0,0,0,0,0,0,0,0,0,0,0,0,0,0,0,0,0,0,0,0,0,0,0,0,2,5,9,15,25,32,46,58,64,75,84,95,97,103,115,133,150,186,205,207,225,238,250,290,303,305,318,325,327,331,333,334,334,334,334,335,335,337,341,341,342,346,349,358,362,388,459,714,989,1995,2164,2412,2590,2725,2812,2905,2962,3012,3061
Ucrânia,0,0,0,0,0,0,0,2,3,17,45,98,161,239,316,425,548,644,733,818,922,1045,1173,1299,1429,1537,1650,1788,1979,2152,2362,2654,2988,3326,3716,4154,4624,5254,5948,6770,7749,9018,10168,11619,12962,14413,16038,17535,18801,19929,20915,22037,23148,24100,25022,25862,26690,27650,28698,30239,32018,34043,36692,39477,42129,44763,46781,48544,50425,51682,52742,53420,53894,54220,54531,54815,55030,55221,55420,55643,55937,56237,56573,57004,57392
Emirados Árabes Unidos,0,0,0,0,0,0,0,0,2,6,12,28,46,89,146,203,227,253,269,283,293,305,315,326,335,341,347,351,358,366,377,384,391,401,405,416,435,448,470,482,503,518,538,559,576,596,622,642,662,685,717,756,805,866,947,1041,1145,1253,1345,1406,1451,1492,1516,1537,1559,1578,1598,1617,1637,1658,1684,1704,1734,1767,1807,1843,1876,1904,1929,1960,1982,2006,2026,2041,2050
Reino Unido,0,0,0,0,0,0,7,83,513,2457,7557,14135,20314,25347,29290,32270,34547,36274,37863,38946,39600,40070,40479,40782,40984,41115,41220,41311,41394,41466,41535,41592,41675,41753,41914,42162,42535,43108,44057,45455,47340,49861,52839,55935,59148,62130,65006,68409,71675,76428,83342,91643,100359,108225,114066,118421,121536,123530,125032,125927,126523,126912,127126,127369,127557,127705,127803,127890,127953,128001,128045,128118,128181,128272,128390,128532,128747,129109,129591,130179,130813,131466,132174,132859,133808
Uruguai,0,0,0,0,0,0,0,0,0,1,7,8,12,15,17,19,20,22,23,23,24,25,27,29,31,33,35,37,37,40,43,44,45,45,46,48,49,51,52,54,61,62,68,72,78,86,98,120,168,217,269,330,401,453,506,546,588,617,666,725,827,953,1191,1595,2022,2452,2861,3208,3578,3973,4342,4749,5089,5350,5558,5735,5849,5896,5941,5976,5990,6007,6020,6032,6037
Uzbequistão,0,0,0,0,0,0,0,0,0,2,2,4,6,8,10,10,13,14,15,18,19,19,26,41,67,95,124,165,204,242,284,323,358,402,442,466,489,511,534,556,574,588,599,604,611,611,612,612,613,614,617,620,621,621,621,622,622,622,622,622,623,628,632,634,639,646,655,664,672,682,690,699,709,720,733,754,778,805,845,893,941,987,1035,1082,1125
Vanuatu,0,0,0,0,0,0,0,0,0,0,0,0,0,0,0,0,0,0,0,0,0,0,0,0,0,0,0,0,0,0,0,0,0,0,0,0,0,0,0,0,0,0,0,0,0,0,0,0,0,0,0,0,0,0,0,0,0,0,0,0,0,0,0,0,0,1,1,1,1,1,1,1,1,1,1,1,1,1,1,1,1,1,1,1,1
Venezuela,0,0,0,0,0,0,0,0,0,3,7,9,10,10,16,10,10,11,18,23,27,35,51,71,96,120,151,187,238,297,343,391,444,502,564,621,665,710,747,780,810,834,858,876,901,928,965,997,1021,1042,1078,1116,1159,1202,1247,1292,1325,1353,1399,1451,1511,1589,1693,1815,1944,2082,2208,2320,2428,2544,2661,2750,2865,2989,3084,3222,3315,3392,3524,3637,3733,3815,3924,4010,4133
Vietnã,0,0,0,0,0,0,0,0,0,0,0,0,0,0,0,0,0,0,0,0,0,0,0,0,0,0,0,8,16,26,27,34,35,35,35,35,35,35,35,35,35,35,35,35,35,35,35,35,35,35,35,35,35,35,35,35,35,35,35,35,35,35,35,35,35,35,35,35,37,44,48,55,61,69,80,97,132,334,524,2071,4145,6472,9014,11064,13701
Cisjordânia e Faixa de Gaza,0,0,0,0,0,0,0,0,0,1,1,2,2,2,2,2,2,3,3,3,3,3,8,18,44,64,79,86,104,113,133,159,190,229,269,306,349,391,421,458,501,533,580,656,747,867,1023,1198,1351,1505,1630,1741,1803,1849,1897,1942,1994,2063,2170,2314,2478,2614,2735,2901,3078,3201,3296,3393,3437,3480,3503,3520,3542,3555,3561,3576,3582,3589,3600,3609,3615,3625,3646,3680,3755
Iémen,0,0,0,0,0,0,0,0,0,0,0,0,0,0,3,10,28,49,87,127,214,261,312,348,429,456,484,506,523,537,557,570,576,583,586,587,593,596,597,599,601,601,603,604,605,606,606,606,610,610,612,612,615,615,615,618,620,640,654,707,785,882,976,1073,1138,1207,1240,1276,1297,1311,1322,1336,1350,1355,1361,1363,1366,1371,1374,1380,1391,1407,1424,1472,1534
Zâmbia,0,0,0,0,0,0,0,0,0,0,1,2,3,3,3,7,7,7,7,10,11,18,24,42,42,128,142,173,241,264,282,290,297,324,331,332,335,345,346,348,349,350,353,357,357,364,368,379,385,412,495,578,672,794,881,974,1040,1104,1137,1167,1185,1202,1224,1229,1236,1249,1254,1258,1263,1271,1282,1321,1444,1744,2138,2559,2904,3138,3316,3422,3499,3550,3583,3602,3620
Zimbábue,0,0,0,0,0,0,0,0,1,1,2,3,3,4,4,4,4,4,4,4,4,6,7,9,20,26,40,81,104,141,166,203,218,224,226,228,229,230,233,242,246,255,260,274,277,303,310,326,359,418,551,825,1103,1254,1353,1414,1448,1472,1489,1507,1516,1520,1531,1543,1554,1565,1574,1579,1583,1587,1599,1617,1637,1691,1761,1939,2274,2747,3280,3676,3950,4156,4320,4419,4503
