País Português,0,1,2,3,4,5,6,7,8,9,10,11,12,13,14,15,16,17,18,19,20,21,22,23,24,25,26,27,28,29,30,31,32,33,34,35,36,37,38,39,40,41,42,43,44,45,46,47,48,49,50,51,52,53,54,55,56,57,58,59,60,61,62,63,64,65,66,67,68,69,70,71,72,73,74,75,76,77,78,79,80
Afeganistão,0.0,0.0,0.0,0.0,0.0,0.0,0.0,0.0,0.0,0.0,0.0,0.0,0.0,0.0,0.0,0.0,0.0,0.0,0.0,0.0,0.0,0.0,0.0,0.0,0.0,0.0,0.0,0.0026,0.0026,0.0026,0.0051,0.0103,0.0103,0.0103,0.0103,0.0103,0.0103,0.0103,0.0154,0.0154,0.018,0.018,0.0283,0.036,0.036,0.0385,0.0385,0.0462,,,,,,,,,,,,,,,,,,,,,,,,,,,,,,,,,
Albânia,0.0,0.0,0.0347,0.0347,0.0347,0.0347,0.0347,0.0347,0.0347,0.0695,0.0695,0.0695,0.0695,0.0695,0.139,0.1737,0.1737,0.2085,0.278,0.3475,0.3475,0.3822,0.5212,0.5212,0.556,0.5907,0.695,0.695,0.7297,0.7645,0.7645,0.7992,0.7992,0.7992,,,,,,,,,,,,,,,,,,,,,,,,,,,,,,,,,,,,,,,,,,,,,,,
Argélia,0.0,0.0,0.0,0.0,0.0,0.0,0.0,0.0,0.0,0.0,0.0,0.0,0.0,0.0,0.0,0.0,0.0023,0.0046,0.0068,0.0091,0.0091,0.0091,0.016,0.0205,0.0251,0.0342,0.0388,0.0388,0.0433,0.0479,0.057,0.0593,0.0661,0.0707,0.0798,0.1003,0.1323,0.1961,0.2394,0.2965,0.3466,0.3945,0.4401,0.4675,0.5359,0.5838,0.6271,,,,,,,,,,,,,,,,,,,,,,,,,,,,,,,,,,
Andorra,0.0,0.0,0.0,0.0,0.0,0.0,0.0,0.0,0.0,0.0,0.0,0.0,0.0,0.0,0.0,0.0,0.0,0.0,0.0,0.0,1.2942,1.2942,1.2942,1.2942,3.8827,3.8827,3.8827,7.7655,10.354,15.531,18.1195,19.4137,20.708,22.0022,23.2964,27.1792,28.4734,29.7677,32.3562,33.6504,33.6504,,,,,,,,,,,,,,,,,,,,,,,,,,,,,,,,,,,,,,,,
Angola,0.0,0.0,0.0,0.0,0.0,0.0,0.0,0.0,0.0,0.0061,0.0061,0.0061,0.0061,0.0061,0.0061,0.0061,0.0061,0.0061,0.0061,0.0061,0.0061,0.0061,0.0061,,,,,,,,,,,,,,,,,,,,,,,,,,,,,,,,,,,,,,,,,,,,,,,,,,,,,,,,,,
Antígua e Barbuda,0.0,0.0,0.0,0.0,0.0,0.0,0.0,0.0,0.0,0.0,0.0,0.0,0.0,0.0,0.0,0.0,0.0,0.0,0.0,0.0,0.0,0.0,0.0,0.0,0.0,1.0211,2.0423,2.0423,2.0423,2.0423,,,,,,,,,,,,,,,,,,,,,,,,,,,,,,,,,,,,,,,,,,,,,,,,,,,
Argentina,0.0,0.0,0.0,0.0,0.0,0.0022,0.0022,0.0022,0.0022,0.0022,0.0044,0.0044,0.0044,0.0044,0.0044,0.0044,0.0066,0.0066,0.0089,0.0089,0.0089,0.0133,0.0177,0.0199,0.0288,0.0398,0.042,0.0509,0.0597,0.062,0.0797,0.0863,0.0951,0.0974,0.1062,0.1239,0.1394,0.1593,0.1814,0.1836,,,,,,,,,,,,,,,,,,,,,,,,,,,,,,,,,,,,,,,,,
Arménia,0.0,0.0,0.0,0.0,0.0,0.0,0.0,0.0,0.0,0.0,0.0,0.0,0.0,0.0,0.0,0.0,0.0,0.0,0.0,0.0,0.0,0.0,0.0,0.0,0.0,0.0337,0.0337,0.0337,0.1012,0.1012,0.1012,0.135,0.2362,0.2362,0.2362,0.2362,0.27,0.27,0.3037,0.3375,0.405,0.4387,,,,,,,,,,,,,,,,,,,,,,,,,,,,,,,,,,,,,,,
Austrália,0.0,0.0,0.0,0.0,0.0,0.0,0.0,0.0,0.0,0.0,0.0,0.0,0.0,0.0,0.0,0.0,0.0,0.0,0.0,0.0,0.0,0.0,0.0,0.0,0.0,0.0,0.0,0.0,0.0,0.0,0.0,0.0,0.0,0.0,0.0,0.0039,0.0039,0.0039,0.0078,0.0078,0.0078,0.0078,0.0118,0.0118,0.0118,0.0118,0.0118,0.0118,0.0118,0.0118,0.0118,0.0196,0.0235,0.0235,0.0275,0.0275,0.0275,0.0275,0.0314,0.0314,0.051,0.051,0.0549,0.0627,0.0667,0.0706,0.0784,0.0941,0.1098,0.1176,0.1373,0.1569,0.1765,0.1961,0.2,0.2118,0.2235,,,,
Áustria,0.0,0.0,0.0,0.0,0.0,0.0,0.0,0.0,0.0,0.0,0.0,0.0,0.0,0.0,0.0,0.0,0.0111,0.0111,0.0111,0.0111,0.0333,0.0333,0.0444,0.0666,0.0666,0.0888,0.1777,0.2332,0.3109,0.3331,0.5441,0.644,0.755,0.9549,1.1991,1.4212,1.6211,1.7543,1.8653,2.0652,2.2651,2.4427,2.6981,3.0312,3.2754,3.5419,3.7418,,,,,,,,,,,,,,,,,,,,,,,,,,,,,,,,,,
Azerbaijão,0.0,0.0,0.0,0.0,0.0,0.0,0.0,0.0,0.0,0.0,0.0,0.0,0.0099,0.0099,0.0099,0.0099,0.0099,0.0099,0.0099,0.0099,0.0099,0.0099,0.0099,0.0099,0.0197,0.0296,0.0296,0.0395,0.0395,0.0395,0.0493,0.0493,0.0493,0.0493,0.0493,0.069,0.069,0.0789,0.0789,0.0888,0.0986,0.1085,,,,,,,,,,,,,,,,,,,,,,,,,,,,,,,,,,,,,,,
Bahamas,0.0,0.0,0.0,0.0,0.0,0.0,0.0,0.0,0.0,0.0,0.0,0.0,0.0,0.0,0.0,0.0,0.2543,0.2543,0.2543,1.0172,1.0172,1.2715,1.5258,1.7801,2.0344,2.0344,2.0344,,,,,,,,,,,,,,,,,,,,,,,,,,,,,,,,,,,,,,,,,,,,,,,,,,,,,,
Bahrein,0.0,0.0,0.0,0.0,0.0,0.0,0.0,0.0,0.0,0.0,0.0,0.0,0.0,0.0,0.0,0.0,0.0,0.0,0.0,0.0,0.0,0.0588,0.0588,0.0588,0.0588,0.0588,0.0588,0.1175,0.1175,0.1763,0.2351,0.2351,0.2351,0.2351,0.2351,0.2351,0.2351,0.2351,0.2351,0.2351,0.2351,0.2351,0.2351,0.2938,0.2938,0.2938,0.3526,0.3526,,,,,,,,,,,,,,,,,,,,,,,,,,,,,,,,,
Bangladesh,0.0,0.0,0.0,0.0,0.0,0.0,0.0,0.0,0.0,0.0,0.0006,0.0006,0.0006,0.0012,0.0012,0.0018,0.0024,0.003,0.003,0.003,0.003,0.003,0.003,0.003,0.0036,0.0036,0.0036,0.0049,0.0055,0.0073,0.0103,0.0121,0.0128,0.0164,0.0182,,,,,,,,,,,,,,,,,,,,,,,,,,,,,,,,,,,,,,,,,,,,,,
Barbados,0.0,0.0,0.0,0.0,0.0,0.0,0.0,0.0,0.0,0.0,0.0,0.0,0.0,0.0,0.0,0.0,0.0,0.0,0.0,0.348,0.696,1.0439,1.0439,1.0439,1.3919,1.3919,,,,,,,,,,,,,,,,,,,,,,,,,,,,,,,,,,,,,,,,,,,,,,,,,,,,,,,
Bielorrússia,0.0,0.0,0.0,0.0,0.0,0.0,0.0,0.0,0.0,0.0,0.0,0.0,0.0,0.0,0.0,0.0,0.0,0.0,0.0,0.0,0.0,0.0,0.0,0.0,0.0,0.0,0.0,0.0,0.0,0.0,0.0,0.0,0.0106,0.0212,0.0423,0.0423,0.0529,0.0847,0.1376,0.1376,0.1376,0.1693,0.2011,0.2434,,,,,,,,,,,,,,,,,,,,,,,,,,,,,,,,,,,,,
Bélgica,0.0,0.0,0.0,0.0,0.0,0.0,0.0,0.0,0.0,0.0,0.0,0.0,0.0,0.0,0.0,0.0,0.0,0.0,0.0,0.0,0.0,0.0,0.0,0.0,0.0,0.0,0.0,0.0,0.0,0.0,0.0,0.0,0.0,0.0,0.0,0.0,0.0259,0.0259,0.0259,0.0345,0.0345,0.0431,0.0863,0.1208,0.1812,0.3193,0.5781,0.6471,0.7593,1.0527,1.5359,1.8982,2.4936,3.0458,3.7188,4.4264,6.083,7.1443,8.7233,9.8623,11.0702,12.4853,14.0816,17.5588,19.3276,21.7695,26.0492,28.8707,,,,,,,,,,,,,
Belize,0.0,0.0,0.0,0.0,0.0,0.0,0.0,0.0,0.0,0.0,0.0,0.0,0.0,0.0,0.2515,0.2515,0.2515,0.2515,0.503,0.503,,,,,,,,,,,,,,,,,,,,,,,,,,,,,,,,,,,,,,,,,,,,,,,,,,,,,,,,,,,,,
Benim,0.0,0.0,0.0,0.0,0.0,0.0,0.0,0.0,0.0,0.0,0.0,0.0,0.0,0.0,0.0,0.0,0.0,0.0,0.0,0.0,0.0,0.0082,0.0082,0.0082,0.0082,0.0082,0.0082,,,,,,,,,,,,,,,,,,,,,,,,,,,,,,,,,,,,,,,,,,,,,,,,,,,,,,
Butão,0.0,0.0,0.0,0.0,0.0,0.0,0.0,0.0,0.0,0.0,0.0,0.0,0.0,0.0,0.0,0.0,0.0,0.0,0.0,0.0,0.0,0.0,0.0,0.0,0.0,0.0,0.0,0.0,0.0,0.0,0.0,0.0,0.0,0.0,0.0,0.0,0.0,,,,,,,,,,,,,,,,,,,,,,,,,,,,,,,,,,,,,,,,,,,,
Bolívia,0.0,0.0,0.0,0.0,0.0,0.0,0.0,0.0,0.0,0.0,0.0,0.0,0.0,0.0,0.0,0.0,0.0,0.0,0.0086,0.0343,0.0514,0.06,0.0685,0.0771,0.0857,0.0857,0.0942,0.1199,0.1285,0.1542,0.1628,0.1713,,,,,,,,,,,,,,,,,,,,,,,,,,,,,,,,,,,,,,,,,,,,,,,,,
Bósnia e Herzegovina,0.0,0.0,0.0,0.0,0.0,0.0,0.0,0.0,0.0,0.0,0.0,0.0,0.0,0.0,0.0,0.0,0.0305,0.0305,0.0305,0.0914,0.0914,0.0914,0.1219,0.1524,0.1829,0.3048,0.3962,0.3962,0.4877,0.5182,0.6401,0.701,0.8839,1.0058,1.0363,1.0668,1.0973,1.1278,,,,,,,,,,,,,,,,,,,,,,,,,,,,,,,,,,,,,,,,,,,
Botswana,0.0,0.0425,0.0425,0.0425,0.0425,0.0425,0.0425,0.0425,0.0425,0.0425,0.0425,0.0425,0.0425,,,,,,,,,,,,,,,,,,,,,,,,,,,,,,,,,,,,,,,,,,,,,,,,,,,,,,,,,,,,,,,,,,,,
Brasil,0.0,0.0,0.0,0.0,0.0,0.0,0.0,0.0,0.0,0.0,0.0,0.0,0.0,0.0,0.0,0.0,0.0,0.0,0.0,0.0,0.0005,0.0014,0.0028,0.0052,0.0071,0.0118,0.016,0.0216,0.0278,0.0362,0.0433,0.0522,0.064,0.0748,0.0946,0.1129,0.1524,0.1689,0.2094,0.2286,0.2653,0.3227,0.3853,0.4469,0.4973,0.5288,,,,,,,,,,,,,,,,,,,,,,,,,,,,,,,,,,,
Brunei,0.0,0.0,0.0,0.0,0.0,0.0,0.0,0.0,0.0,0.0,0.0,0.0,0.0,0.0,0.0,0.0,0.0,0.0,0.0,0.2286,0.2286,0.2286,0.2286,0.2286,0.2286,0.2286,0.2286,0.2286,0.2286,0.2286,0.2286,0.2286,0.2286,0.2286,,,,,,,,,,,,,,,,,,,,,,,,,,,,,,,,,,,,,,,,,,,,,,,
Bulgária,0.0,0.0,0.0,0.0144,0.0144,0.0144,0.0288,0.0288,0.0288,0.0288,0.0288,0.0432,0.0432,0.0432,0.0432,0.0432,0.0432,0.0432,0.0432,0.0432,0.1007,0.1151,0.1151,0.1151,0.1439,0.1439,0.2015,0.2447,0.2878,0.3166,0.331,0.3454,0.3454,0.3598,0.403,,,,,,,,,,,,,,,,,,,,,,,,,,,,,,,,,,,,,,,,,,,,,,
Burkina Faso,0.0,0.0,0.0,0.0,0.0,0.0,0.0,0.0,0.0048,0.0048,0.0048,0.0096,0.0191,0.0191,0.0191,0.0191,0.0335,0.0431,0.0526,0.0574,0.0574,0.067,0.0765,0.0765,0.0765,0.0765,0.0813,0.0861,0.0909,0.11,0.1148,0.1148,0.1292,,,,,,,,,,,,,,,,,,,,,,,,,,,,,,,,,,,,,,,,,,,,,,,,
Myanmar,0.0,0.0,0.0,0.0,0.0018,0.0018,0.0018,0.0018,0.0018,0.0018,0.0018,0.0018,0.0055,0.0055,0.0055,0.0055,,,,,,,,,,,,,,,,,,,,,,,,,,,,,,,,,,,,,,,,,,,,,,,,,,,,,,,,,,,,,,,,,
Burundi,0.0,0.0,0.0,0.0,0.0,0.0,0.0,0.0,0.0,0.0,0.0,0.0,,,,,,,,,,,,,,,,,,,,,,,,,,,,,,,,,,,,,,,,,,,,,,,,,,,,,,,,,,,,,,,,,,,,,
Cabo Verde,0.0,0.0,0.0,0.0,0.1799,0.1799,0.1799,0.1799,0.1799,0.1799,0.1799,0.1799,0.1799,0.1799,0.1799,0.1799,0.1799,0.1799,0.1799,0.1799,0.1799,0.1799,0.1799,,,,,,,,,,,,,,,,,,,,,,,,,,,,,,,,,,,,,,,,,,,,,,,,,,,,,,,,,,
Camboja,0.0,0.0,0.0,0.0,0.0,0.0,0.0,0.0,0.0,0.0,0.0,0.0,0.0,0.0,0.0,0.0,0.0,0.0,0.0,0.0,0.0,0.0,0.0,0.0,0.0,0.0,0.0,0.0,0.0,0.0,0.0,0.0,0.0,0.0,0.0,0.0,0.0,0.0,0.0,0.0,0.0,0.0,0.0,0.0,0.0,0.0,0.0,0.0,0.0,0.0,0.0,0.0,0.0,0.0,0.0,0.0,0.0,0.0,0.0,0.0,0.0,0.0,0.0,0.0,0.0,0.0,0.0,0.0,0.0,0.0,0.0,0.0,0.0,0.0,0.0,0.0,,,,,
Camarões,0.0,0.0,0.0,0.0,0.0,0.0,0.0,0.0,0.0,0.0,0.0,0.0,0.0,0.0,0.0,0.0,0.0,0.0,0.0,0.0038,0.0038,0.0075,0.0075,0.0226,0.0226,0.0226,0.0226,0.0264,0.0301,0.0339,0.0339,0.0339,0.0339,0.0377,0.0377,0.0452,0.0452,,,,,,,,,,,,,,,,,,,,,,,,,,,,,,,,,,,,,,,,,,,,
Canadá,0.0,0.0,0.0,0.0,0.0,0.0,0.0,0.0,0.0,0.0,0.0,0.0,0.0,0.0,0.0,0.0,0.0,0.0,0.0,0.0,0.0,0.0,0.0,0.0,0.0,0.0,0.0,0.0,0.0,0.0,0.0,0.0,0.0,0.0,0.0,0.0,0.0,0.0,0.0,0.0,0.0,0.0,0.0,0.0026,0.0026,0.0026,0.0026,0.0026,0.0026,0.0026,0.0106,0.0132,0.0212,0.0238,0.0318,0.0503,0.0556,0.0662,0.0689,0.0795,0.1007,0.1431,0.1616,0.1696,0.212,0.2676,0.2888,0.3683,0.4743,0.5776,0.6862,0.8982,0.9936,1.0784,1.3327,1.4758,1.7328,,,,
República Centro-Africana,0.0,0.0,0.0,0.0,0.0,0.0,0.0,0.0,0.0,0.0,0.0,0.0,0.0,0.0,0.0,0.0,0.0,0.0,0.0,0.0,0.0,0.0,0.0,0.0,0.0,0.0,0.0,0.0,,,,,,,,,,,,,,,,,,,,,,,,,,,,,,,,,,,,,,,,,,,,,,,,,,,,,
Chade,0.0,0.0,0.0,0.0,0.0,0.0,0.0,0.0,0.0,0.0,0.0,0.0,0.0,0.0,0.0,0.0,0.0,0.0,0.0,0.0,0.0,0.0,0.0,0.0,,,,,,,,,,,,,,,,,,,,,,,,,,,,,,,,,,,,,,,,,,,,,,,,,,,,,,,,,
Chile,0.0,0.0,0.0,0.0,0.0,0.0,0.0,0.0,0.0,0.0,0.0,0.0,0.0,0.0,0.0,0.0,0.0,0.0,0.0,0.0052,0.0105,0.0105,0.0157,0.0209,0.0262,0.0314,0.0366,0.0418,0.0628,0.0837,0.0942,0.1151,0.1412,0.1779,0.1936,0.2249,0.2511,0.2982,0.34,0.3819,,,,,,,,,,,,,,,,,,,,,,,,,,,,,,,,,,,,,,,,,
China,0.0012,0.0013,0.0018,0.0029,0.0039,0.0057,0.0091,0.0092,0.0119,0.0148,0.018,0.0251,0.0295,0.0341,0.0391,0.044,0.0499,0.0559,0.0629,0.0703,0.0773,0.0776,0.0951,0.1057,0.1155,0.1227,0.1295,0.1392,0.147,0.1555,0.1555,0.1697,0.1699,0.1803,0.1852,0.1888,0.1908,0.1938,0.1971,0.1995,0.2025,0.2047,0.2073,0.2095,0.2115,0.2134,0.2154,0.217,0.2181,0.2196,0.2204,0.2209,0.2218,0.2225,0.2235,0.2244,0.2252,0.2257,0.226,0.2264,0.2275,0.2275,0.228,0.2282,0.2286,0.229,0.2292,0.2296,0.2298,0.2299,0.2304,0.2308,0.2311,0.2314,0.2316,0.2317,0.2317,0.2318,0.232,0.2321,0.2323
Colômbia,0.0,0.0,0.0,0.0,0.0,0.0,0.0,0.0,0.0,0.0,0.0,0.0,0.0,0.0,0.0,0.0,0.0039,0.0059,0.0059,0.0079,0.0118,0.0118,0.0118,0.0197,0.0236,0.0314,0.0334,0.0373,0.0491,0.0629,0.0688,0.0904,0.0983,0.1061,0.1356,0.1572,0.1965,,,,,,,,,,,,,,,,,,,,,,,,,,,,,,,,,,,,,,,,,,,,
República do Congo,0.0,0.0,0.0,0.0,0.0,0.0,0.0,0.0,0.0,0.0,0.0,0.0,0.0,0.0,0.0,0.0,0.0,0.0,0.0362,0.0362,0.0362,0.0906,0.0906,0.0906,0.0906,0.0906,0.0906,0.0906,,,,,,,,,,,,,,,,,,,,,,,,,,,,,,,,,,,,,,,,,,,,,,,,,,,,,
República Democrática do Congo,0.0,0.0,0.0,0.0,0.0,0.0,0.0,0.0,0.0,0.0,0.0011,0.0011,0.0011,0.0022,0.0022,0.0033,0.0033,0.0067,0.0067,0.0089,0.0089,0.01,0.0145,0.0145,0.0201,0.0201,0.0201,0.0201,0.0201,0.0201,0.0223,0.0223,,,,,,,,,,,,,,,,,,,,,,,,,,,,,,,,,,,,,,,,,,,,,,,,,
Costa Rica,0.0,0.0,0.0,0.0,0.0,0.0,0.0,0.0,0.0,0.0,0.0,0.0,0.0,0.0196,0.0196,0.0393,0.0393,0.0393,0.0393,0.0393,0.0393,0.0393,0.0393,0.0393,0.0393,0.0393,0.0393,0.0393,0.0393,0.0393,0.0393,0.0393,0.0393,0.0589,0.0589,0.0589,0.0589,,,,,,,,,,,,,,,,,,,,,,,,,,,,,,,,,,,,,,,,,,,,
Costa do Marfim,0.0,0.0,0.0,0.0,0.0,0.0,0.0,0.0,0.0,0.0,0.0,0.0,0.0,0.0,0.0,0.0,0.0,0.0,0.0038,0.0038,0.0038,0.0038,0.0038,0.0038,0.0038,0.0114,0.0114,0.0114,0.0114,0.0114,0.0114,0.0152,,,,,,,,,,,,,,,,,,,,,,,,,,,,,,,,,,,,,,,,,,,,,,,,,
Croácia,0.0,0.0,0.0,0.0,0.0,0.0,0.0,0.0,0.0,0.0,0.0,0.0,0.0,0.0,0.0,0.0,0.0,0.0,0.0,0.0,0.0,0.0,0.0,0.0244,0.0244,0.0244,0.0244,0.0244,0.0244,0.0244,0.0731,0.0731,0.1218,0.1462,0.1462,0.1462,0.1462,0.1705,0.1949,0.2923,0.3654,0.3897,0.4385,0.4628,0.4872,0.5115,0.5115,,,,,,,,,,,,,,,,,,,,,,,,,,,,,,,,,,
Cuba,0.0,0.0,0.0,0.0,0.0,0.0,0.0088,0.0088,0.0088,0.0088,0.0088,0.0088,0.0088,0.0088,0.0177,0.0177,0.0265,0.0265,0.0353,0.053,0.053,0.053,0.053,0.053,0.0706,0.0795,0.0971,0.1059,0.1324,0.1324,0.1413,,,,,,,,,,,,,,,,,,,,,,,,,,,,,,,,,,,,,,,,,,,,,,,,,,
Chipre,0.0,0.0,0.0,0.0,0.0,0.0,0.0,0.0,0.0,0.0,0.0,0.0,0.0,0.0828,0.0828,0.2485,0.2485,0.2485,0.4141,0.4141,0.4141,0.5798,0.6626,0.7454,0.8283,0.9111,0.9111,0.7454,0.7454,0.7454,0.7454,0.8283,0.8283,0.8283,,,,,,,,,,,,,,,,,,,,,,,,,,,,,,,,,,,,,,,,,,,,,,,
República Tcheca,0.0,0.0,0.0,0.0,0.0,0.0,0.0,0.0,0.0,0.0,0.0,0.0,0.0,0.0,0.0,0.0,0.0,0.0,0.0,0.0,0.0,0.0093,0.0093,0.028,0.056,0.084,0.084,0.1027,0.1494,0.2148,0.2895,0.3642,0.4109,0.4949,0.5509,0.6256,0.7284,0.8217,0.9245,1.0459,1.1112,1.2046,,,,,,,,,,,,,,,,,,,,,,,,,,,,,,,,,,,,,,,
Dinamarca,0.0,0.0,0.0,0.0,0.0,0.0,0.0,0.0,0.0,0.0,0.0,0.0,0.0,0.0,0.0,0.0,0.0173,0.0345,0.0518,0.0691,0.0691,0.1036,0.1554,0.2244,0.2244,0.4144,0.5525,0.587,0.7078,0.8978,1.1222,1.2431,1.3294,1.5538,1.7955,2.1235,2.3998,2.7796,3.0904,3.2285,3.5047,3.7637,4.0917,4.2644,4.4888,,,,,,,,,,,,,,,,,,,,,,,,,,,,,,,,,,,,
Diamond Princess,0.0,0.0,0.0,0.0,0.0,0.0,0.0,0.0,0.0,0.0,0.0,0.0,0.0,53.8938,53.8938,53.8938,80.8407,80.8407,80.8407,107.7877,107.7877,161.6815,161.6815,161.6815,161.6815,161.6815,161.6815,161.6815,161.6815,161.6815,161.6815,161.6815,161.6815,188.6284,188.6284,188.6284,188.6284,188.6284,188.6284,188.6284,188.6284,188.6284,188.6284,215.5753,215.5753,215.5753,269.4691,269.4691,269.4691,269.4691,269.4691,269.4691,269.4691,269.4691,296.4161,296.4161,296.4161,296.4161,296.4161,296.4161,296.4161,296.4161,296.4161,296.4161,296.4161,,,,,,,,,,,,,,,,
Djibouti,0.0,0.0,0.0,0.0,0.0,0.0,0.0,0.0,0.0,0.0,0.0,0.0,0.0,0.0,0.0,0.0,0.0,0.0,0.0,0.0,0.0,0.0,0.0,101.2146,202.4291,,,,,,,,,,,,,,,,,,,,,,,,,,,,,,,,,,,,,,,,,,,,,,,,,,,,,,,,
Domínica,0.0,0.0,0.0,0.0,0.0,0.0,0.0,0.0,0.0,0.0,0.0,0.0,0.0,0.0,0.0,0.0,0.0,0.0,0.0,0.0,0.0,,,,,,,,,,,,,,,,,,,,,,,,,,,,,,,,,,,,,,,,,,,,,,,,,,,,,,,,,,,,
República Dominicana,0.0,0.0,0.0,0.0,0.0,0.0,0.0,0.0,0.0,0.0,0.0,0.0,0.0,0.0,0.0,0.0,0.0092,0.0092,0.0184,0.0184,0.0184,0.0277,0.0277,0.0553,0.0922,0.0922,0.1844,0.2581,0.3595,0.3872,0.4701,0.5254,0.5531,0.6268,0.6268,0.7559,0.7928,0.9034,0.9956,1.0878,1.1615,1.2445,,,,,,,,,,,,,,,,,,,,,,,,,,,,,,,,,,,,,,,
Equador,0.0,0.0,0.0,0.0,0.0,0.0,0.0,0.0,0.0,0.0,0.0,0.0,0.0,0.0113,0.0113,0.0113,0.0113,0.0113,0.017,0.0283,0.0397,0.0794,0.102,0.153,0.1587,0.1927,0.204,0.2721,0.3287,0.3401,0.4251,0.5271,0.6802,0.8219,0.9749,1.0202,1.0826,1.0826,1.3716,1.5417,1.6834,1.7854,,,,,,,,,,,,,,,,,,,,,,,,,,,,,,,,,,,,,,,
Egito,0.0,0.0,0.0,0.0,0.0,0.0,0.0,0.0,0.0,0.0,0.0,0.0,0.0,0.0,0.0,0.0,0.0,0.0,0.0,0.0,0.0,0.0,0.0,0.001,0.001,0.001,0.001,0.001,0.002,0.002,0.002,0.002,0.0039,0.0059,0.0059,0.0078,0.0098,0.0137,0.0186,0.0195,0.0205,0.0235,0.0293,0.0352,0.0391,0.0401,0.045,0.0508,0.0567,0.0645,0.0694,0.0762,0.0831,0.0919,0.1007,0.1153,0.1319,0.1427,,,,,,,,,,,,,,,,,,,,,,,
El Salvador,0.0,0.0,0.0,0.0,0.0,0.0,0.0,0.0,0.0,0.0,0.0,0.0,0.0154,0.0154,0.0308,0.0308,0.0463,0.0463,0.0617,0.0617,0.0771,0.0925,0.0925,0.0925,,,,,,,,,,,,,,,,,,,,,,,,,,,,,,,,,,,,,,,,,,,,,,,,,,,,,,,,,
Guiné Equatorial,0.0,0.0,0.0,0.0,0.0,0.0,0.0,0.0,0.0,0.0,0.0,0.0,0.0,0.0,0.0,0.0,0.0,0.0,0.0,0.0,0.0,0.0,0.0,0.0,0.0,0.0,0.0,0.0,,,,,,,,,,,,,,,,,,,,,,,,,,,,,,,,,,,,,,,,,,,,,,,,,,,,,
Eritreia,0.0,0.0,0.0,0.0,0.0,0.0,0.0,0.0,0.0,0.0,0.0,0.0,0.0,0.0,0.0,0.0,0.0,0.0,0.0,0.0,0.0,0.0,,,,,,,,,,,,,,,,,,,,,,,,,,,,,,,,,,,,,,,,,,,,,,,,,,,,,,,,,,,
Estónia,0.0,0.0,0.0,0.0,0.0,0.0,0.0,0.0,0.0,0.0,0.0,0.0,0.0,0.0,0.0,0.0,0.0,0.0,0.0,0.0,0.0,0.0,0.0,0.0,0.0,0.0,0.0,0.0754,0.0754,0.0754,0.0754,0.2262,0.2262,0.3015,0.3769,0.8292,0.9046,0.98,1.1308,1.4323,1.5831,1.8092,1.8092,1.8092,1.8092,,,,,,,,,,,,,,,,,,,,,,,,,,,,,,,,,,,,
Essuatíni,0.0,0.0,0.0,0.0,0.0,0.0,0.0,0.0,0.0,0.0,0.0,0.0,0.0,0.0,0.0,0.0,0.0,0.0,0.0,0.0,0.0,0.0,0.0,0.0,0.0,0.0,0.0,0.0,0.0,,,,,,,,,,,,,,,,,,,,,,,,,,,,,,,,,,,,,,,,,,,,,,,,,,,,
Etiópia,0.0,0.0,0.0,0.0,0.0,0.0,0.0,0.0,0.0,0.0,0.0,0.0,0.0,0.0,0.0,0.0,0.0,0.0,0.0,0.0,0.0,0.0,0.0,0.0017,0.0017,0.0017,0.0017,0.0017,0.0026,0.0026,,,,,,,,,,,,,,,,,,,,,,,,,,,,,,,,,,,,,,,,,,,,,,,,,,,
Fiji,0.0,0.0,0.0,0.0,0.0,0.0,0.0,0.0,0.0,0.0,0.0,0.0,0.0,0.0,0.0,0.0,0.0,0.0,0.0,0.0,0.0,0.0,0.0,0.0,,,,,,,,,,,,,,,,,,,,,,,,,,,,,,,,,,,,,,,,,,,,,,,,,,,,,,,,,
Finlândia,0.0,0.0,0.0,0.0,0.0,0.0,0.0,0.0,0.0,0.0,0.0,0.0,0.0,0.0,0.0,0.0,0.0,0.0,0.0,0.0,0.0,0.0,0.0,0.0,0.0,0.0,0.0,0.0,0.0,0.0,0.0,0.0,0.0,0.0,0.0,0.0,0.0,0.0,0.0,0.0,0.0,0.0,0.0,0.0,0.0,0.0,0.0,0.0,0.0,0.0,0.0,0.0,0.018,0.018,0.018,0.018,0.0541,0.0902,0.1263,0.1624,0.1985,0.2346,0.3068,0.3068,0.3429,0.361,0.4512,0.5053,0.4873,0.6136,0.7219,0.758,0.8663,0.8844,,,,,,,
França,0.0,0.0,0.0,0.0,0.0,0.0,0.0,0.0,0.0,0.0,0.0,0.0,0.0,0.0,0.0,0.0,0.0,0.0,0.0,0.0,0.0,0.0,0.0015,0.0015,0.0015,0.0015,0.0015,0.0015,0.0015,0.0015,0.0015,0.0015,0.0015,0.0031,0.0031,0.0031,0.0031,0.0031,0.0046,0.0061,0.0061,0.0092,0.0138,0.0169,0.0291,0.0291,0.0506,0.0735,0.0735,0.121,0.1394,0.1394,0.2283,0.2283,0.2283,0.3738,0.6909,0.8625,1.0356,1.3206,1.6883,2.0422,2.6014,3.0594,3.5497,4.0001,4.642,5.4111,6.1939,8.2698,9.9887,11.6035,12.3986,13.6748,15.8456,16.679,18.7335,20.2456,21.2199,,
Gabão,0.0,0.0,0.0,0.0,0.0,0.0,0.0449,0.0449,0.0449,0.0449,0.0449,0.0449,0.0449,0.0449,0.0449,0.0449,0.0449,0.0449,0.0449,0.0449,0.0449,0.0449,0.0449,0.0449,0.0449,0.0449,0.0449,0.0449,0.0449,,,,,,,,,,,,,,,,,,,,,,,,,,,,,,,,,,,,,,,,,,,,,,,,,,,,
Gâmbia,0.0,0.0,0.0,0.0,0.0,0.0,0.0414,0.0414,0.0414,0.0414,0.0414,0.0414,0.0414,0.0414,0.0414,0.0414,0.0414,0.0414,0.0414,0.0414,0.0414,0.0414,0.0414,0.0414,0.0414,0.0414,,,,,,,,,,,,,,,,,,,,,,,,,,,,,,,,,,,,,,,,,,,,,,,,,,,,,,,
Geórgia,0.0,0.0,0.0,0.0,0.0,0.0,0.0,0.0,0.0,0.0,0.0,0.0,0.0,0.0,0.0,0.0,0.0,0.0,0.0,0.0,0.0,0.0,0.0,0.0,0.0,0.0,0.0,0.0,0.0,0.0,0.0,0.0,0.0,0.0,0.0,0.0,0.0,0.0,0.0251,0.0501,0.0501,0.0752,0.0752,0.0752,0.0752,0.0752,,,,,,,,,,,,,,,,,,,,,,,,,,,,,,,,,,,
Alemanha,0.0,0.0,0.0,0.0,0.0,0.0,0.0,0.0,0.0,0.0,0.0,0.0,0.0,0.0,0.0,0.0,0.0,0.0,0.0,0.0,0.0,0.0,0.0,0.0,0.0,0.0,0.0,0.0,0.0,0.0,0.0,0.0,0.0,0.0,0.0,0.0,0.0,0.0,0.0,0.0,0.0,0.0,0.0024,0.0024,0.0036,0.0036,0.0084,0.0107,0.0131,0.0203,0.0286,0.0334,0.0525,0.08,0.1003,0.1122,0.1468,0.1874,0.2459,0.3187,0.4082,0.5168,0.6362,0.7698,0.925,1.0981,1.3213,1.5218,1.7235,1.8906,2.1603,2.4062,2.8036,3.1116,3.3025,3.2655,,,,,
Gana,0.0,0.0,0.0,0.0,0.0,0.0,0.0,0.0032,0.0032,0.0064,0.0064,0.0129,0.0129,0.0129,0.0161,0.0161,0.0161,0.0161,0.0161,0.0161,0.0161,0.0161,0.0161,0.0161,0.0161,0.0193,0.0193,0.0193,0.0257,,,,,,,,,,,,,,,,,,,,,,,,,,,,,,,,,,,,,,,,,,,,,,,,,,,,
Grécia,0.0,0.0,0.0,0.0,0.0,0.0,0.0,0.0,0.0,0.0,0.0,0.0,0.0,0.0,0.0096,0.0096,0.0096,0.0288,0.0384,0.0384,0.048,0.048,0.0576,0.0576,0.1247,0.1439,0.1631,0.1919,0.2111,0.2494,0.2686,0.307,0.3646,0.4125,0.4701,0.4797,0.5085,0.6044,0.6524,0.7004,0.7579,0.7771,0.7963,0.8347,0.8827,0.8923,,,,,,,,,,,,,,,,,,,,,,,,,,,,,,,,,,,
Granada,0.0,0.0,0.0,0.0,0.0,0.0,0.0,0.0,0.0,0.0,0.0,0.0,0.0,0.0,0.0,0.0,0.0,0.0,0.0,0.0,0.0,,,,,,,,,,,,,,,,,,,,,,,,,,,,,,,,,,,,,,,,,,,,,,,,,,,,,,,,,,,,
Guatemala,0.0,0.0,0.0056,0.0056,0.0056,0.0056,0.0056,0.0056,0.0056,0.0056,0.0056,0.0056,0.0056,0.0056,0.0056,0.0056,0.0056,0.0056,0.0056,0.0056,0.0056,0.0112,0.0112,0.0167,0.0167,0.0167,0.0167,0.0167,0.0167,,,,,,,,,,,,,,,,,,,,,,,,,,,,,,,,,,,,,,,,,,,,,,,,,,,,
Guiné,0.0,0.0,0.0,0.0,0.0,0.0,0.0,0.0,0.0,0.0,0.0,0.0,0.0,0.0,0.0,0.0,0.0,0.0,0.0,0.0,0.0,0.0,0.0,0.0,0.0,0.0,0.0,0.0,0.0,0.0,,,,,,,,,,,,,,,,,,,,,,,,,,,,,,,,,,,,,,,,,,,,,,,,,,,
Guiné-Bissau,0.0,0.0,0.0,0.0,0.0,0.0,0.0,0.0,0.0,0.0,0.0,0.0,0.0,0.0,0.0,0.0,0.0,0.0,,,,,,,,,,,,,,,,,,,,,,,,,,,,,,,,,,,,,,,,,,,,,,,,,,,,,,,,,,,,,,,
Guiana,0.1271,0.1271,0.1271,0.1271,0.1271,0.1271,0.1271,0.1271,0.1271,0.1271,0.1271,0.1271,0.1271,0.1271,0.1271,0.1271,0.1271,0.1271,0.1271,0.2543,0.2543,0.5085,0.5085,0.5085,0.5085,0.5085,0.6357,0.7628,0.7628,0.7628,0.7628,,,,,,,,,,,,,,,,,,,,,,,,,,,,,,,,,,,,,,,,,,,,,,,,,,
Haiti,0.0,0.0,0.0,0.0,0.0,0.0,0.0,0.0,0.0,0.0,0.0,0.0,0.0,0.0,0.0,0.0,0.0088,0.0088,0.0088,0.0088,0.0175,0.0175,0.0175,,,,,,,,,,,,,,,,,,,,,,,,,,,,,,,,,,,,,,,,,,,,,,,,,,,,,,,,,,
Santa Sé,0.0,0.0,0.0,0.0,0.0,0.0,0.0,0.0,0.0,0.0,0.0,0.0,0.0,0.0,0.0,0.0,0.0,0.0,0.0,0.0,0.0,0.0,0.0,0.0,0.0,0.0,0.0,0.0,0.0,0.0,0.0,0.0,0.0,0.0,0.0,0.0,0.0,,,,,,,,,,,,,,,,,,,,,,,,,,,,,,,,,,,,,,,,,,,,
Honduras,0.0,0.0,0.0,0.0,0.0,0.0,0.0,0.0,0.0,0.0,0.0,0.0,0.0,0.0,0.0,0.0101,0.0101,0.0101,0.0303,0.0707,0.0707,0.101,0.1413,0.1514,0.1514,0.2221,0.2221,0.2221,0.2221,0.2322,0.2322,0.2423,,,,,,,,,,,,,,,,,,,,,,,,,,,,,,,,,,,,,,,,,,,,,,,,,
Hungria,0.0,0.0,0.0,0.0,0.0,0.0,0.0,0.0,0.0,0.0,0.0,0.0104,0.0104,0.0104,0.0104,0.0104,0.0311,0.0414,0.0621,0.0725,0.0932,0.1035,0.1035,0.1035,0.1139,0.1346,0.1553,0.1656,0.207,0.2174,0.2691,0.3313,0.352,0.3934,0.4865,0.6004,0.6832,0.7971,0.8799,,,,,,,,,,,,,,,,,,,,,,,,,,,,,,,,,,,,,,,,,,
Islândia,0.0,0.0,0.0,0.0,0.0,0.0,0.0,0.0,0.0,0.0,0.0,0.0,0.0,0.0,0.0,0.0,1.4652,0.0,0.293,0.293,0.293,0.0,0.293,0.293,0.293,0.5861,0.5861,0.5861,0.5861,0.5861,0.5861,0.5861,0.5861,0.5861,1.1722,1.1722,1.1722,1.1722,1.7583,1.7583,1.7583,1.7583,2.0513,2.3444,,,,,,,,,,,,,,,,,,,,,,,,,,,,,,,,,,,,,
Índia,0.0,0.0,0.0,0.0,0.0,0.0,0.0,0.0,0.0,0.0,0.0,0.0,0.0,0.0,0.0,0.0,0.0,0.0,0.0,0.0,0.0,0.0,0.0,0.0,0.0,0.0,0.0,0.0,0.0,0.0,0.0,0.0,0.0,0.0,0.0,0.0,0.0,0.0,0.0,0.0,0.0,0.0001,0.0001,0.0001,0.0001,0.0001,0.0001,0.0002,0.0002,0.0003,0.0004,0.0003,0.0005,0.0007,0.0007,0.0009,0.0014,0.0014,0.0017,0.002,0.0023,0.0025,0.0042,0.0052,0.0052,0.0062,0.0072,0.0099,0.0109,0.0129,0.0164,0.0178,0.0209,,,,,,,,
Indonésia,0.0,0.0,0.0,0.0,0.0,0.0,0.0,0.0,0.0,0.0004,0.0004,0.0015,0.0018,0.0018,0.0018,0.0018,0.0069,0.0091,0.0117,0.0139,0.0175,0.0179,0.0201,0.0212,0.0285,0.0318,0.0373,0.0417,0.0446,0.0497,0.0574,0.0622,0.0662,0.0698,0.0724,0.0764,0.0808,0.0877,0.1024,0.1119,0.1196,,,,,,,,,,,,,,,,,,,,,,,,,,,,,,,,,,,,,,,,
Irã,0.0024,0.0024,0.0048,0.006,0.0095,0.0143,0.019,0.0226,0.031,0.0405,0.0512,0.0643,0.0786,0.0917,0.1095,0.1274,0.1476,0.1726,0.231,0.2822,0.3465,0.4215,0.5108,0.612,0.7274,0.862,1.0156,1.1763,1.3513,1.5287,1.7061,1.8525,2.0061,2.1573,2.3026,2.4728,2.6597,2.8312,2.9967,3.1431,3.2824,3.4503,3.6146,3.7622,3.9218,4.1099,4.2896,4.4516,4.6099,4.754,4.8933,5.0385,5.1873,,,,,,,,,,,,,,,,,,,,,,,,,,,,
Iraque,0.0,0.0,0.0,0.0,0.0,0.0,0.0,0.0,0.0,0.005,0.005,0.0075,0.0099,0.0149,0.0149,0.0174,0.0174,0.0199,0.0224,0.0249,0.0249,0.0249,0.0273,0.0298,0.0323,0.0423,0.0423,0.0497,0.0572,0.0671,0.0721,0.0895,0.0994,0.1044,0.1044,0.1144,0.1243,0.1293,0.1343,0.1343,0.1392,0.1517,0.1591,0.1616,0.1715,0.1715,0.174,0.179,,,,,,,,,,,,,,,,,,,,,,,,,,,,,,,,,
Irlanda,0.0,0.0,0.0,0.0,0.0,0.0,0.0,0.0,0.0,0.0,0.0,0.0203,0.0203,0.0203,0.0405,0.0405,0.0405,0.0405,0.0405,0.0608,0.0608,0.0608,0.081,0.1215,0.1418,0.1823,0.3848,0.4455,0.7291,0.9316,1.0936,1.4379,1.7214,1.9847,2.4302,2.7745,3.1998,3.5238,4.2529,4.7592,5.3263,5.8123,6.4806,,,,,,,,,,,,,,,,,,,,,,,,,,,,,,,,,,,,,,
Israel,0.0,0.0,0.0,0.0,0.0,0.0,0.0,0.0,0.0,0.0,0.0,0.0,0.0,0.0,0.0,0.0,0.0,0.0,0.0,0.0,0.0,0.0,0.0,0.0,0.0,0.0,0.0,0.0,0.0,0.0116,0.0116,0.0116,0.0347,0.0578,0.0924,0.1386,0.1386,0.1733,0.1849,0.2311,0.3004,0.4159,0.4621,0.5083,0.5661,0.6585,0.751,0.8434,0.9936,1.0976,1.1669,,,,,,,,,,,,,,,,,,,,,,,,,,,,,,
Itália,0.0,0.0,0.0,0.0,0.0,0.0,0.0,0.0,0.0,0.0,0.0,0.0,0.0,0.0,0.0,0.0,0.0,0.0,0.0,0.0,0.0,0.0017,0.0033,0.005,0.0116,0.0165,0.0198,0.0281,0.0347,0.048,0.0562,0.086,0.1307,0.177,0.2448,0.3258,0.3854,0.6053,0.7658,1.0436,1.3678,1.3678,2.0939,2.3833,2.992,3.5692,4.1398,4.9254,5.6317,6.6687,7.9802,9.057,10.051,11.2798,12.4095,13.5871,15.1071,16.5774,17.8278,19.1708,20.5551,21.7575,23.0145,24.2814,25.4078,26.2761,27.328,28.327,29.2234,30.2323,31.175,32.1988,,,,,,,,,
Jamaica,0.0,0.0,0.0,0.0,0.0,0.0,0.0,0.0,0.0338,0.0338,0.0338,0.0338,0.0338,0.0338,0.0338,0.0338,0.0338,0.0338,0.0338,0.0338,0.0338,0.1013,0.1013,0.1013,0.1013,0.1013,0.1013,0.1013,0.1351,0.1351,0.1351,0.1351,,,,,,,,,,,,,,,,,,,,,,,,,,,,,,,,,,,,,,,,,,,,,,,,,
Japão,0.0,0.0,0.0,0.0,0.0,0.0,0.0,0.0,0.0,0.0,0.0,0.0,0.0,0.0,0.0,0.0,0.0,0.0,0.0,0.0,0.0,0.0,0.0008,0.0008,0.0008,0.0008,0.0008,0.0008,0.0008,0.0008,0.0008,0.0008,0.0008,0.0008,0.0008,0.0016,0.0032,0.0032,0.004,0.0047,0.0047,0.0047,0.0047,0.0047,0.0047,0.0047,0.0047,0.0079,0.0079,0.0119,0.0127,0.015,0.0174,0.0174,0.0213,0.0229,0.0229,0.0229,0.0261,0.0277,0.0324,0.0332,0.034,0.0356,0.0372,0.0387,0.0411,0.0427,0.0427,0.0443,0.0451,0.049,0.0498,0.0609,0.0609,0.0672,0.0727,0.0735,0.0743,0.0783,0.0783
Jordânia,0.0,0.0,0.0,0.0,0.0,0.0,0.0,0.0,0.0,0.0,0.0,0.0,0.0,0.0,0.0,0.0,0.0,0.0,0.0,0.0,0.0,0.0,0.0,0.0,0.0098,0.0098,0.0294,0.049,0.049,0.049,0.049,0.049,0.049,0.049,0.0588,0.0588,0.0588,0.0686,0.0686,0.0686,,,,,,,,,,,,,,,,,,,,,,,,,,,,,,,,,,,,,,,,,
Cazaquistão,0.0,0.0,0.0,0.0,0.0,0.0,0.0,0.016,0.0,0.0,0.0,0.0,0.0,0.0053,0.0053,0.0053,0.0053,0.0053,0.0107,0.016,0.016,0.032,0.0266,0.032,0.032,0.032,0.0373,0.0426,0.0533,0.0533,,,,,,,,,,,,,,,,,,,,,,,,,,,,,,,,,,,,,,,,,,,,,,,,,,,
Quénia,0.0,0.0,0.0,0.0,0.0,0.0,0.0,0.0,0.0,0.0,0.0,0.0,0.0,0.0019,0.0019,0.0019,0.0019,0.0019,0.0019,0.0019,0.0056,0.0074,0.0074,0.0074,0.0112,0.0112,0.0112,0.013,0.013,0.013,,,,,,,,,,,,,,,,,,,,,,,,,,,,,,,,,,,,,,,,,,,,,,,,,,,
Coreia do Sul,0.0,0.0,0.0,0.0,0.0,0.0,0.0,0.0,0.0,0.0,0.0,0.0,0.0,0.0,0.0,0.0,0.0,0.0,0.0,0.0,0.0,0.0,0.0,0.0,0.0,0.0,0.0,0.0,0.0,0.002,0.0039,0.0039,0.0117,0.0156,0.0195,0.0234,0.0254,0.0254,0.0312,0.0332,0.0546,0.0546,0.0683,0.0683,0.0819,0.0858,0.0975,0.1034,0.1053,0.117,0.1287,0.1287,0.1404,0.1463,0.1463,0.158,0.1638,0.1775,0.1833,0.1989,0.2165,0.2165,0.2341,0.2458,0.2555,0.2711,0.2809,0.2965,0.3082,0.316,0.3218,0.3296,0.3394,0.3452,0.3569,0.3628,0.3745,0.3901,0.3979,0.4057,0.4116
Kosovo,0.0553,0.0553,0.0553,0.0553,0.0553,0.0553,0.0553,0.0553,0.0553,0.0553,0.0553,0.0553,0.221,0.2763,0.2763,0.3868,0.3868,,,,,,,,,,,,,,,,,,,,,,,,,,,,,,,,,,,,,,,,,,,,,,,,,,,,,,,,,,,,,,,,
Kuwait,0.0,0.0,0.0,0.0,0.0,0.0,0.0,0.0,0.0,0.0,0.0,0.0,0.0,0.0,0.0,0.0,0.0,0.0,0.0,0.0,0.0,0.0,0.0,0.0,0.0,0.0,0.0,0.0,0.0,0.0,0.0,0.0,0.0,0.0,0.0,0.0,0.0,0.0,0.0,0.0,0.0234,0.0234,0.0234,0.0234,0.0234,0.0234,0.0234,0.0234,,,,,,,,,,,,,,,,,,,,,,,,,,,,,,,,,
Quirguistão,0.0,0.0,0.0,0.0,0.0,0.0,0.0,0.0,0.0,0.0,0.0,0.0,0.0,0.0,0.0,0.0,0.0153,0.0153,0.0153,0.0613,0.0613,0.0613,0.0613,0.0766,0.0766,,,,,,,,,,,,,,,,,,,,,,,,,,,,,,,,,,,,,,,,,,,,,,,,,,,,,,,,
Laos,0.0,0.0,0.0,0.0,0.0,0.0,0.0,0.0,0.0,0.0,0.0,0.0,0.0,0.0,0.0,0.0,0.0,0.0,0.0,,,,,,,,,,,,,,,,,,,,,,,,,,,,,,,,,,,,,,,,,,,,,,,,,,,,,,,,,,,,,,
Letónia,0.0,0.0,0.0,0.0,0.0,0.0,0.0,0.0,0.0,0.0,0.0,0.0,0.0,0.0,0.0,0.0,0.0,0.0,0.0,0.0,0.0,0.0,0.0,0.0,0.0,0.0,0.0,0.0,0.0,0.0,0.0,0.0,0.053,0.053,0.053,0.053,0.106,0.106,0.1591,0.1591,0.1591,,,,,,,,,,,,,,,,,,,,,,,,,,,,,,,,,,,,,,,,
Líbano,0.0,0.0,0.0,0.0,0.0,0.0,0.0,0.0,0.0,0.0,0.0,0.0,0.0,0.0,0.0,0.0,0.0,0.0,0.0147,0.044,0.044,0.044,0.044,0.044,0.044,0.044,0.044,0.0586,0.0586,0.0586,0.0586,0.0586,0.0586,0.0879,0.0879,0.1172,0.1172,0.1465,0.1612,0.1758,0.2051,0.2344,0.2491,0.2491,0.2637,0.2784,0.2784,0.2784,0.2784,0.293,0.293,,,,,,,,,,,,,,,,,,,,,,,,,,,,,,
Libéria,0.0,0.0,0.0,0.0,0.0,0.0,0.0,0.0,0.0,0.0,0.0,0.0,0.0,0.0,0.0,0.0,0.0,0.0,0.0,0.0198,0.0593,0.0593,0.0593,0.0791,0.0791,0.0989,0.0989,,,,,,,,,,,,,,,,,,,,,,,,,,,,,,,,,,,,,,,,,,,,,,,,,,,,,,
Líbia,0.0,0.0,0.0,0.0,0.0,0.0,0.0,0.0,0.0,0.0146,0.0146,0.0146,0.0146,0.0146,0.0146,0.0146,0.0146,0.0146,0.0146,,,,,,,,,,,,,,,,,,,,,,,,,,,,,,,,,,,,,,,,,,,,,,,,,,,,,,,,,,,,,,
Liechtenstein,0.0,0.0,0.0,0.0,0.0,0.0,0.0,0.0,0.0,0.0,0.0,0.0,0.0,0.0,0.0,0.0,0.0,0.0,0.0,0.0,0.0,0.0,0.0,0.0,0.0,0.0,0.0,0.0,0.0,0.0,0.0,2.6227,2.6227,2.6227,2.6227,2.6227,2.6227,2.6227,2.6227,,,,,,,,,,,,,,,,,,,,,,,,,,,,,,,,,,,,,,,,,,
Lituânia,0.0,0.0,0.0,0.0,0.0,0.0,0.0,0.0,0.0,0.0,0.0,0.0,0.0,0.0,0.0,0.0,0.0,0.0,0.0,0.0,0.0,0.0,0.0367,0.0367,0.0367,0.0735,0.1469,0.1469,0.1837,0.2571,0.2571,0.2571,0.2939,0.2939,0.3306,0.3306,0.4041,0.4775,0.551,0.551,0.551,0.5877,0.8081,0.8449,,,,,,,,,,,,,,,,,,,,,,,,,,,,,,,,,,,,,
Luxemburgo,0.0,0.0,0.0,0.0,0.0,0.0,0.0,0.0,0.0,0.0,0.0,0.0,0.0,0.0,0.1598,0.1598,0.1598,0.1598,0.3195,0.639,0.639,1.278,1.278,1.278,1.278,1.278,1.4378,2.3963,2.8755,3.3548,3.5145,3.6743,4.6328,4.7925,4.9523,4.9523,5.751,6.5498,7.029,7.3485,8.307,8.6265,9.9045,,,,,,,,,,,,,,,,,,,,,,,,,,,,,,,,,,,,,,
MS Zaandam,0.0,0.0,0.0,0.0,109.3494,109.3494,109.3494,109.3494,109.3494,109.3494,109.3494,109.3494,109.3494,109.3494,109.3494,,,,,,,,,,,,,,,,,,,,,,,,,,,,,,,,,,,,,,,,,,,,,,,,,,,,,,,,,,,,,,,,,,
Madagascar,0.0,0.0,0.0,0.0,0.0,0.0,0.0,0.0,0.0,0.0,0.0,0.0,0.0,0.0,0.0,0.0,0.0,0.0,0.0,0.0,0.0,0.0,0.0,,,,,,,,,,,,,,,,,,,,,,,,,,,,,,,,,,,,,,,,,,,,,,,,,,,,,,,,,,
Malawi,0.0,0.0,0.0,0.0,0.0,0.0052,0.0052,0.0052,0.0052,0.0105,,,,,,,,,,,,,,,,,,,,,,,,,,,,,,,,,,,,,,,,,,,,,,,,,,,,,,,,,,,,,,,,,,,,,,,
Malásia,0.0,0.0,0.0,0.0,0.0,0.0,0.0,0.0,0.0,0.0,0.0,0.0,0.0,0.0,0.0,0.0,0.0,0.0,0.0,0.0,0.0,0.0,0.0,0.0,0.0,0.0,0.0,0.0,0.0,0.0,0.0,0.0,0.0,0.0,0.0,0.0,0.0,0.0,0.0,0.0,0.0,0.0,0.0,0.0,0.0,0.0,0.0,0.0,0.0,0.0,0.0,0.0,0.0062,0.0062,0.0062,0.0093,0.0124,0.0309,0.0433,0.0494,0.0618,0.0711,0.0803,0.0834,0.1081,0.1143,0.1329,0.139,0.1545,0.1638,0.1761,0.1885,0.1916,0.1946,0.2008,0.207,0.2163,0.2255,,,
Maldivas,0.0,0.0,0.0,0.0,0.0,0.0,0.0,0.0,0.0,0.0,0.0,0.0,0.0,0.0,0.0,0.0,0.0,0.0,0.0,0.0,0.0,0.0,0.0,0.0,0.0,0.0,0.0,0.0,0.0,0.0,0.0,0.0,0.0,0.0,0.0,,,,,,,,,,,,,,,,,,,,,,,,,,,,,,,,,,,,,,,,,,,,,,
Mali,0.0,0.0,0.0,0.0,0.0049,0.0099,0.0099,0.0148,0.0148,0.0148,0.0148,0.0247,0.0247,0.0247,0.0346,0.0346,0.0346,0.0346,,,,,,,,,,,,,,,,,,,,,,,,,,,,,,,,,,,,,,,,,,,,,,,,,,,,,,,,,,,,,,,
Malta,0.0,0.0,0.0,0.0,0.0,0.0,0.0,0.0,0.0,0.0,0.0,0.0,0.0,0.0,0.0,0.0,0.0,0.0,0.0,0.0,0.0,0.0,0.0,0.0,0.0,0.0,0.0,0.0,0.0,0.0,0.0,0.0,0.2265,0.453,0.453,0.6794,,,,,,,,,,,,,,,,,,,,,,,,,,,,,,,,,,,,,,,,,,,,,
Mauritânia,0.0,0.0,0.0,0.0,0.0,0.0,0.0,0.0,0.0,0.0,0.0,0.0,0.0,0.0,0.0,0.0,0.0215,0.0215,0.0215,0.0215,0.0215,0.0215,0.0215,0.0215,0.0215,0.0215,0.0215,0.0215,0.0215,,,,,,,,,,,,,,,,,,,,,,,,,,,,,,,,,,,,,,,,,,,,,,,,,,,,
Ilhas Maurício,0.0,0.0,0.0,0.0786,0.1573,0.1573,0.1573,0.1573,0.1573,0.1573,0.1573,0.2359,0.2359,0.3932,0.4718,0.5504,0.5504,0.5504,0.5504,0.5504,0.5504,0.5504,0.5504,0.7077,0.7077,,,,,,,,,,,,,,,,,,,,,,,,,,,,,,,,,,,,,,,,,,,,,,,,,,,,,,,,
México,0.0,0.0,0.0,0.0,0.0,0.0,0.0,0.0,0.0,0.0,0.0,0.0,0.0,0.0,0.0,0.0,0.0,0.0,0.0,0.0,0.0008,0.0008,0.0016,0.0016,0.0023,0.0031,0.0039,0.0047,0.0062,0.0093,0.0124,0.0155,0.0217,0.0225,0.0287,0.0388,0.0465,0.0613,0.0729,0.0969,0.1094,0.135,0.1505,0.1807,,,,,,,,,,,,,,,,,,,,,,,,,,,,,,,,,,,,,
Moldávia,0.0,0.0,0.0,0.0,0.0,0.0,0.0,0.0,0.0,0.0,0.0248,0.0248,0.0248,0.0248,0.0248,0.0248,0.0248,0.0248,0.0248,0.0496,0.0496,0.0496,0.0496,0.0992,0.1239,0.1487,0.1983,0.2975,0.3718,0.471,0.5454,0.6693,0.7189,0.7189,0.7437,,,,,,,,,,,,,,,,,,,,,,,,,,,,,,,,,,,,,,,,,,,,,,
Mónaco,0.0,0.0,0.0,0.0,0.0,0.0,0.0,0.0,0.0,0.0,0.0,0.0,0.0,0.0,0.0,0.0,0.0,0.0,0.0,0.0,0.0,0.0,0.0,0.0,0.0,0.0,0.0,0.0,0.0,2.5483,2.5483,2.5483,2.5483,2.5483,2.5483,2.5483,2.5483,2.5483,2.5483,2.5483,2.5483,2.5483,2.5483,,,,,,,,,,,,,,,,,,,,,,,,,,,,,,,,,,,,,,
Mongólia,0.0,0.0,0.0,0.0,0.0,0.0,0.0,0.0,0.0,0.0,0.0,0.0,0.0,0.0,0.0,0.0,0.0,0.0,0.0,0.0,0.0,0.0,0.0,0.0,0.0,0.0,0.0,0.0,0.0,0.0,0.0,0.0,0.0,,,,,,,,,,,,,,,,,,,,,,,,,,,,,,,,,,,,,,,,,,,,,,,,
Montenegro,0.0,0.0,0.0,0.0,0.0,0.0,0.1592,0.1592,0.1592,0.1592,0.1592,0.1592,0.1592,0.1592,0.3184,0.3184,0.3184,0.3184,0.3184,0.3184,0.3184,0.3184,0.3184,0.3184,0.3184,0.3184,,,,,,,,,,,,,,,,,,,,,,,,,,,,,,,,,,,,,,,,,,,,,,,,,,,,,,,
Marrocos,0.0,0.0,0.0,0.0,0.0,0.0,0.0,0.0,0.0027,0.0027,0.0027,0.0027,0.0027,0.0027,0.0027,0.0054,0.0054,0.0054,0.0081,0.0081,0.0108,0.0108,0.0135,0.0163,0.0298,0.0623,0.0677,0.0704,0.0894,0.0975,0.1057,0.1192,0.13,0.1598,0.1896,0.2167,0.2438,0.252,0.2628,0.2899,0.3007,,,,,,,,,,,,,,,,,,,,,,,,,,,,,,,,,,,,,,,,
Moçambique,0.0,0.0,0.0,0.0,0.0,0.0,0.0,0.0,0.0,0.0,0.0,0.0,0.0,0.0,0.0,0.0,0.0,0.0,0.0,0.0,0.0,,,,,,,,,,,,,,,,,,,,,,,,,,,,,,,,,,,,,,,,,,,,,,,,,,,,,,,,,,,,
Namíbia,0.0,0.0,0.0,0.0,0.0,0.0,0.0,0.0,0.0,0.0,0.0,0.0,0.0,0.0,0.0,0.0,0.0,0.0,0.0,0.0,0.0,0.0,0.0,0.0,0.0,0.0,0.0,0.0,0.0,,,,,,,,,,,,,,,,,,,,,,,,,,,,,,,,,,,,,,,,,,,,,,,,,,,,
Nepal,0.0,0.0,0.0,0.0,0.0,0.0,0.0,0.0,0.0,0.0,0.0,0.0,0.0,0.0,0.0,0.0,0.0,0.0,0.0,0.0,0.0,0.0,0.0,0.0,0.0,0.0,0.0,0.0,0.0,0.0,0.0,0.0,0.0,0.0,0.0,0.0,0.0,0.0,0.0,0.0,0.0,0.0,0.0,0.0,0.0,0.0,0.0,0.0,0.0,0.0,0.0,0.0,0.0,0.0,0.0,0.0,0.0,0.0,0.0,0.0,0.0,0.0,0.0,0.0,0.0,0.0,0.0,0.0,0.0,0.0,0.0,0.0,0.0,0.0,0.0,0.0,0.0,0.0,,,
Países Baixos,0.0,0.0,0.0,0.0,0.0,0.0,0.0,0.0,0.0058,0.0058,0.0175,0.0175,0.0233,0.0292,0.0292,0.0584,0.07,0.1167,0.1401,0.251,0.3385,0.4494,0.6245,0.7995,1.0505,1.2489,1.6166,2.0835,2.5387,3.1923,3.7351,4.5054,5.0482,6.0695,6.8574,7.8261,8.6957,9.6645,10.3356,10.9368,12.3024,13.1603,14.024,14.7069,15.483,,,,,,,,,,,,,,,,,,,,,,,,,,,,,,,,,,,,
Nova Zelândia,0.0,0.0,0.0,0.0,0.0,0.0,0.0,0.0,0.0,0.0,0.0,0.0,0.0,0.0,0.0,0.0,0.0,0.0,0.0,0.0,0.0,0.0,0.0,0.0,0.0,0.0,0.0,0.0,0.0,0.0,0.0207,0.0207,0.0207,0.0207,0.0207,0.0207,0.0207,0.0207,0.0207,0.0207,0.0207,0.0207,0.0415,0.0829,,,,,,,,,,,,,,,,,,,,,,,,,,,,,,,,,,,,,
Nicarágua,0.0,0.0,0.0,0.0,0.0,0.0,0.0,0.0,0.0151,0.0151,0.0151,0.0151,0.0151,0.0151,0.0151,0.0151,0.0151,0.0151,0.0151,0.0151,0.0151,0.0151,0.0151,0.0151,,,,,,,,,,,,,,,,,,,,,,,,,,,,,,,,,,,,,,,,,,,,,,,,,,,,,,,,,
Níger,0.0,0.0,0.0,0.0,0.0,0.0041,0.0041,0.0041,0.0041,0.0041,0.0124,0.0124,0.0207,0.0207,0.0207,0.033,0.0413,0.0413,0.0454,0.0454,0.0454,0.0454,0.0454,,,,,,,,,,,,,,,,,,,,,,,,,,,,,,,,,,,,,,,,,,,,,,,,,,,,,,,,,,
Nigéria,0.0,0.0,0.0,0.0,0.0,0.0,0.0,0.0,0.0,0.0,0.0,0.0,0.0,0.0,0.0,0.0,0.0,0.0,0.0,0.0,0.0,0.0,0.0,0.0,0.0005,0.0005,0.0005,0.0005,0.0005,0.0005,0.0005,0.001,0.001,0.001,0.001,0.0019,0.0019,0.0024,0.0024,0.0029,0.0029,0.0034,0.0034,0.0049,,,,,,,,,,,,,,,,,,,,,,,,,,,,,,,,,,,,,
Macedônia do Norte,0.0,0.0,0.0,0.0,0.0,0.0,0.0,0.0,0.0,0.0,0.0,0.0,0.0,0.0,0.0,0.0,0.0,0.0,0.0,0.0,0.0,0.0,0.0,0.0,0.0,0.048,0.096,0.096,0.144,0.144,0.144,0.192,0.288,0.336,0.432,0.528,0.528,0.576,0.816,0.864,1.104,1.248,1.392,1.44,1.536,1.632,,,,,,,,,,,,,,,,,,,,,,,,,,,,,,,,,,,
Noruega,0.0,0.0,0.0,0.0,0.0,0.0,0.0,0.0,0.0,0.0,0.0,0.0,0.0,0.0,0.0,0.0,0.0,0.0553,0.0553,0.0553,0.0553,0.1107,0.1291,0.1291,0.1291,0.1291,0.1845,0.2214,0.2582,0.2582,0.3505,0.4243,0.4611,0.5903,0.7194,0.8116,0.9223,1.0883,1.1436,1.3097,1.4019,1.6417,1.863,1.9922,2.0844,2.1951,,,,,,,,,,,,,,,,,,,,,,,,,,,,,,,,,,,
Omã,0.0,0.0,0.0,0.0,0.0,0.0,0.0,0.0,0.0,0.0,0.0,0.0,0.0,0.0,0.0,0.0,0.0,0.0,0.0,0.0,0.0,0.0,0.0,0.0,0.0,0.0,0.0,0.0,0.0,0.0,0.0,0.0,0.0,0.0,0.0,0.0,0.0196,0.0196,0.0196,0.0196,0.0392,0.0392,0.0392,0.0392,0.0392,0.0587,0.0587,0.0587,,,,,,,,,,,,,,,,,,,,,,,,,,,,,,,,,
Paquistão,0.0,0.0,0.0,0.0,0.0,0.0,0.0,0.0,0.0,0.0,0.0,0.0,0.0,0.0,0.0,0.0,0.0,0.0,0.0,0.0,0.0,0.0,0.0009,0.0014,0.0014,0.0023,0.0027,0.0032,0.0036,0.0041,0.005,0.0054,0.0063,0.0095,0.0118,0.0122,0.0154,0.0181,0.0186,0.0213,0.024,0.0258,0.0276,0.0294,0.0299,0.0389,,,,,,,,,,,,,,,,,,,,,,,,,,,,,,,,,,,
Panamá,0.0,0.0232,0.0232,0.0232,0.0232,0.0232,0.0232,0.0232,0.0232,0.0232,0.0232,0.0232,0.0695,0.1391,0.1391,0.1854,0.1854,0.2086,0.3245,0.394,0.5562,0.6953,0.6953,0.7416,0.8575,0.9502,1.0661,1.2515,1.2747,1.3674,1.4601,1.5296,1.715,,,,,,,,,,,,,,,,,,,,,,,,,,,,,,,,,,,,,,,,,,,,,,,,
Papua-Nova Guiné,0.0,0.0,0.0,0.0,0.0,0.0,0.0,0.0,0.0,0.0,0.0,0.0,0.0,0.0,0.0,0.0,0.0,0.0,0.0,0.0,0.0,0.0,0.0,,,,,,,,,,,,,,,,,,,,,,,,,,,,,,,,,,,,,,,,,,,,,,,,,,,,,,,,,,
Paraguai,0.0,0.0,0.0,0.0,0.0,0.0,0.0,0.0,0.0,0.0,0.0,0.0,0.0,0.014,0.014,0.014,0.028,0.0421,0.0421,0.0421,0.0421,0.0421,0.0421,0.0421,0.0421,0.0421,0.0421,0.0421,0.0421,0.0701,0.0701,0.0701,0.0701,0.0841,0.0841,,,,,,,,,,,,,,,,,,,,,,,,,,,,,,,,,,,,,,,,,,,,,,
Peru,0.0,0.0,0.0,0.0,0.0,0.0,0.0,0.0,0.0,0.0,0.0,0.0,0.0,0.0,0.0091,0.0152,0.0152,0.0152,0.0212,0.0273,0.0273,0.0334,0.0485,0.0546,0.0728,0.091,0.1152,0.1668,0.185,0.2214,0.2517,0.279,0.3245,0.367,0.4185,0.5126,0.549,,,,,,,,,,,,,,,,,,,,,,,,,,,,,,,,,,,,,,,,,,,,
Filipinas,0.0,0.0,0.0,0.0009,0.0009,0.0009,0.0009,0.0009,0.0009,0.0009,0.0009,0.0009,0.0009,0.0009,0.0009,0.0009,0.0009,0.0009,0.0009,0.0009,0.0009,0.0009,0.0009,0.0009,0.0009,0.0009,0.0009,0.0009,0.0009,0.0009,0.0009,0.0009,0.0009,0.0009,0.0009,0.0009,0.0009,0.0009,0.0009,0.0009,0.0009,0.0009,0.0018,0.0046,0.0073,0.01,0.011,0.011,0.0173,0.0155,0.0164,0.0173,0.0228,0.0301,0.0319,0.0347,0.0411,0.0493,0.0621,0.0648,0.0712,0.0803,0.0876,0.0976,0.1241,0.1314,0.1387,0.1487,0.1615,0.1661,0.1853,0.2017,0.2254,,,,,,,,
Polónia,0.0,0.0,0.0,0.0,0.0,0.0,0.0,0.0,0.0026,0.0053,0.0079,0.0079,0.0106,0.0132,0.0132,0.0132,0.0132,0.0132,0.0185,0.0211,0.0264,0.037,0.0423,0.0423,0.0476,0.0581,0.0819,0.0872,0.1136,0.1506,0.1876,0.2087,0.2484,0.2827,0.3408,0.4201,0.4598,0.4782,0.5496,,,,,,,,,,,,,,,,,,,,,,,,,,,,,,,,,,,,,,,,,,
Portugal,0.0,0.0,0.0,0.0,0.0,0.0,0.0,0.0,0.0,0.0,0.0,0.0,0.0,0.0,0.0,0.0098,0.0196,0.0294,0.0588,0.1177,0.1373,0.2256,0.3236,0.4217,0.5884,0.7453,0.9807,1.167,1.373,1.5691,1.8339,2.0497,2.4125,2.6087,2.8931,3.05,3.3834,3.7267,4.0111,4.2661,4.6093,,,,,,,,,,,,,,,,,,,,,,,,,,,,,,,,,,,,,,,,
Catar,0.0,0.0,0.0,0.0,0.0,0.0,0.0,0.0,0.0,0.0,0.0,0.0,0.0,0.0,0.0,0.0,0.0,0.0,0.0,0.0,0.0,0.0,0.0,0.0,0.0,0.0,0.0,0.0,0.0347,0.0347,0.0347,0.0694,0.0694,0.1041,0.1041,0.1041,0.1388,0.1388,0.2083,0.2083,0.2083,0.2083,0.2083,,,,,,,,,,,,,,,,,,,,,,,,,,,,,,,,,,,,,,
Roménia,0.0,0.0,0.0,0.0,0.0,0.0,0.0,0.0,0.0,0.0,0.0,0.0,0.0,0.0,0.0,0.0,0.0,0.0,0.0,0.0,0.0,0.0,0.0,0.0,0.0,0.0156,0.0364,0.0572,0.0884,0.1196,0.1352,0.1923,0.2235,0.3379,0.4262,0.4782,0.5978,0.6914,0.7589,0.7849,0.9149,1.024,1.1436,1.2891,1.4035,1.5127,,,,,,,,,,,,,,,,,,,,,,,,,,,,,,,,,,,
Rússia,0.0,0.0,0.0,0.0,0.0,0.0,0.0,0.0,0.0,0.0,0.0,0.0,0.0,0.0,0.0,0.0,0.0,0.0,0.0,0.0,0.0,0.0,0.0,0.0,0.0,0.0,0.0,0.0,0.0,0.0,0.0,0.0,0.0,0.0,0.0,0.0,0.0,0.0,0.0,0.0,0.0,0.0,0.0,0.0,0.0,0.0,0.0,0.0,0.0007,0.0007,0.0007,0.0007,0.0007,0.0007,0.0021,0.0021,0.0027,0.0027,0.0055,0.0062,0.0116,0.0164,0.0206,0.0233,0.0295,0.0308,0.0322,0.0397,0.0432,0.0521,0.0644,0.0726,,,,,,,,,
Ruanda,0.0,0.0,0.0,0.0,0.0,0.0,0.0,0.0,0.0,0.0,0.0,0.0,0.0,0.0,0.0,0.0,0.0,0.0,0.0,0.0,0.0,0.0,0.0,0.0,0.0,0.0,0.0,0.0,0.0,,,,,,,,,,,,,,,,,,,,,,,,,,,,,,,,,,,,,,,,,,,,,,,,,,,,
São Cristóvão e Névis,0.0,0.0,0.0,0.0,0.0,0.0,0.0,0.0,0.0,0.0,0.0,0.0,0.0,0.0,0.0,0.0,0.0,0.0,,,,,,,,,,,,,,,,,,,,,,,,,,,,,,,,,,,,,,,,,,,,,,,,,,,,,,,,,,,,,,,
Santa Lúcia,0.0,0.0,0.0,0.0,0.0,0.0,0.0,0.0,0.0,0.0,0.0,0.0,0.0,0.0,0.0,0.0,0.0,0.0,0.0,0.0,0.0,0.0,0.0,0.0,0.0,0.0,0.0,0.0,0.0,,,,,,,,,,,,,,,,,,,,,,,,,,,,,,,,,,,,,,,,,,,,,,,,,,,,
São Vicente e Granadinas,0.0,0.0,0.0,0.0,0.0,0.0,0.0,0.0,0.0,0.0,0.0,0.0,0.0,0.0,0.0,0.0,0.0,0.0,0.0,0.0,0.0,0.0,0.0,0.0,0.0,0.0,0.0,0.0,0.0,,,,,,,,,,,,,,,,,,,,,,,,,,,,,,,,,,,,,,,,,,,,,,,,,,,,
San Marino,0.0,0.0,0.0,0.0,0.0,2.9472,2.9472,2.9472,2.9472,2.9472,2.9472,2.9472,5.8943,5.8943,8.8415,14.7358,14.7358,14.7358,20.6301,20.6301,32.4187,32.4187,41.2602,58.9431,58.9431,58.9431,61.8903,61.8903,61.8903,61.8903,64.8375,64.8375,73.6789,76.6261,76.6261,88.4147,88.4147,94.309,94.309,94.309,100.2034,100.2034,100.2034,100.2034,103.1505,,,,,,,,,,,,,,,,,,,,,,,,,,,,,,,,,,,,
São Tomé e Príncipe,0.0,0.0,0.0,0.0,0.0,0.0,,,,,,,,,,,,,,,,,,,,,,,,,,,,,,,,,,,,,,,,,,,,,,,,,,,,,,,,,,,,,,,,,,,,,,,,,,,
Arábia Saudita,0.0,0.0,0.0,0.0,0.0,0.0,0.0,0.0,0.0,0.0,0.0,0.0,0.0,0.0,0.0,0.0,0.0,0.0,0.0,0.0,0.0,0.0,0.0029,0.0057,0.0086,0.0086,0.0115,0.023,0.023,0.0287,0.046,0.0603,0.0718,0.0833,0.0977,0.1092,0.1178,0.1178,0.1264,0.135,0.1494,,,,,,,,,,,,,,,,,,,,,,,,,,,,,,,,,,,,,,,,
Senegal,0.0,0.0,0.0,0.0,0.0,0.0,0.0,0.0,0.0,0.0,0.0,0.0,0.0,0.0,0.0,0.0,0.0,0.0,0.0,0.0,0.0,0.0,0.0,0.0,0.0,0.0,0.0,0.0,0.0,0.0,0.006,0.006,0.006,0.0119,0.0119,0.0119,0.0119,0.0119,0.0119,0.0119,0.0119,,,,,,,,,,,,,,,,,,,,,,,,,,,,,,,,,,,,,,,,
Sérvia,0.0,0.0,0.0,0.0,0.0,0.0,0.0,0.0,0.0,0.0,0.0,0.0,0.0,0.0,0.0114,0.0114,0.0229,0.0343,0.0343,0.0458,0.0114,0.0114,0.1145,0.1488,0.1831,0.1831,0.3205,0.3548,0.4464,0.5036,0.5837,0.6638,0.6982,0.7439,0.7554,0.8126,0.8469,,,,,,,,,,,,,,,,,,,,,,,,,,,,,,,,,,,,,,,,,,,,
Seychelles,0.0,0.0,0.0,0.0,0.0,0.0,0.0,0.0,0.0,0.0,0.0,0.0,0.0,0.0,0.0,0.0,0.0,0.0,0.0,0.0,0.0,0.0,0.0,0.0,0.0,0.0,0.0,0.0,0.0,,,,,,,,,,,,,,,,,,,,,,,,,,,,,,,,,,,,,,,,,,,,,,,,,,,,
Serra Leoa,0.0,0.0,0.0,0.0,0.0,0.0,0.0,0.0,0.0,0.0,0.0,0.0,,,,,,,,,,,,,,,,,,,,,,,,,,,,,,,,,,,,,,,,,,,,,,,,,,,,,,,,,,,,,,,,,,,,,
Singapura,0.0,0.0,0.0,0.0,0.0,0.0,0.0,0.0,0.0,0.0,0.0,0.0,0.0,0.0,0.0,0.0,0.0,0.0,0.0,0.0,0.0,0.0,0.0,0.0,0.0,0.0,0.0,0.0,0.0,0.0,0.0,0.0,0.0,0.0,0.0,0.0,0.0,0.0,0.0,0.0,0.0,0.0,0.0,0.0,0.0,0.0,0.0,0.0,0.0,0.0,0.0,0.0,0.0,0.0,0.0,0.0,0.0,0.0,0.0342,0.0342,0.0342,0.0342,0.0342,0.0342,0.0342,0.0342,0.0513,0.0513,0.0513,0.0513,0.0684,0.0855,0.1026,0.1026,0.1026,0.1026,0.1026,0.1026,0.1197,0.1367,
Eslováquia,0.0,0.0,0.0,0.0,0.0,0.0,0.0,0.0,0.0,0.0,0.0,0.0,0.0183,0.0183,0.0183,0.0183,0.0,0.0,0.0,0.0,0.0,0.0,0.0,0.0,0.0,0.0,0.0183,0.0183,0.0183,0.0183,0.0183,0.0366,0.0366,0.0366,0.0366,0.0366,0.0366,,,,,,,,,,,,,,,,,,,,,,,,,,,,,,,,,,,,,,,,,,,,
Eslovénia,0.0,0.0,0.0,0.0,0.0,0.0,0.0,0.0,0.0,0.0481,0.0481,0.0481,0.0481,0.0481,0.0481,0.0481,0.0481,0.0962,0.1443,0.1924,0.2405,0.2886,0.4329,0.4329,0.5291,0.5291,0.7215,0.7215,0.8177,0.962,1.0582,1.3468,1.443,1.7317,1.9241,2.0684,2.1646,2.4051,,,,,,,,,,,,,,,,,,,,,,,,,,,,,,,,,,,,,,,,,,,
Somália,0.0,0.0,0.0,0.0,0.0,0.0,0.0,0.0,0.0,0.0,0.0,0.0,0.0,0.0,0.0,0.0,0.0,0.0,0.0,0.0,0.0,0.0,0.0,0.0063,0.0063,0.0063,0.0063,,,,,,,,,,,,,,,,,,,,,,,,,,,,,,,,,,,,,,,,,,,,,,,,,,,,,,
África do Sul,0.0,0.0,0.0,0.0,0.0,0.0,0.0,0.0,0.0,0.0,0.0,0.0,0.0,0.0,0.0,0.0,0.0,0.0,0.0,0.0,0.0,0.0,0.0017,0.0017,0.0034,0.0051,0.0084,0.0084,0.0084,0.0152,0.0152,0.0185,0.0202,0.0219,0.0303,0.0303,0.0405,0.0422,,,,,,,,,,,,,,,,,,,,,,,,,,,,,,,,,,,,,,,,,,,
Sudão do Sul,0.0,0.0,0.0,0.0,0.0,0.0,0.0,,,,,,,,,,,,,,,,,,,,,,,,,,,,,,,,,,,,,,,,,,,,,,,,,,,,,,,,,,,,,,,,,,,,,,,,,,
Espanha,0.0,0.0,0.0,0.0,0.0,0.0,0.0,0.0,0.0,0.0,0.0,0.0,0.0,0.0,0.0,0.0,0.0,0.0,0.0,0.0,0.0,0.0,0.0,0.0,0.0,0.0,0.0,0.0,0.0,0.0,0.0,0.0021,0.0043,0.0064,0.0107,0.0214,0.0364,0.0599,0.0749,0.1155,0.1176,0.2845,0.4171,0.6181,0.7315,1.14,1.3325,1.7752,2.2308,2.9409,3.79,4.9428,6.0058,7.8003,9.3359,10.9893,12.7944,14.5504,16.5031,18.103,20.0771,22.1325,23.9505,25.5525,27.0368,28.534,30.0397,31.6374,33.0383,34.3943,35.5172,,,,,,,,,,
Sri Lanka,0.0,0.0,0.0,0.0,0.0,0.0,0.0,0.0,0.0,0.0,0.0,0.0,0.0,0.0,0.0,0.0,0.0,0.0,0.0,0.0,0.0,0.0,0.0,0.0,0.0,0.0,0.0,0.0,0.0,0.0,0.0,0.0,0.0,0.0,0.0,0.0,0.0,0.0,0.0,0.0,0.0,0.0,0.0,0.0,0.0,0.0,0.0,0.0,0.0,0.0,0.0,0.0,0.0,0.0,0.0,0.0,0.0,0.0,0.0,0.0,0.0,0.0047,0.0047,0.0093,0.0093,0.014,0.0187,0.0187,0.0234,0.0234,0.0234,0.028,0.0327,0.0327,0.0327,0.0327,,,,,
Sudão,0.0023,0.0023,0.0023,0.0023,0.0023,0.0023,0.0023,0.0023,0.0023,0.0023,0.0023,0.0023,0.0023,0.0023,0.0023,0.0023,0.0023,0.0046,0.0046,0.0046,0.0046,0.0046,0.0046,0.0046,0.0046,0.0046,0.0046,0.0046,0.0046,0.0046,,,,,,,,,,,,,,,,,,,,,,,,,,,,,,,,,,,,,,,,,,,,,,,,,,,
Suriname,0.0,0.0,0.0,0.0,0.0,0.0,0.0,0.0,0.0,0.0,0.0,0.0,0.0,0.0,0.0,0.0,0.0,0.0,0.0,0.0,0.1705,0.1705,0.1705,0.1705,0.1705,0.1705,0.1705,0.1705,0.1705,,,,,,,,,,,,,,,,,,,,,,,,,,,,,,,,,,,,,,,,,,,,,,,,,,,,
Suécia,0.0,0.0,0.0,0.0,0.0,0.0,0.0,0.0,0.0,0.0,0.0,0.0,0.0,0.0,0.0,0.0,0.0,0.0,0.0,0.0,0.0,0.0,0.0,0.0,0.0,0.0,0.0,0.0,0.0,0.0,0.0,0.0,0.0,0.0,0.0,0.0,0.0,0.0,0.0,0.0,0.0099,0.0099,0.0099,0.0198,0.0297,0.0594,0.0693,0.099,0.1089,0.1584,0.198,0.2079,0.2475,0.3565,0.6139,0.7624,1.0397,1.0397,1.0892,1.4456,1.7823,2.3665,3.0497,3.5448,3.6933,3.9706,4.7231,5.8519,6.8025,7.8521,8.6145,8.7828,,,,,,,,,
Suíça,0.0,0.0,0.0,0.0,0.0,0.0,0.0,0.0,0.0,0.0116,0.0116,0.0116,0.0231,0.0231,0.0347,0.0462,0.0462,0.1271,0.1502,0.1618,0.1618,0.312,0.3235,0.4737,0.6239,0.8666,1.1323,1.3865,1.4097,1.7678,2.2069,2.6691,3.0504,3.4664,4.1481,5.0031,5.6386,6.1932,6.8287,7.6953,8.2615,8.8392,9.4863,10.3413,10.9537,11.5776,11.9705,,,,,,,,,,,,,,,,,,,,,,,,,,,,,,,,,,
Síria,0.0,0.0,0.0,0.0,0.0,0.0,0.0,0.0057,0.0114,0.0114,0.0114,0.0114,0.0114,0.0114,0.0114,0.0114,0.0114,0.0114,0.0114,0.0114,0.0114,,,,,,,,,,,,,,,,,,,,,,,,,,,,,,,,,,,,,,,,,,,,,,,,,,,,,,,,,,,,
Taiwan,0.0,0.0,0.0,0.0,0.0,0.0,0.0,0.0,0.0,0.0,0.0,0.0,0.0,0.0,0.0,0.0,0.0,0.0,0.0,0.0,0.0,0.0,0.0,0.0,0.0,0.0042,0.0042,0.0042,0.0042,0.0042,0.0042,0.0042,0.0042,0.0042,0.0042,0.0042,0.0042,0.0042,0.0042,0.0042,0.0042,0.0042,0.0042,0.0042,0.0042,0.0042,0.0042,0.0042,0.0042,0.0042,0.0042,0.0042,0.0042,0.0042,0.0042,0.0042,0.0042,0.0042,0.0084,0.0084,0.0084,0.0084,0.0084,0.0084,0.0084,0.0084,0.0084,0.0084,0.021,0.021,0.021,0.021,0.021,0.021,0.021,0.021,0.021,0.021,0.021,0.0252,0.0252
Tanzânia,0.0,0.0,0.0,0.0,0.0,0.0,0.0,0.0,0.0,0.0,0.0,0.0,0.0,0.0,0.0,0.0017,0.0017,0.0017,0.0017,0.0017,0.0017,0.0017,0.0017,0.0017,0.0017,0.005,0.005,,,,,,,,,,,,,,,,,,,,,,,,,,,,,,,,,,,,,,,,,,,,,,,,,,,,,,
Tailândia,0.0,0.0,0.0,0.0,0.0,0.0,0.0,0.0,0.0,0.0,0.0,0.0,0.0,0.0,0.0,0.0,0.0,0.0,0.0,0.0,0.0,0.0,0.0,0.0,0.0,0.0,0.0,0.0,0.0,0.0,0.0,0.0,0.0,0.0,0.0,0.0,0.0,0.0,0.0,0.0014,0.0014,0.0014,0.0014,0.0014,0.0014,0.0014,0.0014,0.0014,0.0014,0.0014,0.0014,0.0014,0.0014,0.0014,0.0014,0.0014,0.0014,0.0014,0.0014,0.0014,0.0014,0.0014,0.0057,0.0057,0.0057,0.0072,0.0086,0.01,0.0129,0.0143,0.0172,0.0215,0.0272,0.0287,0.033,0.0372,0.0387,0.043,0.0458,0.0473,0.0501
Timor-Leste,0.0,0.0,0.0,0.0,0.0,0.0,0.0,0.0,0.0,0.0,0.0,0.0,0.0,0.0,0.0,0.0,0.0,0.0,0.0,0.0,0.0,,,,,,,,,,,,,,,,,,,,,,,,,,,,,,,,,,,,,,,,,,,,,,,,,,,,,,,,,,,,
Togo,0.0,0.0,0.0,0.0,0.0,0.0,0.0,0.0,0.0,0.0,0.0,0.0,0.0,0.0,0.0,0.0,0.0,0.0,0.0,0.0,0.0,0.0121,0.0121,0.0121,0.0121,0.0121,0.0242,0.0242,0.0362,0.0362,0.0362,0.0362,0.0362,0.0362,0.0362,0.0362,0.0362,,,,,,,,,,,,,,,,,,,,,,,,,,,,,,,,,,,,,,,,,,,,
Trinidad e Tobago,0.0,0.0,0.0,0.0,0.0,0.0,0.0,0.0,0.0,0.0,0.0,0.0715,0.0715,0.1429,0.2144,0.2144,0.2144,0.2144,0.3573,0.3573,0.4287,0.4287,0.5002,0.5716,0.5716,0.5716,0.5716,0.5716,0.5716,,,,,,,,,,,,,,,,,,,,,,,,,,,,,,,,,,,,,,,,,,,,,,,,,,,,
Tunísia,0.0,0.0,0.0,0.0,0.0,0.0,0.0,0.0,0.0,0.0,0.0,0.0,0.0,0.0,0.0,0.0085,0.0085,0.0085,0.0254,0.0254,0.0338,0.0423,0.0508,0.0508,0.0677,0.0677,0.0677,0.0846,0.1015,0.1185,0.1523,0.1523,0.1861,0.1861,0.1946,0.2031,0.2115,0.2115,0.2369,,,,,,,,,,,,,,,,,,,,,,,,,,,,,,,,,,,,,,,,,,
Turquia,0.0,0.0,0.0,0.0,0.0,0.0,0.0012,0.0012,0.0036,0.0047,0.0107,0.0356,0.0439,0.0522,0.07,0.0889,0.1091,0.1281,0.1553,0.1992,0.2537,0.3284,0.4221,0.5039,0.594,0.6806,0.7695,0.8596,0.9628,1.0766,1.1928,1.3054,,,,,,,,,,,,,,,,,,,,,,,,,,,,,,,,,,,,,,,,,,,,,,,,,
Estados Unidos,0.0,0.0,0.0,0.0,0.0,0.0,0.0,0.0,0.0,0.0,0.0,0.0,0.0,0.0,0.0,0.0,0.0,0.0,0.0,0.0,0.0,0.0,0.0,0.0,0.0,0.0,0.0,0.0,0.0,0.0,0.0,0.0,0.0,0.0,0.0,0.0,0.0,0.0,0.0003,0.0003,0.0018,0.0021,0.0033,0.0036,0.0042,0.0051,0.0063,0.0066,0.0085,0.0109,0.0121,0.0142,0.0163,0.019,0.0257,0.0326,0.0356,0.0604,0.0737,0.0927,0.126,0.1683,0.2133,0.2846,0.3653,0.4776,0.6121,0.7453,0.8997,1.1701,1.4371,1.7903,2.1411,2.5399,2.906,3.2577,3.8435,4.4395,4.9782,5.6151,6.1821
Uganda,0.0,0.0,0.0,0.0,0.0,0.0,0.0,0.0,0.0,0.0,0.0,0.0,0.0,0.0,0.0,0.0,0.0,0.0,0.0,0.0,0.0,0.0,,,,,,,,,,,,,,,,,,,,,,,,,,,,,,,,,,,,,,,,,,,,,,,,,,,,,,,,,,,
Ucrânia,0.0,0.0,0.0,0.0,0.0,0.0,0.0,0.0,0.0,0.0,0.0023,0.0023,0.0023,0.0023,0.0046,0.0046,0.0046,0.0069,0.0069,0.0069,0.0069,0.0069,0.0114,0.0114,0.0114,0.0206,0.0229,0.0297,0.0389,0.0457,0.0503,0.0617,0.0732,0.0846,0.0869,0.1029,0.1189,0.1303,0.1578,0.1669,,,,,,,,,,,,,,,,,,,,,,,,,,,,,,,,,,,,,,,,,
Emirados Árabes Unidos,0.0,0.0,0.0,0.0,0.0,0.0,0.0,0.0,0.0,0.0,0.0,0.0,0.0,0.0,0.0,0.0,0.0,0.0,0.0,0.0,0.0,0.0,0.0,0.0,0.0,0.0,0.0,0.0,0.0,0.0,0.0,0.0,0.0,0.0,0.0,0.0,0.0,0.0,0.0,0.0,0.0,0.0,0.0,0.0,0.0,0.0,0.0,0.0,0.0,0.0,0.0,0.0202,0.0202,0.0202,0.0202,0.0202,0.0202,0.0202,0.0202,0.0202,0.0303,0.0506,0.0607,0.0809,0.0809,0.091,0.1011,0.1011,0.1112,0.1213,0.1213,0.1416,0.1618,0.2022,,,,,,,
Reino Unido,0.0,0.0,0.0,0.0,0.0,0.0,0.0,0.0,0.0,0.0,0.0,0.0,0.0,0.0,0.0,0.0,0.0,0.0,0.0,0.0,0.0,0.0,0.0,0.0,0.0,0.0,0.0,0.0,0.0,0.0,0.0,0.0,0.0,0.0,0.0015,0.0029,0.0029,0.0044,0.0059,0.0088,0.0118,0.0118,0.0118,0.0309,0.0309,0.0825,0.0825,0.1061,0.2033,0.2622,0.3447,0.4154,0.4949,0.6231,0.6864,0.8544,1.121,1.504,1.8133,2.0785,2.6412,3.472,4.3102,5.3192,6.3636,7.2813,7.9324,9.0902,10.4749,11.7741,13.2192,14.5715,,,,,,,,,
Uruguai,0.0,0.0,0.0,0.0,0.0,0.0,0.0,0.0,0.0,0.0,0.0,0.0,0.0,0.0,0.0,0.0288,0.0288,0.0288,0.0576,0.1151,0.1151,0.1439,0.1439,0.1727,0.2015,0.2015,0.2015,0.2015,0.2015,,,,,,,,,,,,,,,,,,,,,,,,,,,,,,,,,,,,,,,,,,,,,,,,,,,,
Uzbequistão,0.0,0.0,0.0,0.0,0.0,0.0,0.0,0.0,0.0,0.0,0.0,0.0,0.003,0.006,0.006,0.006,0.006,0.006,0.006,0.006,0.006,0.006,0.006,0.006,0.009,0.009,0.009,0.012,,,,,,,,,,,,,,,,,,,,,,,,,,,,,,,,,,,,,,,,,,,,,,,,,,,,,
Venezuela,0.0,0.0,0.0,0.0,0.0,0.0,0.0,0.0,0.0,0.0,0.0,0.0,0.0,0.0035,0.007,0.007,0.0106,0.0106,0.0106,0.0176,0.0246,0.0246,0.0246,0.0246,0.0246,0.0317,0.0317,0.0317,0.0317,,,,,,,,,,,,,,,,,,,,,,,,,,,,,,,,,,,,,,,,,,,,,,,,,,,,
Vietnã,0.0,0.0,0.0,0.0,0.0,0.0,0.0,0.0,0.0,0.0,0.0,0.0,0.0,0.0,0.0,0.0,0.0,0.0,0.0,0.0,0.0,0.0,0.0,0.0,0.0,0.0,0.0,0.0,0.0,0.0,0.0,0.0,0.0,0.0,0.0,0.0,0.0,0.0,0.0,0.0,0.0,0.0,0.0,0.0,0.0,0.0,0.0,0.0,0.0,0.0,0.0,0.0,0.0,0.0,0.0,0.0,0.0,0.0,0.0,0.0,0.0,0.0,0.0,0.0,0.0,0.0,0.0,0.0,0.0,0.0,0.0,0.0,0.0,0.0,0.0,0.0,0.0,0.0,0.0,0.0,
Cisjordânia e Faixa de Gaza,0.0,0.0,0.0,0.0,0.0,0.0,0.0,0.0,0.0,0.0,0.0,0.0,0.0,0.0,0.0,0.0,0.0,0.0,0.0,0.0,0.0,0.0223,0.0223,0.0223,0.0223,0.0223,0.0223,0.0223,0.0223,0.0223,0.0223,0.0223,0.0223,0.0223,0.0223,0.0223,0.0445,0.0445,,,,,,,,,,,,,,,,,,,,,,,,,,,,,,,,,,,,,,,,,,,
Saara Ocidental,0.0,0.0,0.0,0.0,0.0,0.0,0.0,,,,,,,,,,,,,,,,,,,,,,,,,,,,,,,,,,,,,,,,,,,,,,,,,,,,,,,,,,,,,,,,,,,,,,,,,,
Iémen,0.0,0.0,,,,,,,,,,,,,,,,,,,,,,,,,,,,,,,,,,,,,,,,,,,,,,,,,,,,,,,,,,,,,,,,,,,,,,,,,,,,,,,
Zâmbia,0.0,0.0,0.0,0.0,0.0,0.0,0.0,0.0,0.0,0.0,0.0,0.0,0.0,0.0,0.0,0.0054,0.0054,0.0054,0.0054,0.0054,0.0054,0.0054,0.0054,0.0109,0.0109,,,,,,,,,,,,,,,,,,,,,,,,,,,,,,,,,,,,,,,,,,,,,,,,,,,,,,,,
Zimbábue,0.0,0.0,0.0,0.0067,0.0067,0.0067,0.0067,0.0067,0.0067,0.0067,0.0067,0.0067,0.0067,0.0067,0.0067,0.0067,0.0067,0.0067,0.0135,0.0202,0.0202,0.0202,0.0202,,,,,,,,,,,,,,,,,,,,,,,,,,,,,,,,,,,,,,,,,,,,,,,,,,,,,,,,,,
