País Português,1,2,3,4,5,6,7,8,9,10,11,12,13,14,15,16,17,18,19,20,21,22,23,24,25,26,27,28,29,30,31,32,33,34,35,36,37,38,39,40,41,42,43,44,45,46,47,48,49,50,51,52
Afeganistão,0.0,0.0,0.0,1.0,4.0,12.0,19.0,33.0,52.0,85.0,120.0,170.0,219.0,258.0,361.0,475.0,585.0,728.0,866.0,1012.0,1183.0,1261.0,1286.0,1321.0,1376.0,1388.0,1403.0,1413.0,1421.0,1443.0,1455.0,1464.0,1479.0,1494.0,1516.0,1538.0,1565.0,1620.0,1690.0,1774.0,1874.0,1965.0,2067.0,2160.0,2191.0,2277.0,2314.0,,,,,
Albânia,1.0,2.0,10.0,20.0,23.0,26.0,28.0,31.0,31.0,31.0,32.0,33.0,34.0,36.0,44.0,55.0,76.0,93.0,112.0,138.0,166.0,199.0,228.0,250.0,280.0,316.0,334.0,362.0,377.0,396.0,420.0,451.0,477.0,518.0,559.0,623.0,699.0,798.0,905.0,1003.0,1088.0,1153.0,1193.0,1241.0,1261.0,,,,,,,
Argélia,0.0,0.0,4.0,17.0,35.0,173.0,313.0,384.0,432.0,465.0,507.0,555.0,609.0,661.0,715.0,777.0,852.0,905.0,959.0,1018.0,1087.0,1163.0,1239.0,1312.0,1379.0,1446.0,1510.0,1562.0,1620.0,1679.0,1719.0,1768.0,1809.0,1865.0,1922.0,1980.0,2062.0,2168.0,2294.0,2431.0,2527.0,2609.0,2675.0,2737.0,2777.0,2812.0,2822.0,,,,,
Andorra,0.0,0.0,1.0,6.0,18.0,29.0,36.0,40.0,45.0,48.0,51.0,51.0,51.0,51.0,51.0,52.0,52.0,52.0,52.0,52.0,52.0,52.0,52.0,53.0,53.0,53.0,53.0,53.0,53.0,53.0,53.0,55.0,59.0,69.0,75.0,75.0,76.0,76.0,76.0,78.0,79.0,81.0,83.0,84.0,85.0,88.0,,,,,,
Angola,0.0,2.0,2.0,2.0,2.0,2.0,2.0,2.0,3.0,4.0,4.0,5.0,8.0,10.0,17.0,22.0,28.0,33.0,51.0,64.0,80.0,93.0,105.0,113.0,130.0,144.0,162.0,185.0,211.0,228.0,260.0,275.0,299.0,315.0,333.0,341.0,352.0,362.0,382.0,393.0,405.0,413.0,425.0,,,,,,,,,
Antígua e Barbuda,0.0,0.0,0.0,2.0,3.0,3.0,3.0,3.0,3.0,3.0,3.0,3.0,3.0,3.0,3.0,3.0,3.0,3.0,3.0,3.0,3.0,3.0,3.0,3.0,3.0,3.0,3.0,3.0,3.0,3.0,3.0,3.0,3.0,3.0,3.0,4.0,4.0,4.0,4.0,5.0,5.0,5.0,5.0,6.0,,,,,,,,
Argentina,1.0,2.0,4.0,23.0,48.0,97.0,136.0,197.0,260.0,314.0,382.0,467.0,556.0,693.0,854.0,1043.0,1280.0,1582.0,1903.0,2373.0,3059.0,3813.0,4764.0,5814.0,7366.0,8660.0,10129.0,11667.0,13482.0,16113.0,21468.0,24186.0,26716.0,29301.0,31623.0,33907.0,35727.0,37122.0,38730.0,39888.0,41041.0,41997.0,42868.0,43634.0,44654.0,45125.0,,,,,,
Arménia,0.0,0.0,0.0,1.0,7.0,13.0,20.0,28.0,33.0,44.0,55.0,77.0,127.0,190.0,264.0,332.0,421.0,477.0,559.0,631.0,700.0,749.0,785.0,817.0,850.0,872.0,895.0,911.0,928.0,948.0,972.0,1016.0,1067.0,1157.0,1341.0,1533.0,1738.0,1931.0,2121.0,2309.0,2462.0,2616.0,2752.0,2836.0,2922.0,2963.0,,,,,,
Austrália,0.0,0.0,0.0,0.0,0.0,2.0,3.0,7.0,14.0,30.0,57.0,67.0,80.0,94.0,97.0,98.0,102.0,103.0,103.0,102.0,102.0,104.0,104.0,108.0,122.0,155.0,208.0,295.0,396.0,502.0,611.0,753.0,810.0,849.0,872.0,894.0,898.0,904.0,905.0,907.0,907.0,907.0,907.0,907.0,908.0,908.0,908.0,908.0,909.0,909.0,909.0,
Áustria,0.0,0.0,3.0,21.0,108.0,220.0,368.0,470.0,549.0,600.0,620.0,629.0,641.0,668.0,672.0,678.0,690.0,703.0,706.0,708.0,711.0,713.0,718.0,723.0,729.0,733.0,733.0,746.0,757.0,767.0,790.0,818.0,855.0,904.0,992.0,1159.0,1454.0,1887.0,2459.0,3184.0,3897.0,4530.0,5435.0,5931.0,6357.0,6747.0,6921.0,,,,,
Azerbaijão,0.0,1.0,1.0,4.0,5.0,11.0,18.0,21.0,25.0,31.0,36.0,49.0,61.0,84.0,115.0,148.0,193.0,241.0,298.0,349.0,408.0,454.0,488.0,506.0,515.0,529.0,545.0,559.0,574.0,585.0,595.0,608.0,623.0,664.0,730.0,824.0,946.0,1107.0,1323.0,1593.0,1883.0,2175.0,2454.0,2703.0,2890.0,2971.0,,,,,,
Bahamas,0.0,0.0,4.0,8.0,9.0,11.0,11.0,11.0,11.0,11.0,11.0,11.0,11.0,11.0,11.0,11.0,11.0,11.0,11.0,14.0,15.0,18.0,29.0,50.0,56.0,67.0,74.0,89.0,96.0,107.0,122.0,132.0,144.0,152.0,156.0,163.0,163.0,163.0,163.0,164.0,170.0,175.0,175.0,175.0,,,,,,,,
Bahrein,0.0,0.0,0.0,2.0,4.0,4.0,6.0,7.0,8.0,8.0,8.0,12.0,14.0,19.0,26.0,42.0,63.0,83.0,97.0,108.0,126.0,140.0,147.0,162.0,170.0,184.0,189.0,199.0,212.0,221.0,242.0,260.0,275.0,300.0,312.0,321.0,329.0,334.0,338.0,341.0,341.0,348.0,349.0,351.0,352.0,356.0,356.0,,,,,
Bangladesh,0.0,2.0,5.0,8.0,30.0,84.0,140.0,175.0,214.0,314.0,452.0,610.0,846.0,1139.0,1425.0,1695.0,1997.0,2305.0,2581.0,2874.0,3132.0,3365.0,3625.0,3907.0,4206.0,4447.0,4702.0,4913.0,5129.0,5325.0,5500.0,5646.0,5780.0,5923.0,6049.0,6173.0,6350.0,6580.0,6807.0,7020.0,7242.0,7428.0,7599.0,7756.0,7849.0,,,,,,,
Barbados,0.0,0.0,2.0,4.0,5.0,6.0,7.0,7.0,7.0,7.0,7.0,7.0,7.0,7.0,7.0,7.0,7.0,7.0,7.0,7.0,7.0,7.0,7.0,7.0,7.0,7.0,7.0,7.0,7.0,7.0,7.0,7.0,7.0,7.0,7.0,7.0,7.0,7.0,7.0,7.0,7.0,7.0,7.0,7.0,,,,,,,,
Bielorrússia,0.0,0.0,0.0,0.0,4.0,16.0,40.0,60.0,89.0,116.0,151.0,185.0,219.0,253.0,293.0,331.0,367.0,405.0,449.0,485.0,519.0,553.0,580.0,599.0,627.0,662.0,696.0,732.0,771.0,802.0,839.0,880.0,916.0,945.0,973.0,998.0,1027.0,1074.0,1128.0,1181.0,1238.0,1299.0,1358.0,1424.0,1489.0,1554.0,,,,,,
Bélgica,0.0,0.0,0.0,0.0,0.0,5.0,88.0,513.0,1632.0,3903.0,5828.0,7207.0,7924.0,8707.0,9080.0,9312.0,9486.0,9606.0,9661.0,9696.0,9732.0,9774.0,9782.0,9805.0,9822.0,9850.0,9879.0,9944.0,9996.0,9996.0,9909.0,9927.0,9950.0,9987.0,10078.0,10211.0,10443.0,10899.0,11858.0,13216.0,14616.0,15755.0,16645.0,17386.0,18054.0,18697.0,19234.0,19750.0,20122.0,20294.0,,
Belize,0.0,0.0,2.0,2.0,2.0,2.0,2.0,2.0,2.0,2.0,2.0,2.0,2.0,2.0,2.0,2.0,2.0,2.0,2.0,2.0,3.0,6.0,13.0,15.0,19.0,21.0,24.0,29.0,37.0,44.0,50.0,59.0,70.0,90.0,116.0,147.0,173.0,195.0,213.0,233.0,250.0,274.0,280.0,,,,,,,,,
Benim,0.0,0.0,0.0,1.0,1.0,1.0,2.0,2.0,2.0,3.0,3.0,3.0,6.0,13.0,16.0,21.0,26.0,31.0,35.0,36.0,38.0,39.0,39.0,40.0,40.0,40.0,40.0,40.0,41.0,41.0,41.0,41.0,41.0,43.0,43.0,43.0,43.0,44.0,44.0,44.0,44.0,44.0,44.0,46.0,,,,,,,,
Butão,0.0,0.0,0.0,0.0,0.0,0.0,0.0,0.0,0.0,0.0,0.0,0.0,0.0,0.0,0.0,0.0,0.0,0.0,0.0,0.0,0.0,0.0,0.0,0.0,0.0,0.0,0.0,0.0,0.0,0.0,0.0,0.0,0.0,0.0,0.0,0.0,0.0,0.0,0.0,0.0,0.0,0.0,0.0,0.0,1.0,,,,,,,
Bolívia,0.0,0.0,6.0,14.0,28.0,34.0,55.0,86.0,128.0,189.0,274.0,376.0,487.0,659.0,846.0,1123.0,1530.0,1898.0,2273.0,2720.0,3320.0,3761.0,4172.0,4664.0,5101.0,7097.0,7447.0,7693.0,7931.0,8156.0,8351.0,8526.0,8672.0,8751.0,8808.0,8866.0,8928.0,8963.0,9002.0,9026.0,9052.0,9135.0,9241.0,9454.0,9530.0,,,,,,,
Bósnia e Herzegovina,0.0,0.0,3.0,13.0,34.0,41.0,53.0,65.0,86.0,120.0,136.0,151.0,157.0,161.0,168.0,173.0,188.0,209.0,235.0,268.0,316.0,379.0,453.0,507.0,571.0,627.0,675.0,736.0,790.0,856.0,908.0,958.0,1031.0,1161.0,1358.0,1701.0,2089.0,2429.0,2773.0,3151.0,3511.0,3838.0,4050.0,4211.0,4399.0,4411.0,,,,,,
Botswana,1.0,1.0,1.0,1.0,1.0,1.0,1.0,1.0,1.0,1.0,1.0,1.0,1.0,1.0,1.0,1.0,1.0,2.0,2.0,3.0,3.0,6.0,8.0,10.0,13.0,16.0,16.0,18.0,20.0,21.0,24.0,27.0,27.0,31.0,31.0,34.0,37.0,38.0,40.0,42.0,48.0,71.0,,,,,,,,,,
Brasil,0.0,0.0,1.0,46.0,201.0,686.0,1532.0,2741.0,5083.0,7938.0,12461.0,17983.0,24512.0,31199.0,38406.0,45241.0,52645.0,59594.0,66741.0,74133.0,81487.0,88539.0,95819.0,103026.0,109888.0,116580.0,122596.0,127464.0,133119.0,138105.0,142921.0,147494.0,150998.0,154837.0,157946.0,160496.0,162802.0,166699.0,170115.0,173817.0,178159.0,182799.0,188259.0,192681.0,197732.0,204690.0,207095.0,,,,,
Brunei,0.0,0.0,1.0,1.0,1.0,1.0,1.0,1.0,1.0,1.0,1.0,2.0,2.0,2.0,3.0,3.0,3.0,3.0,3.0,3.0,3.0,3.0,3.0,3.0,3.0,3.0,3.0,3.0,3.0,3.0,3.0,3.0,3.0,3.0,3.0,3.0,3.0,3.0,3.0,3.0,3.0,3.0,3.0,3.0,3.0,,,,,,,
Bulgária,2.0,3.0,7.0,17.0,28.0,41.0,55.0,72.0,90.0,105.0,126.0,139.0,160.0,172.0,199.0,216.0,241.0,267.0,299.0,338.0,385.0,445.0,495.0,539.0,605.0,671.0,717.0,755.0,789.0,841.0,891.0,968.0,1084.0,1279.0,1632.0,2091.0,2820.0,3749.0,4729.0,5626.0,6551.0,7123.0,7644.0,8097.0,8396.0,,,,,,,
Burkina Faso,0.0,4.0,12.0,18.0,27.0,38.0,42.0,46.0,50.0,51.0,52.0,53.0,53.0,53.0,53.0,53.0,53.0,53.0,53.0,53.0,53.0,54.0,55.0,55.0,55.0,56.0,56.0,56.0,57.0,59.0,63.0,65.0,67.0,67.0,67.0,68.0,68.0,68.0,68.0,71.0,76.0,78.0,86.0,89.0,97.0,,,,,,,
Myanmar,1.0,3.0,4.0,5.0,6.0,6.0,6.0,6.0,6.0,6.0,6.0,6.0,6.0,6.0,6.0,6.0,6.0,6.0,6.0,6.0,6.0,6.0,6.0,14.0,61.0,155.0,321.0,535.0,765.0,1005.0,1199.0,1352.0,1508.0,1676.0,1846.0,2028.0,2201.0,2377.0,2532.0,2682.0,2799.0,2912.0,,,,,,,,,,
Burundi,0.0,1.0,1.0,1.0,1.0,1.0,1.0,1.0,1.0,1.0,1.0,1.0,1.0,1.0,1.0,1.0,1.0,1.0,1.0,1.0,1.0,1.0,1.0,1.0,1.0,1.0,1.0,1.0,1.0,1.0,1.0,1.0,1.0,1.0,1.0,1.0,1.0,2.0,2.0,2.0,2.0,2.0,,,,,,,,,,
Cabo Verde,1.0,1.0,1.0,1.0,1.0,1.0,2.0,2.0,3.0,4.0,5.0,6.0,7.0,8.0,15.0,18.0,19.0,21.0,23.0,27.0,33.0,37.0,38.0,41.0,43.0,49.0,55.0,61.0,71.0,79.0,91.0,95.0,97.0,102.0,104.0,105.0,107.0,109.0,110.0,112.0,113.0,113.0,115.0,,,,,,,,,
Camboja,0.0,0.0,0.0,0.0,0.0,0.0,0.0,0.0,0.0,0.0,0.0,0.0,0.0,0.0,0.0,0.0,0.0,0.0,0.0,0.0,0.0,0.0,0.0,0.0,0.0,0.0,0.0,0.0,0.0,0.0,0.0,0.0,0.0,0.0,0.0,0.0,0.0,0.0,0.0,0.0,0.0,0.0,0.0,0.0,0.0,0.0,0.0,0.0,0.0,0.0,0.0,
Camarões,0.0,0.0,1.0,7.0,10.0,22.0,43.0,61.0,108.0,139.0,156.0,175.0,203.0,212.0,276.0,313.0,313.0,359.0,373.0,382.0,391.0,391.0,401.0,408.0,411.0,415.0,415.0,415.0,418.0,418.0,423.0,423.0,425.0,426.0,429.0,433.0,435.0,437.0,441.0,443.0,445.0,448.0,448.0,448.0,451.0,,,,,,,
Canadá,0.0,0.0,0.0,0.0,0.0,0.0,1.0,19.0,61.0,218.0,654.0,1401.0,2571.0,3684.0,4823.0,5800.0,6466.0,7159.0,7850.0,8183.0,8466.0,8576.0,8732.0,8818.0,8892.0,8929.0,8986.0,9024.0,9072.0,9117.0,9161.0,9192.0,9220.0,9262.0,9313.0,9488.0,9661.0,9782.0,9969.0,10187.0,10547.0,10947.0,11455.0,11993.0,12607.0,13367.0,14171.0,14834.0,15707.0,16869.0,17559.0,
República Centro-Africana,0.0,0.0,0.0,0.0,0.0,0.0,0.0,0.0,0.0,1.0,1.0,5.0,7.0,19.0,45.0,48.0,53.0,55.0,59.0,59.0,59.0,61.0,61.0,61.0,62.0,62.0,62.0,62.0,62.0,62.0,62.0,62.0,62.0,62.0,63.0,63.0,63.0,63.0,63.0,63.0,63.0,63.0,63.0,63.0,,,,,,,,
Chade,0.0,0.0,0.0,0.0,0.0,2.0,17.0,42.0,57.0,64.0,66.0,72.0,74.0,74.0,74.0,74.0,75.0,75.0,75.0,75.0,76.0,76.0,77.0,77.0,79.0,81.0,82.0,85.0,89.0,92.0,96.0,97.0,99.0,99.0,101.0,101.0,102.0,102.0,102.0,102.0,104.0,105.0,109.0,110.0,,,,,,,,
Chile,0.0,0.0,0.0,0.0,6.0,27.0,73.0,126.0,181.0,247.0,304.0,421.0,673.0,997.0,1541.0,3101.0,4295.0,5347.0,6192.0,6881.0,8445.0,9020.0,9533.0,10011.0,10395.0,10792.0,11181.0,11551.0,11895.0,12254.0,12591.0,12919.0,13272.0,13588.0,13892.0,14207.0,14499.0,14777.0,15030.0,15322.0,15592.0,15846.0,16101.0,16404.0,16724.0,17037.0,17294.0,,,,,
China,131.0,491.0,1112.0,2003.0,2665.0,2947.0,3139.0,3230.0,3281.0,3309.0,3335.0,3345.0,4636.0,4637.0,4637.0,4637.0,4638.0,4638.0,4638.0,4638.0,4638.0,4640.0,4641.0,4641.0,4642.0,4648.0,4657.0,4676.0,4693.0,4705.0,4712.0,4724.0,4733.0,4736.0,4737.0,4739.0,4739.0,4739.0,4739.0,4739.0,4739.0,4742.0,4742.0,4742.0,4743.0,4746.0,4757.0,4766.0,4777.0,4787.0,4794.0,4796.0
Colômbia,0.0,0.0,6.0,19.0,69.0,144.0,215.0,293.0,407.0,525.0,652.0,822.0,1087.0,1488.0,1950.0,2654.0,3641.0,4714.0,6029.0,7688.0,9810.0,11939.0,14145.0,16183.0,18467.0,20618.0,22275.0,23665.0,24746.0,26196.0,27180.0,28457.0,29637.0,30926.0,32209.0,33491.0,34761.0,36019.0,37305.0,38484.0,39787.0,41454.0,43213.0,45067.0,47491.0,,,,,,,
Comores,1.0,1.0,1.0,2.0,2.0,2.0,3.0,7.0,7.0,7.0,7.0,7.0,7.0,7.0,7.0,7.0,7.0,7.0,7.0,7.0,7.0,7.0,7.0,7.0,7.0,7.0,7.0,7.0,7.0,7.0,7.0,7.0,7.0,7.0,9.0,13.0,33.0,38.0,,,,,,,,,,,,,,
República do Congo,0.0,0.0,2.0,5.0,6.0,6.0,9.0,10.0,15.0,16.0,19.0,22.0,24.0,27.0,37.0,44.0,47.0,49.0,51.0,54.0,58.0,60.0,77.0,78.0,102.0,114.0,89.0,89.0,89.0,90.0,92.0,92.0,92.0,92.0,92.0,93.0,94.0,94.0,99.0,100.0,107.0,108.0,108.0,112.0,,,,,,,,
República Democrática do Congo,0.0,2.0,8.0,18.0,20.0,25.0,30.0,34.0,44.0,61.0,68.0,72.0,90.0,112.0,135.0,170.0,182.0,190.0,196.0,208.0,215.0,225.0,243.0,251.0,259.0,260.0,267.0,271.0,272.0,274.0,276.0,303.0,305.0,315.0,316.0,322.0,331.0,335.0,344.0,358.0,370.0,584.0,599.0,625.0,626.0,,,,,,,
Costa Rica,0.0,1.0,2.0,2.0,3.0,4.0,6.0,6.0,6.0,8.0,10.0,10.0,10.0,12.0,12.0,12.0,18.0,25.0,42.0,80.0,140.0,200.0,272.0,333.0,397.0,460.0,567.0,666.0,795.0,917.0,1040.0,1159.0,1251.0,1357.0,1444.0,1527.0,1599.0,1679.0,1757.0,1882.0,1980.0,2086.0,2185.0,2286.0,2401.0,,,,,,,
Costa do Marfim,0.0,0.0,1.0,3.0,6.0,13.0,14.0,18.0,21.0,28.0,30.0,33.0,38.0,46.0,58.0,68.0,76.0,87.0,93.0,98.0,103.0,105.0,110.0,114.0,117.0,119.0,120.0,120.0,120.0,120.0,120.0,121.0,122.0,126.0,126.0,129.0,131.0,132.0,132.0,133.0,133.0,137.0,138.0,140.0,140.0,,,,,,,
Croácia,0.0,0.0,0.0,1.0,6.0,16.0,25.0,47.0,59.0,80.0,91.0,95.0,100.0,103.0,104.0,107.0,107.0,107.0,113.0,119.0,122.0,139.0,153.0,158.0,166.0,173.0,186.0,201.0,227.0,253.0,272.0,300.0,327.0,374.0,452.0,594.0,832.0,1082.0,1398.0,1786.0,2233.0,2705.0,3257.0,3739.0,4126.0,4403.0,4517.0,,,,,
Cuba,1.0,1.0,6.0,12.0,24.0,40.0,58.0,69.0,79.0,79.0,82.0,83.0,83.0,84.0,85.0,86.0,86.0,87.0,87.0,87.0,88.0,88.0,89.0,92.0,98.0,104.0,109.0,118.0,122.0,123.0,123.0,127.0,128.0,129.0,130.0,131.0,133.0,136.0,136.0,137.0,139.0,145.0,148.0,158.0,160.0,,,,,,,
Chipre,0.0,1.0,5.0,11.0,11.0,12.0,14.0,15.0,16.0,17.0,17.0,17.0,18.0,18.0,19.0,19.0,19.0,19.0,19.0,19.0,19.0,19.0,20.0,20.0,20.0,21.0,22.0,22.0,22.0,22.0,25.0,25.0,25.0,26.0,35.0,39.0,44.0,48.0,61.0,78.0,91.0,112.0,131.0,148.0,163.0,,,,,,,
República Tcheca,0.0,0.0,0.0,11.0,59.0,129.0,181.0,218.0,245.0,276.0,296.0,314.0,319.0,327.0,330.0,336.0,349.0,353.0,352.0,358.0,369.0,383.0,390.0,395.0,411.0,421.0,431.0,453.0,499.0,591.0,711.0,948.0,1352.0,2077.0,3251.0,4681.0,6058.0,7095.0,8054.0,8815.0,9450.0,10271.0,10950.0,11827.0,12978.0,13856.0,,,,,,
Dinamarca,0.0,0.0,4.0,34.0,104.0,218.0,309.0,384.0,443.0,506.0,533.0,554.0,565.0,580.0,593.0,598.0,603.0,606.0,609.0,610.0,611.0,614.0,616.0,621.0,621.0,623.0,626.0,628.0,633.0,643.0,650.0,663.0,675.0,690.0,715.0,729.0,753.0,770.0,802.0,852.0,904.0,975.0,1096.0,1256.0,1451.0,1661.0,1661.0,,,,,
Diamond Princess,0.0,2.0,4.0,6.0,7.0,7.0,10.0,11.0,11.0,12.0,13.0,13.0,13.0,13.0,13.0,13.0,13.0,13.0,13.0,13.0,13.0,13.0,13.0,13.0,13.0,13.0,13.0,13.0,13.0,13.0,13.0,13.0,13.0,13.0,13.0,13.0,13.0,13.0,13.0,13.0,13.0,13.0,13.0,13.0,13.0,13.0,13.0,13.0,13.0,,,
Djibouti,0.0,0.0,0.0,2.0,2.0,2.0,2.0,3.0,7.0,14.0,25.0,34.0,43.0,49.0,54.0,55.0,56.0,56.0,58.0,59.0,59.0,59.0,60.0,60.0,61.0,61.0,61.0,61.0,61.0,61.0,61.0,61.0,61.0,61.0,61.0,61.0,61.0,61.0,61.0,61.0,61.0,61.0,61.0,61.0,,,,,,,,
Domínica,0.0,0.0,0.0,0.0,0.0,0.0,0.0,0.0,0.0,0.0,0.0,0.0,0.0,0.0,0.0,0.0,0.0,0.0,0.0,0.0,0.0,0.0,0.0,0.0,0.0,0.0,0.0,0.0,0.0,0.0,0.0,0.0,0.0,0.0,0.0,0.0,0.0,0.0,0.0,0.0,0.0,0.0,0.0,,,,,,,,,
República Dominicana,0.0,0.0,2.0,28.0,68.0,135.0,217.0,273.0,326.0,385.0,428.0,458.0,498.0,536.0,577.0,655.0,718.0,786.0,880.0,971.0,1055.0,1170.0,1289.0,1438.0,1554.0,1673.0,1840.0,1953.0,2044.0,2093.0,2128.0,2167.0,2195.0,2220.0,2245.0,2263.0,2282.0,2308.0,2328.0,2345.0,2360.0,2382.0,2404.0,2416.0,2424.0,2428.0,,,,,,
Equador,0.0,2.0,7.0,48.0,172.0,315.0,456.0,576.0,1371.0,1717.0,2688.0,3096.0,3334.0,3608.0,3874.0,4156.0,4424.0,4769.0,5031.0,5282.0,5507.0,5736.0,5916.0,6065.0,6277.0,6537.0,6724.0,10864.0,11084.0,11273.0,11597.0,12188.0,12375.0,12542.0,12670.0,12815.0,12997.0,13139.0,13371.0,13756.0,13874.0,13948.0,13990.0,14059.0,14177.0,14246.0,,,,,,
Egito,0.0,0.0,0.0,1.0,6.0,24.0,58.0,118.0,196.0,287.0,392.0,482.0,571.0,696.0,845.0,1126.0,1377.0,1938.0,2533.0,3120.0,3617.0,4120.0,4480.0,4774.0,4951.0,5107.0,5212.0,5342.0,5479.0,5590.0,5715.0,5835.0,5946.0,6017.0,6088.0,6166.0,6247.0,6329.0,6417.0,6508.0,6596.0,6713.0,6854.0,7015.0,7260.0,7631.0,8029.0,8421.0,,,,
El Salvador,0.0,1.0,5.0,6.0,7.0,9.0,15.0,20.0,31.0,39.0,51.0,64.0,79.0,119.0,182.0,235.0,286.0,363.0,430.0,498.0,577.0,633.0,687.0,731.0,770.0,796.0,819.0,843.0,873.0,904.0,933.0,962.0,992.0,1024.0,1056.0,1086.0,1129.0,1174.0,1219.0,1274.0,1327.0,1382.0,1447.0,1459.0,,,,,,,,
Guiné Equatorial,0.0,0.0,0.0,0.0,0.0,1.0,1.0,4.0,7.0,11.0,12.0,12.0,12.0,32.0,32.0,51.0,51.0,51.0,51.0,83.0,83.0,83.0,83.0,83.0,83.0,83.0,83.0,83.0,83.0,83.0,83.0,83.0,83.0,85.0,85.0,85.0,85.0,85.0,85.0,85.0,85.0,86.0,86.0,86.0,,,,,,,,
Eritreia,0.0,0.0,0.0,0.0,0.0,0.0,0.0,0.0,0.0,0.0,0.0,0.0,0.0,0.0,0.0,0.0,0.0,0.0,0.0,0.0,0.0,0.0,0.0,0.0,0.0,0.0,0.0,0.0,0.0,0.0,0.0,0.0,0.0,0.0,0.0,0.0,0.0,0.0,0.0,1.0,3.0,6.0,6.0,,,,,,,,,
Estónia,0.0,0.0,0.0,1.0,5.0,24.0,35.0,44.0,50.0,55.0,61.0,64.0,66.0,69.0,69.0,69.0,69.0,69.0,69.0,69.0,69.0,69.0,69.0,63.0,63.0,64.0,64.0,64.0,64.0,64.0,64.0,67.0,68.0,71.0,73.0,73.0,76.0,85.0,97.0,122.0,139.0,160.0,192.0,226.0,261.0,301.0,311.0,,,,,
Essuatíni,0.0,0.0,0.0,0.0,1.0,1.0,1.0,2.0,2.0,2.0,2.0,3.0,3.0,4.0,8.0,13.0,18.0,21.0,28.0,41.0,56.0,68.0,81.0,91.0,94.0,98.0,103.0,108.0,111.0,113.0,115.0,116.0,117.0,117.0,118.0,119.0,120.0,122.0,126.0,136.0,154.0,216.0,279.0,335.0,,,,,,,,
Etiópia,0.0,0.0,0.0,2.0,3.0,3.0,3.0,4.0,5.0,5.0,7.0,18.0,40.0,65.0,81.0,103.0,120.0,148.0,197.0,263.0,365.0,479.0,620.0,745.0,856.0,974.0,1060.0,1148.0,1205.0,1262.0,1325.0,1396.0,1457.0,1508.0,1554.0,1607.0,1672.0,1724.0,1779.0,1831.0,1882.0,1923.0,1966.0,2008.0,,,,,,,,
Fiji,0.0,0.0,0.0,0.0,0.0,0.0,0.0,0.0,0.0,0.0,0.0,0.0,0.0,0.0,0.0,0.0,0.0,0.0,0.0,1.0,1.0,1.0,1.0,2.0,2.0,2.0,2.0,2.0,2.0,2.0,2.0,2.0,2.0,2.0,2.0,2.0,2.0,2.0,2.0,2.0,2.0,2.0,2.0,2.0,,,,,,,,
Finlândia,0.0,0.0,0.0,0.0,0.0,0.0,0.0,1.0,17.0,34.0,64.0,141.0,199.0,246.0,275.0,301.0,312.0,320.0,324.0,326.0,327.0,328.0,329.0,329.0,328.0,329.0,331.0,333.0,334.0,335.0,336.0,336.0,339.0,341.0,345.0,346.0,346.0,351.0,355.0,359.0,363.0,371.0,384.0,399.0,424.0,466.0,511.0,550.0,576.0,602.0,616.0,
França,0.0,0.0,0.0,1.0,2.0,7.0,48.0,244.0,1697.0,5387.0,12214.0,17903.0,21829.0,24349.0,25991.0,27430.0,28242.0,28666.0,29069.0,29349.0,29606.0,29754.0,29878.0,29983.0,30142.0,30186.0,30257.0,30315.0,30393.0,30485.0,30588.0,30717.0,30824.0,31108.0,31524.0,32035.0,32539.0,33146.0,34234.0,36058.0,39088.0,43024.0,47198.0,51041.0,54231.0,57044.0,59733.0,62389.0,64759.0,66700.0,69452.0,
Gabão,1.0,1.0,1.0,1.0,1.0,3.0,3.0,8.0,10.0,12.0,15.0,21.0,23.0,34.0,40.0,44.0,46.0,46.0,49.0,49.0,51.0,51.0,53.0,53.0,53.0,53.0,53.0,54.0,54.0,54.0,54.0,54.0,55.0,55.0,58.0,59.0,59.0,60.0,63.0,64.0,64.0,64.0,66.0,66.0,,,,,,,,
Gâmbia,1.0,1.0,1.0,1.0,1.0,1.0,1.0,1.0,1.0,1.0,1.0,1.0,1.0,2.0,2.0,3.0,3.0,4.0,8.0,9.0,23.0,63.0,87.0,96.0,99.0,103.0,108.0,111.0,115.0,118.0,118.0,119.0,119.0,122.0,122.0,123.0,123.0,123.0,123.0,123.0,123.0,124.0,125.0,126.0,,,,,,,,
Geórgia,0.0,0.0,0.0,0.0,0.0,3.0,3.0,4.0,6.0,9.0,11.0,12.0,12.0,13.0,13.0,14.0,14.0,15.0,15.0,15.0,16.0,16.0,17.0,17.0,17.0,19.0,19.0,19.0,19.0,23.0,36.0,58.0,102.0,158.0,238.0,362.0,521.0,778.0,1051.0,1303.0,1576.0,1883.0,2182.0,2443.0,2646.0,2820.0,2867.0,,,,,
Alemanha,0.0,0.0,0.0,0.0,0.0,0.0,11.0,94.0,533.0,1584.0,3022.0,4586.0,5976.0,6866.0,7569.0,7962.0,8283.0,8540.0,8685.0,8801.0,8895.0,8968.0,9023.0,9071.0,9092.0,9124.0,9154.0,9202.0,9235.0,9275.0,9300.0,9330.0,9354.0,9390.0,9464.0,9533.0,9626.0,9798.0,10062.0,10513.0,11372.0,12573.0,14159.0,16306.0,18989.0,22106.0,26400.0,30297.0,34791.0,40936.0,45207.0,
Gana,0.0,4.0,5.0,6.0,8.0,10.0,17.0,18.0,28.0,31.0,34.0,42.0,48.0,70.0,103.0,117.0,135.0,144.0,161.0,182.0,206.0,223.0,261.0,270.0,283.0,285.0,295.0,299.0,301.0,306.0,310.0,314.0,320.0,320.0,320.0,323.0,323.0,325.0,326.0,331.0,333.0,335.0,336.0,341.0,,,,,,,,
Grécia,0.0,0.0,5.0,20.0,49.0,81.0,101.0,121.0,138.0,146.0,152.0,165.0,173.0,179.0,183.0,185.0,190.0,192.0,193.0,193.0,197.0,203.0,209.0,214.0,232.0,243.0,271.0,290.0,313.0,352.0,388.0,420.0,462.0,528.0,593.0,655.0,866.0,1228.0,1815.0,2517.0,3194.0,3785.0,4340.0,4730.0,5051.0,5329.0,5387.0,,,,,
Granada,0.0,0.0,0.0,0.0,0.0,0.0,0.0,0.0,0.0,0.0,0.0,0.0,0.0,0.0,0.0,0.0,0.0,0.0,0.0,0.0,0.0,0.0,0.0,0.0,0.0,0.0,0.0,0.0,0.0,0.0,0.0,0.0,0.0,0.0,0.0,0.0,0.0,0.0,0.0,0.0,0.0,1.0,1.0,,,,,,,,,
Guatemala,1.0,1.0,1.0,3.0,7.0,11.0,16.0,24.0,30.0,51.0,90.0,216.0,351.0,483.0,672.0,880.0,1139.0,1443.0,1669.0,1924.0,2168.0,2341.0,2532.0,2709.0,2825.0,2929.0,3076.0,3186.0,3267.0,3356.0,3478.0,3594.0,3714.0,3794.0,3880.0,4067.0,4141.0,4224.0,4376.0,4589.0,4757.0,4820.0,4972.0,5151.0,,,,,,,,
Guiné,0.0,0.0,0.0,0.0,1.0,6.0,7.0,11.0,15.0,18.0,22.0,23.0,23.0,26.0,29.0,33.0,36.0,39.0,42.0,46.0,49.0,50.0,53.0,58.0,61.0,63.0,63.0,65.0,66.0,68.0,70.0,71.0,71.0,73.0,74.0,75.0,76.0,76.0,79.0,80.0,80.0,81.0,81.0,81.0,,,,,,,,
Guiné-Bissau,0.0,0.0,0.0,0.0,1.0,1.0,3.0,6.0,7.0,8.0,12.0,15.0,19.0,24.0,25.0,26.0,26.0,26.0,27.0,29.0,33.0,33.0,34.0,38.0,39.0,39.0,39.0,40.0,41.0,41.0,41.0,41.0,43.0,43.0,43.0,44.0,44.0,44.0,45.0,45.0,45.0,45.0,45.0,,,,,,,,,
Guiana,1.0,1.0,2.0,6.0,6.0,7.0,8.0,10.0,10.0,10.0,11.0,12.0,12.0,12.0,12.0,13.0,16.0,18.0,19.0,20.0,22.0,22.0,27.0,31.0,41.0,48.0,58.0,69.0,80.0,95.0,106.0,116.0,123.0,130.0,137.0,142.0,147.0,151.0,154.0,158.0,162.0,164.0,166.0,170.0,170.0,,,,,,,
Haiti,0.0,0.0,2.0,3.0,5.0,8.0,12.0,20.0,25.0,34.0,50.0,64.0,84.0,96.0,110.0,123.0,145.0,154.0,161.0,171.0,192.0,196.0,200.0,210.0,215.0,220.0,227.0,229.0,230.0,231.0,231.0,232.0,232.0,232.0,232.0,232.0,233.0,233.0,234.0,234.0,236.0,236.0,238.0,,,,,,,,,
Santa Sé,0.0,0.0,0.0,0.0,0.0,0.0,0.0,0.0,0.0,0.0,0.0,0.0,0.0,0.0,0.0,0.0,0.0,0.0,0.0,0.0,0.0,0.0,0.0,0.0,0.0,0.0,0.0,0.0,0.0,0.0,0.0,0.0,0.0,0.0,0.0,0.0,0.0,0.0,0.0,0.0,0.0,0.0,0.0,0.0,0.0,,,,,,,
Honduras,0.0,0.0,7.0,22.0,26.0,46.0,64.0,93.0,121.0,147.0,188.0,225.0,271.0,330.0,405.0,497.0,677.0,807.0,988.0,1214.0,1400.0,1515.0,1593.0,1703.0,1888.0,2034.0,2087.0,2206.0,2323.0,2447.0,2528.0,2582.0,2639.0,2706.0,2780.0,2839.0,2869.0,2918.0,2950.0,3001.0,3046.0,3111.0,3186.0,3294.0,3335.0,,,,,,,
Hungria,0.0,1.0,9.0,16.0,47.0,122.0,213.0,291.0,363.0,425.0,467.0,499.0,532.0,550.0,565.0,573.0,585.0,589.0,595.0,596.0,596.0,598.0,605.0,609.0,614.0,616.0,626.0,646.0,694.0,757.0,853.0,996.0,1211.0,1535.0,1973.0,2596.0,3281.0,4008.0,4977.0,6120.0,7237.0,8462.0,9292.0,10080.0,10853.0,11066.0,,,,,,
Islândia,0.0,0.0,5.0,2.0,4.0,6.0,8.0,10.0,10.0,10.0,10.0,10.0,10.0,10.0,10.0,10.0,10.0,10.0,10.0,10.0,10.0,10.0,10.0,10.0,10.0,10.0,10.0,10.0,10.0,10.0,10.0,10.0,10.0,11.0,12.0,18.0,25.0,25.0,26.0,27.0,28.0,28.0,28.0,29.0,29.0,29.0,,,,,,
Índia,0.0,0.0,0.0,0.0,0.0,1.0,3.0,12.0,58.0,178.0,405.0,681.0,1079.0,1785.0,2551.0,3434.0,4534.0,6088.0,8102.0,12237.0,14894.0,17834.0,21129.0,24914.0,29861.0,34955.0,40699.0,47033.0,53866.0,60472.0,67376.0,75062.0,83198.0,91149.0,98678.0,105526.0,111266.0,116616.0,120527.0,124315.0,128121.0,131578.0,135223.0,138648.0,141772.0,144451.0,146756.0,148738.0,150336.0,151727.0,151727.0,
Indonésia,0.0,5.0,48.0,114.0,198.0,373.0,582.0,743.0,845.0,973.0,1148.0,1372.0,1613.0,1851.0,2134.0,2465.0,2754.0,3171.0,3606.0,4143.0,4781.0,5236.0,5723.0,6150.0,6680.0,7343.0,8025.0,8723.0,9553.0,10386.0,11151.0,11844.0,12511.0,13299.0,13943.0,14614.0,15211.0,15884.0,16815.0,17740.0,18819.0,19880.0,21237.0,22734.0,24129.0,25246.0,,,,,,
Irã,16.0,77.0,291.0,988.0,1934.0,2898.0,3872.0,4683.0,5297.0,5877.0,6340.0,6733.0,7119.0,7508.0,7942.0,8425.0,9065.0,9863.0,10817.0,11931.0,13211.0,14634.0,16147.0,17617.0,18800.0,19972.0,20901.0,21672.0,22542.0,23453.0,24656.0,25986.0,27419.0,29070.0,31034.0,33299.0,36160.0,39202.0,42461.0,45738.0,48628.0,50917.0,52670.0,54003.0,54946.0,55748.0,56360.0,56538.0,,,,
Iraque,0.0,6.0,10.0,20.0,42.0,61.0,76.0,82.0,87.0,97.0,109.0,123.0,160.0,205.0,346.0,607.0,1100.0,1756.0,2473.0,3150.0,3781.0,4362.0,4868.0,5392.0,5860.0,6428.0,6959.0,7512.0,8014.0,8555.0,8990.0,9399.0,9852.0,10254.0,10623.0,10966.0,11327.0,11670.0,11958.0,12224.0,12432.0,12579.0,12697.0,12780.0,12834.0,12895.0,12922.0,,,,,
Irlanda,0.0,1.0,3.0,22.0,120.0,287.0,530.0,1014.0,1265.0,1429.0,1518.0,1592.0,1645.0,1670.0,1705.0,1714.0,1730.0,1740.0,1744.0,1752.0,1763.0,1764.0,1772.0,1774.0,1776.0,1777.0,1777.0,1781.0,1792.0,1797.0,1806.0,1821.0,1841.0,1878.0,1908.0,1940.0,1972.0,2018.0,2043.0,2086.0,2120.0,2149.0,2194.0,2248.0,2327.0,2488.0,,,,,,
Israel,0.0,0.0,0.0,0.0,10.0,38.0,89.0,146.0,196.0,225.0,242.0,268.0,281.0,287.0,293.0,302.0,306.0,318.0,331.0,364.0,406.0,479.0,550.0,634.0,723.0,806.0,899.0,998.0,1103.0,1235.0,1416.0,1650.0,1893.0,2148.0,2352.0,2525.0,2652.0,2718.0,2778.0,2840.0,2895.0,2961.0,3050.0,3171.0,3325.0,3552.0,3870.0,,,,,
Itália,0.0,0.0,0.0,17.0,148.0,1016.0,3405.0,8215.0,13915.0,18279.0,22170.0,25549.0,27967.0,29958.0,31368.0,32486.0,33142.0,33689.0,34167.0,34514.0,34678.0,34818.0,34926.0,35017.0,35092.0,35132.0,35187.0,35231.0,35418.0,35463.0,35507.0,35587.0,35658.0,35781.0,35918.0,36083.0,36372.0,36968.0,38122.0,40192.0,43589.0,47870.0,52850.0,58038.0,62626.0,67220.0,70900.0,74159.0,77291.0,80848.0,,
Jamaica,0.0,1.0,1.0,3.0,4.0,6.0,7.0,9.0,9.0,9.0,9.0,9.0,10.0,10.0,10.0,10.0,10.0,10.0,10.0,10.0,12.0,14.0,14.0,19.0,21.0,36.0,46.0,75.0,101.0,123.0,146.0,174.0,196.0,214.0,224.0,231.0,243.0,258.0,265.0,276.0,288.0,298.0,305.0,315.0,322.0,,,,,,,
Japão,0.0,0.0,0.0,2.0,3.0,6.0,13.0,30.0,42.0,67.0,98.0,170.0,303.0,436.0,593.0,707.0,805.0,863.0,902.0,920.0,934.0,965.0,972.0,981.0,984.0,988.0,1001.0,1023.0,1058.0,1135.0,1219.0,1313.0,1398.0,1463.0,1519.0,1568.0,1609.0,1635.0,1679.0,1726.0,1794.0,1840.0,1895.0,1963.0,2109.0,2334.0,2581.0,2877.0,3196.0,3548.0,3962.0,4119.0
Jordânia,0.0,0.0,0.0,5.0,6.0,7.0,7.0,7.0,9.0,9.0,9.0,9.0,9.0,9.0,9.0,9.0,9.0,10.0,10.0,11.0,11.0,11.0,11.0,11.0,14.0,15.0,17.0,26.0,32.0,51.0,110.0,207.0,380.0,624.0,913.0,1295.0,1843.0,2302.0,2751.0,3116.0,3407.0,3604.0,3778.0,3919.0,4043.0,4107.0,,,,,,
Cazaquistão,0.0,1.0,3.0,8.0,17.0,20.0,25.0,30.0,32.0,35.0,37.0,52.0,67.0,100.0,140.0,188.0,264.0,375.0,585.0,793.0,1109.0,1433.0,1652.0,1781.0,1889.0,1951.0,2006.0,2045.0,2080.0,2108.0,2141.0,2186.0,2222.0,2263.0,2311.0,2368.0,2424.0,2438.0,2550.0,2615.0,2677.0,2761.0,2781.0,2882.0,,,,,,,,
Quénia,0.0,1.0,3.0,7.0,11.0,14.0,17.0,29.0,42.0,50.0,58.0,78.0,92.0,117.0,132.0,152.0,173.0,217.0,263.0,325.0,399.0,460.0,516.0,567.0,585.0,612.0,642.0,669.0,711.0,751.0,805.0,870.0,964.0,1072.0,1203.0,1330.0,1427.0,1500.0,1568.0,1618.0,1652.0,1670.0,1702.0,1723.0,,,,,,,,
Coreia do Sul,0.0,0.0,0.0,0.0,10.0,28.0,54.0,81.0,120.0,162.0,192.0,222.0,237.0,246.0,255.0,259.0,263.0,269.0,273.0,276.0,279.0,281.0,282.0,285.0,289.0,297.0,300.0,302.0,305.0,306.0,312.0,326.0,344.0,367.0,388.0,413.0,425.0,438.0,450.0,461.0,474.0,487.0,496.0,513.0,526.0,556.0,612.0,739.0,879.0,1027.0,1185.0,1217.0
Kosovo,0.0,1.0,1.0,7.0,11.0,19.0,22.0,27.0,29.0,29.0,30.0,30.0,31.0,34.0,42.0,55.0,94.0,124.0,164.0,227.0,303.0,381.0,448.0,499.0,551.0,586.0,611.0,617.0,627.0,641.0,652.0,659.0,678.0,732.0,798.0,885.0,975.0,1026.0,1174.0,1240.0,1298.0,1336.0,1368.0,1392.0,,,,,,,,
Kuwait,0.0,0.0,0.0,0.0,0.0,1.0,1.0,7.0,20.0,38.0,58.0,112.0,156.0,212.0,264.0,296.0,326.0,348.0,368.0,390.0,408.0,433.0,457.0,478.0,501.0,515.0,530.0,544.0,560.0,584.0,601.0,624.0,658.0,701.0,746.0,782.0,811.0,838.0,866.0,878.0,891.0,911.0,921.0,931.0,937.0,943.0,946.0,,,,,
Quirguistão,0.0,0.0,4.0,5.0,7.0,8.0,11.0,12.0,14.0,16.0,17.0,24.0,30.0,42.0,61.0,107.0,149.0,1079.0,1329.0,1427.0,1478.0,1498.0,1498.0,1059.0,1060.0,1063.0,1063.0,1064.0,1066.0,1092.0,1113.0,1136.0,1163.0,1188.0,1207.0,1241.0,1275.0,1301.0,1317.0,1335.0,1353.0,1360.0,1375.0,1378.0,,,,,,,,
Laos,0.0,0.0,0.0,0.0,0.0,0.0,0.0,0.0,0.0,0.0,0.0,0.0,0.0,0.0,0.0,0.0,0.0,0.0,0.0,0.0,0.0,0.0,0.0,0.0,0.0,0.0,0.0,0.0,0.0,0.0,0.0,0.0,0.0,0.0,0.0,0.0,0.0,0.0,0.0,0.0,0.0,0.0,0.0,,,,,,,,,
Letónia,0.0,0.0,0.0,0.0,1.0,5.0,5.0,12.0,16.0,18.0,19.0,22.0,24.0,25.0,28.0,30.0,30.0,30.0,30.0,31.0,31.0,32.0,32.0,32.0,33.0,34.0,35.0,35.0,36.0,36.0,38.0,40.0,44.0,56.0,74.0,99.0,123.0,153.0,197.0,262.0,349.0,439.0,559.0,680.0,849.0,920.0,,,,,,
Líbano,0.0,0.0,3.0,4.0,6.0,16.0,19.0,21.0,22.0,24.0,25.0,26.0,26.0,26.0,28.0,31.0,32.0,33.0,35.0,36.0,40.0,43.0,57.0,70.0,92.0,113.0,146.0,179.0,219.0,263.0,329.0,374.0,439.0,501.0,552.0,610.0,683.0,775.0,868.0,974.0,1067.0,1170.0,1248.0,1353.0,1468.0,1566.0,1781.0,,,,,
Lesoto,0.0,0.0,0.0,0.0,0.0,0.0,0.0,0.0,3.0,6.0,12.0,21.0,24.0,30.0,30.0,31.0,31.0,33.0,33.0,35.0,39.0,42.0,43.0,43.0,44.0,44.0,44.0,44.0,44.0,44.0,44.0,48.0,51.0,65.0,85.0,89.0,,,,,,,,,,,,,,,,
Libéria,0.0,0.0,3.0,5.0,8.0,12.0,18.0,20.0,21.0,26.0,27.0,30.0,32.0,34.0,34.0,37.0,51.0,70.0,72.0,77.0,79.0,82.0,82.0,82.0,82.0,82.0,82.0,82.0,82.0,82.0,82.0,82.0,82.0,82.0,82.0,82.0,83.0,83.0,83.0,83.0,83.0,83.0,83.0,84.0,,,,,,,,
Líbia,0.0,1.0,1.0,1.0,2.0,3.0,3.0,3.0,3.0,5.0,5.0,10.0,10.0,23.0,34.0,40.0,49.0,64.0,93.0,125.0,157.0,199.0,237.0,296.0,368.0,450.0,527.0,596.0,644.0,732.0,801.0,880.0,944.0,1025.0,1102.0,1183.0,1243.0,1314.0,1369.0,1440.0,1526.0,1589.0,1645.0,,,,,,,,,
Liechtenstein,0.0,0.0,0.0,0.0,1.0,1.0,1.0,1.0,1.0,1.0,1.0,1.0,1.0,1.0,1.0,1.0,1.0,1.0,1.0,1.0,1.0,1.0,1.0,1.0,1.0,1.0,1.0,1.0,1.0,1.0,1.0,1.0,1.0,1.0,3.0,4.0,8.0,13.0,16.0,19.0,21.0,28.0,38.0,45.0,49.0,49.0,,,,,,
Lituânia,0.0,0.0,0.0,4.0,9.0,16.0,32.0,40.0,45.0,49.0,54.0,61.0,68.0,71.0,74.0,76.0,78.0,78.0,79.0,79.0,80.0,80.0,81.0,81.0,82.0,85.0,86.0,86.0,87.0,89.0,92.0,102.0,110.0,125.0,150.0,186.0,244.0,341.0,449.0,564.0,735.0,933.0,1186.0,1458.0,2076.0,2346.0,,,,,,
Luxemburgo,0.0,0.0,4.0,15.0,31.0,54.0,72.0,85.0,92.0,100.0,104.0,109.0,110.0,110.0,110.0,110.0,110.0,110.0,110.0,111.0,112.0,114.0,119.0,122.0,124.0,124.0,124.0,124.0,124.0,124.0,125.0,130.0,133.0,141.0,152.0,180.0,219.0,260.0,300.0,345.0,392.0,434.0,458.0,495.0,527.0,545.0,,,,,,
MS Zaandam,2.0,2.0,2.0,2.0,2.0,2.0,2.0,2.0,2.0,2.0,2.0,2.0,2.0,2.0,2.0,2.0,2.0,2.0,2.0,2.0,2.0,2.0,2.0,2.0,2.0,2.0,2.0,2.0,2.0,2.0,2.0,2.0,2.0,2.0,2.0,2.0,2.0,2.0,2.0,2.0,2.0,2.0,,,,,,,,,,
Madagascar,0.0,0.0,0.0,0.0,0.0,0.0,0.0,0.0,2.0,2.0,7.0,10.0,13.0,16.0,24.0,33.0,53.0,70.0,105.0,134.0,162.0,177.0,184.0,197.0,208.0,216.0,227.0,232.0,235.0,237.0,238.0,244.0,244.0,249.0,250.0,251.0,255.0,255.0,259.0,260.0,261.0,262.0,267.0,,,,,,,,,
Malawi,1.0,2.0,3.0,3.0,3.0,3.0,3.0,4.0,4.0,4.0,6.0,11.0,16.0,24.0,43.0,76.0,103.0,136.0,152.0,164.0,173.0,175.0,176.0,178.0,179.0,179.0,180.0,181.0,183.0,184.0,184.0,185.0,185.0,185.0,185.0,186.0,187.0,187.0,189.0,199.0,254.0,275.0,,,,,,,,,,
Malásia,0.0,0.0,0.0,0.0,0.0,0.0,0.0,3.0,26.0,53.0,70.0,86.0,96.0,103.0,107.0,112.0,115.0,115.0,116.0,119.0,121.0,121.0,121.0,121.0,122.0,123.0,125.0,125.0,125.0,125.0,125.0,128.0,128.0,129.0,133.0,136.0,152.0,176.0,214.0,249.0,279.0,304.0,329.0,350.0,376.0,402.0,432.0,449.0,474.0,537.0,578.0,
Maldivas,0.0,0.0,0.0,0.0,0.0,0.0,0.0,1.0,3.0,4.0,4.0,5.0,8.0,8.0,8.0,8.0,10.0,13.0,15.0,15.0,17.0,19.0,22.0,26.0,28.0,29.0,31.0,33.0,34.0,34.0,34.0,36.0,37.0,38.0,39.0,42.0,45.0,46.0,47.0,48.0,48.0,48.0,48.0,49.0,49.0,,,,,,,
Mali,2.0,5.0,13.0,14.0,24.0,32.0,40.0,53.0,70.0,78.0,94.0,104.0,111.0,116.0,119.0,121.0,122.0,124.0,124.0,125.0,125.0,125.0,126.0,127.0,128.0,129.0,131.0,131.0,132.0,132.0,136.0,136.0,137.0,141.0,148.0,160.0,180.0,205.0,225.0,262.0,284.0,303.0,305.0,,,,,,,,,
Malta,0.0,0.0,0.0,0.0,2.0,3.0,3.0,4.0,5.0,6.0,6.0,9.0,9.0,9.0,9.0,9.0,9.0,9.0,9.0,9.0,9.0,9.0,9.0,10.0,10.0,13.0,15.0,17.0,29.0,37.0,41.0,45.0,49.0,61.0,73.0,92.0,108.0,128.0,149.0,166.0,183.0,203.0,219.0,230.0,235.0,,,,,,,
Ilhas Marshall,0.0,0.0,0.0,0.0,0.0,0.0,0.0,0.0,0.0,0.0,0.0,0.0,,,,,,,,,,,,,,,,,,,,,,,,,,,,,,,,,,,,,,,,
Mauritânia,0.0,0.0,1.0,1.0,1.0,1.0,1.0,1.0,3.0,6.0,20.0,43.0,81.0,102.0,120.0,129.0,146.0,151.0,156.0,157.0,157.0,157.0,158.0,158.0,160.0,161.0,161.0,161.0,162.0,163.0,163.0,163.0,163.0,165.0,165.0,169.0,172.0,182.0,210.0,264.0,314.0,349.0,382.0,396.0,,,,,,,,
Ilhas Maurício,2.0,5.0,7.0,9.0,9.0,10.0,10.0,10.0,10.0,10.0,10.0,10.0,10.0,10.0,10.0,10.0,10.0,10.0,10.0,10.0,10.0,10.0,10.0,10.0,10.0,10.0,10.0,10.0,10.0,10.0,10.0,10.0,10.0,10.0,10.0,10.0,10.0,10.0,10.0,10.0,10.0,10.0,10.0,10.0,,,,,,,,
México,0.0,0.0,1.0,8.0,50.0,194.0,486.0,1069.0,1859.0,2961.0,4477.0,6510.0,9044.0,12545.0,15944.0,19747.0,25060.0,29189.0,33526.0,37574.0,41908.0,46000.0,50517.0,55293.0,59106.0,62594.0,66329.0,69649.0,72179.0,75439.0,78078.0,83096.0,85285.0,87415.0,90773.0,93772.0,97056.0,100104.0,104242.0,108173.0,112326.0,116487.0,121172.0,125807.0,131031.0,137916.0,,,,,,
Moldávia,0.0,1.0,2.0,12.0,30.0,57.0,94.0,124.0,161.0,207.0,242.0,291.0,331.0,398.0,464.0,521.0,580.0,640.0,680.0,732.0,788.0,841.0,895.0,935.0,990.0,1063.0,1117.0,1201.0,1279.0,1353.0,1458.0,1569.0,1669.0,1785.0,1891.0,2006.0,2130.0,2269.0,2403.0,2547.0,2727.0,2883.0,3020.0,3130.0,3211.0,,,,,,,
Mónaco,0.0,0.0,0.0,0.0,1.0,1.0,3.0,4.0,4.0,4.0,4.0,4.0,4.0,4.0,4.0,4.0,4.0,4.0,4.0,4.0,4.0,4.0,4.0,4.0,4.0,4.0,4.0,1.0,1.0,2.0,2.0,2.0,2.0,2.0,2.0,2.0,2.0,3.0,3.0,3.0,3.0,3.0,3.0,3.0,4.0,7.0,,,,,,
Mongólia,0.0,0.0,0.0,0.0,0.0,0.0,0.0,0.0,0.0,0.0,0.0,0.0,0.0,0.0,0.0,0.0,0.0,0.0,0.0,0.0,0.0,0.0,0.0,0.0,0.0,0.0,0.0,0.0,0.0,0.0,0.0,0.0,0.0,0.0,0.0,0.0,0.0,0.0,0.0,0.0,0.0,0.0,1.0,2.0,2.0,,,,,,,
Montenegro,1.0,1.0,2.0,3.0,5.0,7.0,8.0,9.0,9.0,9.0,9.0,9.0,9.0,9.0,11.0,14.0,24.0,32.0,45.0,52.0,68.0,80.0,84.0,100.0,109.0,121.0,138.0,163.0,182.0,211.0,240.0,270.0,320.0,342.0,396.0,444.0,499.0,543.0,585.0,630.0,675.0,692.0,729.0,740.0,,,,,,,,
Marrocos,0.0,1.0,4.0,26.0,70.0,118.0,141.0,161.0,174.0,188.0,192.0,199.0,205.0,208.0,212.0,214.0,221.0,235.0,250.0,273.0,313.0,382.0,498.0,658.0,888.0,1111.0,1361.0,1578.0,1830.0,2069.0,2330.0,2605.0,2928.0,3301.0,3762.0,4272.0,4779.0,5316.0,5789.0,6245.0,6624.0,6957.0,7240.0,7485.0,7743.0,7854.0,,,,,,
Moçambique,0.0,0.0,0.0,0.0,0.0,0.0,0.0,0.0,0.0,2.0,2.0,2.0,4.0,5.0,7.0,9.0,10.0,11.0,12.0,16.0,19.0,20.0,22.0,26.0,35.0,41.0,54.0,64.0,70.0,74.0,85.0,92.0,99.0,110.0,123.0,129.0,133.0,140.0,147.0,159.0,168.0,187.0,211.0,,,,,,,,,
Namíbia,0.0,0.0,0.0,0.0,0.0,0.0,0.0,0.0,0.0,0.0,0.0,0.0,0.0,0.0,0.0,0.0,1.0,2.0,7.0,10.0,16.0,31.0,42.0,65.0,87.0,98.0,108.0,119.0,123.0,127.0,131.0,133.0,133.0,133.0,138.0,143.0,149.0,152.0,160.0,169.0,187.0,208.0,245.0,275.0,,,,,,,,
Nepal,0.0,0.0,0.0,0.0,0.0,0.0,0.0,0.0,0.0,0.0,0.0,0.0,0.0,0.0,0.0,0.0,3.0,6.0,11.0,16.0,22.0,27.0,32.0,35.0,40.0,44.0,56.0,70.0,99.0,137.0,195.0,271.0,322.0,390.0,459.0,520.0,600.0,715.0,829.0,920.0,1070.0,1202.0,1298.0,1435.0,1567.0,1674.0,1765.0,1816.0,1864.0,1909.0,1943.0,
Países Baixos,0.0,5.0,58.0,357.0,1175.0,2255.0,3145.0,4068.0,4727.0,5221.0,5581.0,5767.0,5890.0,5996.0,6061.0,6093.0,6116.0,6134.0,6154.0,6156.0,6158.0,6178.0,6173.0,6182.0,6204.0,6241.0,6267.0,6281.0,6303.0,6344.0,6457.0,6574.0,6720.0,6934.0,7265.0,7748.0,8286.0,8772.0,9185.0,9584.0,9923.0,10333.0,10825.0,11417.0,12096.0,12786.0,12875.0,,,,,
Nova Zelândia,0.0,0.0,0.0,0.0,1.0,1.0,9.0,17.0,19.0,21.0,21.0,21.0,22.0,22.0,22.0,22.0,22.0,22.0,22.0,22.0,22.0,22.0,22.0,22.0,22.0,22.0,22.0,24.0,25.0,25.0,25.0,25.0,25.0,25.0,25.0,25.0,25.0,25.0,25.0,25.0,25.0,25.0,25.0,25.0,25.0,25.0,,,,,,
Nicarágua,0.0,1.0,1.0,1.0,2.0,3.0,5.0,8.0,17.0,35.0,46.0,55.0,64.0,74.0,83.0,91.0,99.0,108.0,116.0,123.0,128.0,133.0,137.0,141.0,144.0,147.0,149.0,151.0,153.0,154.0,155.0,156.0,156.0,158.0,159.0,160.0,161.0,162.0,163.0,164.0,165.0,166.0,167.0,167.0,,,,,,,,
Níger,1.0,5.0,11.0,14.0,24.0,32.0,42.0,50.0,60.0,64.0,65.0,65.0,67.0,67.0,68.0,68.0,69.0,69.0,69.0,69.0,69.0,69.0,69.0,69.0,69.0,69.0,69.0,69.0,69.0,69.0,69.0,69.0,69.0,69.0,70.0,70.0,76.0,80.0,84.0,90.0,104.0,119.0,137.0,,,,,,,,,
Nigéria,0.0,0.0,0.0,1.0,2.0,7.0,13.0,31.0,58.0,107.0,167.0,211.0,259.0,323.0,387.0,475.0,549.0,616.0,689.0,769.0,833.0,878.0,930.0,966.0,992.0,1011.0,1048.0,1075.0,1093.0,1102.0,1112.0,1113.0,1116.0,1127.0,1141.0,1155.0,1162.0,1165.0,1169.0,1179.0,1190.0,1201.0,1242.0,1289.0,1330.0,1405.0,,,,,,
Macedônia do Norte,0.0,0.0,0.0,2.0,9.0,26.0,44.0,55.0,71.0,86.0,92.0,106.0,116.0,141.0,157.0,201.0,251.0,302.0,351.0,389.0,432.0,471.0,505.0,529.0,549.0,573.0,604.0,631.0,661.0,705.0,737.0,768.0,800.0,850.0,949.0,1049.0,1186.0,1376.0,1561.0,1792.0,1977.0,2169.0,2340.0,2473.0,2559.0,2647.0,2672.0,,,,,
Noruega,0.0,0.0,3.0,12.0,39.0,89.0,139.0,182.0,206.0,215.0,228.0,233.0,235.0,237.0,239.0,242.0,248.0,250.0,251.0,253.0,255.0,255.0,256.0,256.0,262.0,264.0,264.0,264.0,265.0,267.0,274.0,275.0,277.0,278.0,280.0,282.0,285.0,298.0,314.0,334.0,361.0,395.0,405.0,433.0,452.0,482.0,511.0,,,,,
Omã,0.0,0.0,0.0,0.0,0.0,2.0,4.0,7.0,10.0,12.0,17.0,22.0,37.0,49.0,75.0,104.0,131.0,163.0,213.0,257.0,318.0,384.0,421.0,513.0,572.0,609.0,677.0,728.0,780.0,846.0,909.0,977.0,1038.0,1101.0,1174.0,1246.0,1301.0,1338.0,1380.0,1418.0,1444.0,1471.0,1488.0,1495.0,1501.0,1508.0,1509.0,,,,,
Paquistão,0.0,0.0,0.0,7.0,26.0,57.0,96.0,201.0,312.0,514.0,737.0,939.0,1197.0,1621.0,2172.0,2839.0,3695.0,4304.0,4839.0,5320.0,5639.0,5842.0,5999.0,6097.0,6175.0,6244.0,6294.0,6350.0,6389.0,6424.0,6474.0,6523.0,6588.0,6673.0,6745.0,6849.0,7000.0,7193.0,7744.0,8091.0,8487.0,8905.0,9474.0,9992.0,10409.0,10717.0,10863.0,,,,,
Panamá,1.0,6.0,24.0,54.0,87.0,126.0,167.0,200.0,249.0,279.0,310.0,344.0,398.0,448.0,521.0,620.0,770.0,932.0,1127.0,1322.0,1497.0,1664.0,1788.0,1906.0,2002.0,2099.0,2173.0,2272.0,2348.0,2430.0,2502.0,2574.0,2638.0,2720.0,2808.0,2881.0,2973.0,3079.0,3212.0,3382.0,3597.0,3892.0,4197.0,4500.0,4651.0,,,,,,,
Papua-Nova Guiné,0.0,0.0,0.0,0.0,0.0,0.0,0.0,0.0,0.0,0.0,0.0,0.0,0.0,0.0,0.0,0.0,0.0,1.0,2.0,3.0,3.0,4.0,4.0,5.0,5.0,6.0,7.0,7.0,7.0,7.0,7.0,7.0,7.0,7.0,7.0,7.0,7.0,7.0,8.0,9.0,9.0,9.0,9.0,,,,,,,,,
Paraguai,0.0,1.0,3.0,3.0,6.0,8.0,9.0,10.0,10.0,11.0,11.0,11.0,11.0,11.0,13.0,15.0,20.0,21.0,29.0,40.0,52.0,72.0,127.0,192.0,294.0,412.0,514.0,636.0,782.0,913.0,1065.0,1179.0,1293.0,1404.0,1479.0,1569.0,1652.0,1731.0,1833.0,1937.0,2072.0,2174.0,2279.0,2387.0,2466.0,,,,,,,
Peru,0.0,0.0,9.0,55.0,138.0,274.0,572.0,1051.0,1627.0,2267.0,3148.0,4099.0,5031.0,6088.0,7461.0,8761.0,10045.0,11314.0,12615.0,17654.0,18816.0,20424.0,21713.0,26834.0,28124.0,29068.0,30236.0,31051.0,31870.0,32463.0,33009.0,33577.0,33984.0,34315.0,34730.0,35031.0,35317.0,35685.0,36076.0,36499.0,36858.0,37218.0,37680.0,37925.0,38399.0,,,,,,,
Filipinas,1.0,1.0,1.0,1.0,1.0,1.0,19.0,38.0,96.0,182.0,349.0,446.0,558.0,658.0,772.0,842.0,904.0,974.0,1027.0,1108.0,1204.0,1270.0,1314.0,1614.0,1843.0,1962.0,2123.0,2404.0,2795.0,3137.0,3623.0,3986.0,4732.0,5091.0,5504.0,5925.0,6449.0,6747.0,7114.0,7367.0,7710.0,7957.0,8215.0,8436.0,8677.0,8833.0,9048.0,9230.0,9347.0,9699.0,9739.0,
Polónia,0.0,5.0,10.0,33.0,129.0,263.0,401.0,596.0,716.0,839.0,948.0,1024.0,1092.0,1183.0,1272.0,1375.0,1463.0,1528.0,1588.0,1636.0,1682.0,1738.0,1821.0,1896.0,1977.0,2058.0,2136.0,2227.0,2316.0,2483.0,2717.0,3101.0,3721.0,4615.0,6102.0,8375.0,10848.0,14314.0,17599.0,20592.0,23309.0,25783.0,27454.0,29502.0,31593.0,32456.0,,,,,,
Portugal,0.0,0.0,14.0,119.0,295.0,504.0,714.0,903.0,1043.0,1135.0,1218.0,1316.0,1410.0,1479.0,1517.0,1530.0,1564.0,1614.0,1660.0,1689.0,1717.0,1738.0,1756.0,1778.0,1796.0,1819.0,1840.0,1867.0,1912.0,1953.0,2005.0,2080.0,2181.0,2316.0,2544.0,2896.0,3381.0,3897.0,4427.0,4963.0,5559.0,6134.0,6619.0,7118.0,7803.0,8384.0,,,,,,
Catar,0.0,0.0,0.0,0.0,3.0,6.0,7.0,10.0,12.0,12.0,14.0,19.0,36.0,49.0,70.0,93.0,109.0,121.0,146.0,153.0,164.0,174.0,180.0,190.0,193.0,196.0,201.0,205.0,209.0,212.0,215.0,219.0,222.0,229.0,232.0,232.0,234.0,235.0,237.0,239.0,240.0,242.0,244.0,245.0,246.0,246.0,,,,,,
Roménia,0.0,0.0,0.0,11.0,82.0,197.0,351.0,498.0,663.0,841.0,1002.0,1137.0,1216.0,1288.0,1354.0,1437.0,1539.0,1651.0,1799.0,1931.0,2074.0,2239.0,2480.0,2764.0,3074.0,3367.0,3681.0,3967.0,4236.0,4503.0,4792.0,5121.0,5535.0,5996.0,6574.0,7273.0,8186.0,9261.0,10373.0,11530.0,12660.0,13698.0,14636.0,15469.0,16178.0,16881.0,17035.0,,,,,
Rússia,0.0,0.0,0.0,0.0,0.0,0.0,1.0,3.0,30.0,76.0,232.0,555.0,1073.0,1625.0,2305.0,3099.0,4142.0,5376.0,6522.0,7650.0,8594.0,9668.0,10826.0,11920.0,12873.0,13778.0,14579.0,15353.0,16058.0,16758.0,17479.0,18207.0,18996.0,19867.0,20796.0,21939.0,23350.0,25072.0,27111.0,29285.0,31755.0,34525.0,37688.0,41173.0,44769.0,48568.0,52434.0,56271.0,59628.0,63016.0,,
Ruanda,0.0,0.0,0.0,0.0,0.0,0.0,0.0,0.0,0.0,0.0,0.0,2.0,2.0,2.0,2.0,3.0,3.0,4.0,5.0,5.0,5.0,8.0,11.0,16.0,18.0,22.0,25.0,29.0,29.0,30.0,34.0,34.0,35.0,36.0,42.0,46.0,47.0,51.0,54.0,57.0,69.0,94.0,115.0,133.0,,,,,,,,
São Cristóvão e Névis,0.0,0.0,0.0,0.0,0.0,0.0,0.0,0.0,0.0,0.0,0.0,0.0,0.0,0.0,0.0,0.0,0.0,0.0,0.0,0.0,0.0,0.0,0.0,0.0,0.0,0.0,0.0,0.0,0.0,0.0,0.0,0.0,0.0,0.0,0.0,0.0,0.0,0.0,0.0,0.0,0.0,0.0,0.0,,,,,,,,,
Santa Lúcia,0.0,0.0,0.0,0.0,0.0,0.0,0.0,0.0,0.0,0.0,0.0,0.0,0.0,0.0,0.0,0.0,0.0,0.0,0.0,0.0,0.0,0.0,0.0,0.0,0.0,0.0,0.0,0.0,0.0,0.0,0.0,0.0,0.0,0.0,2.0,2.0,2.0,2.0,4.0,5.0,5.0,5.0,5.0,6.0,,,,,,,,
São Vicente e Granadinas,0.0,0.0,0.0,0.0,0.0,0.0,0.0,0.0,0.0,0.0,0.0,0.0,0.0,0.0,0.0,0.0,0.0,0.0,0.0,0.0,0.0,0.0,0.0,0.0,0.0,0.0,0.0,0.0,0.0,0.0,0.0,0.0,0.0,0.0,0.0,0.0,0.0,0.0,0.0,0.0,0.0,0.0,0.0,0.0,,,,,,,,
Samoa,0.0,0.0,0.0,0.0,0.0,0.0,0.0,0.0,0.0,,,,,,,,,,,,,,,,,,,,,,,,,,,,,,,,,,,,,,,,,,,
San Marino,1.0,2.0,11.0,21.0,26.0,34.0,36.0,40.0,41.0,41.0,41.0,41.0,42.0,42.0,42.0,42.0,42.0,42.0,42.0,42.0,42.0,42.0,42.0,42.0,42.0,42.0,42.0,42.0,42.0,42.0,42.0,42.0,42.0,42.0,42.0,42.0,42.0,43.0,44.0,46.0,49.0,54.0,56.0,59.0,62.0,65.0,65.0,,,,,
São Tomé e Príncipe,0.0,0.0,0.0,1.0,5.0,7.0,8.0,12.0,12.0,12.0,12.0,13.0,13.0,14.0,14.0,14.0,15.0,15.0,15.0,15.0,15.0,15.0,15.0,15.0,15.0,15.0,15.0,15.0,15.0,16.0,16.0,16.0,17.0,17.0,17.0,17.0,17.0,17.0,17.0,17.0,17.0,,,,,,,,,,,
Arábia Saudita,0.0,0.0,0.0,8.0,34.0,59.0,97.0,139.0,184.0,246.0,312.0,390.0,503.0,712.0,972.0,1267.0,1551.0,1916.0,2223.0,2486.0,2733.0,2917.0,3167.0,3408.0,3649.0,3870.0,4081.0,4268.0,4485.0,4683.0,4875.0,5043.0,5185.0,5296.0,5420.0,5540.0,5657.0,5780.0,5884.0,5965.0,6048.0,6122.0,6185.0,6246.0,6291.0,6310.0,,,,,,
Senegal,0.0,0.0,0.0,0.0,2.0,2.0,3.0,9.0,9.0,19.0,25.0,35.0,42.0,49.0,60.0,84.0,105.0,133.0,148.0,167.0,191.0,209.0,232.0,253.0,269.0,284.0,290.0,297.0,302.0,308.0,312.0,314.0,317.0,321.0,325.0,326.0,328.0,330.0,333.0,338.0,349.0,365.0,388.0,421.0,465.0,496.0,,,,,,
Sérvia,0.0,0.0,4.0,31.0,66.0,103.0,139.0,179.0,206.0,224.0,237.0,241.0,246.0,252.0,258.0,264.0,287.0,352.0,442.0,508.0,565.0,621.0,661.0,689.0,707.0,718.0,729.0,738.0,745.0,750.0,760.0,770.0,783.0,809.0,861.0,955.0,1110.0,1366.0,1765.0,2172.0,2529.0,2882.0,3211.0,3479.0,3687.0,,,,,,,
Seychelles,0.0,0.0,0.0,0.0,0.0,0.0,0.0,0.0,0.0,0.0,0.0,0.0,0.0,0.0,0.0,0.0,0.0,0.0,0.0,0.0,0.0,0.0,0.0,0.0,0.0,0.0,0.0,0.0,0.0,0.0,0.0,0.0,0.0,0.0,0.0,0.0,0.0,0.0,0.0,0.0,0.0,0.0,1.0,1.0,,,,,,,,
Serra Leoa,0.0,0.0,0.0,4.0,9.0,19.0,33.0,42.0,46.0,49.0,51.0,55.0,60.0,62.0,63.0,66.0,66.0,67.0,69.0,69.0,69.0,70.0,71.0,72.0,72.0,72.0,72.0,72.0,73.0,74.0,74.0,74.0,74.0,74.0,74.0,74.0,75.0,75.0,76.0,76.0,77.0,77.0,,,,,,,,,,
Singapura,0.0,0.0,0.0,0.0,0.0,0.0,0.0,0.0,2.0,3.0,6.0,10.0,12.0,14.0,20.0,21.0,22.0,23.0,24.0,25.0,26.0,26.0,26.0,26.0,27.0,27.0,27.0,27.0,27.0,27.0,27.0,27.0,27.0,27.0,27.0,27.0,27.0,28.0,28.0,28.0,28.0,28.0,28.0,28.0,29.0,29.0,29.0,29.0,29.0,29.0,29.0,29.0
Eslováquia,0.0,1.0,1.0,1.0,2.0,8.0,15.0,23.0,26.0,27.0,28.0,28.0,28.0,28.0,28.0,28.0,28.0,28.0,28.0,28.0,28.0,29.0,31.0,33.0,33.0,37.0,37.0,39.0,41.0,48.0,57.0,71.0,115.0,200.0,286.0,464.0,579.0,749.0,930.0,1104.0,1378.0,1732.0,2138.0,2717.0,3260.0,,,,,,,
Eslovénia,0.0,1.0,5.0,15.0,40.0,61.0,79.0,89.0,99.0,103.0,105.0,108.0,109.0,109.0,109.0,109.0,111.0,111.0,111.0,115.0,117.0,124.0,129.0,129.0,133.0,134.0,135.0,135.0,143.0,150.0,159.0,175.0,200.0,278.0,441.0,645.0,919.0,1199.0,1547.0,1900.0,2190.0,2454.0,2665.0,2899.0,3070.0,3093.0,,,,,,
Ilhas Salomão,0.0,0.0,0.0,0.0,0.0,0.0,0.0,0.0,0.0,0.0,0.0,0.0,0.0,0.0,,,,,,,,,,,,,,,,,,,,,,,,,,,,,,,,,,,,,,
Somália,0.0,0.0,0.0,1.0,7.0,23.0,32.0,51.0,56.0,61.0,78.0,83.0,88.0,90.0,90.0,92.0,93.0,93.0,93.0,93.0,93.0,93.0,93.0,98.0,98.0,98.0,98.0,99.0,99.0,99.0,99.0,104.0,104.0,107.0,107.0,113.0,113.0,121.0,121.0,124.0,127.0,130.0,130.0,130.0,,,,,,,,
África do Sul,0.0,0.0,0.0,5.0,18.0,34.0,65.0,103.0,153.0,219.0,339.0,552.0,792.0,1210.0,1674.0,2205.0,2749.0,3602.0,4453.0,5940.0,7497.0,9298.0,11010.0,12423.0,13502.0,14389.0,15168.0,15705.0,16206.0,16734.0,17248.0,18151.0,18741.0,19111.0,19585.0,20011.0,20556.0,21201.0,21709.0,22574.0,23827.0,25657.0,28033.0,31368.0,35140.0,35852.0,,,,,,
Sudão do Sul,0.0,0.0,0.0,0.0,0.0,4.0,8.0,10.0,10.0,27.0,34.0,36.0,38.0,38.0,43.0,45.0,46.0,47.0,47.0,47.0,47.0,48.0,49.0,49.0,49.0,50.0,54.0,55.0,56.0,58.0,59.0,59.0,60.0,61.0,62.0,62.0,62.0,62.0,63.0,63.0,63.0,,,,,,,,,,,
Espanha,0.0,0.0,0.0,0.0,5.0,133.0,1043.0,5138.0,11198.0,16081.0,20002.0,22524.0,24543.0,26299.0,27459.0,28628.0,28752.0,27134.0,27136.0,28315.0,28338.0,28385.0,28403.0,28420.0,28432.0,28445.0,28503.0,28617.0,28838.0,29011.0,29418.0,29747.0,30495.0,31232.0,32086.0,32929.0,33775.0,34752.0,35878.0,38833.0,40769.0,42619.0,44668.0,46252.0,47624.0,48926.0,49824.0,50837.0,51874.0,53079.0,,
Sri Lanka,0.0,0.0,0.0,0.0,0.0,0.0,0.0,0.0,1.0,5.0,7.0,7.0,7.0,7.0,9.0,9.0,9.0,10.0,11.0,11.0,11.0,11.0,11.0,11.0,11.0,11.0,11.0,11.0,11.0,12.0,12.0,12.0,12.0,13.0,13.0,13.0,13.0,13.0,16.0,21.0,35.0,58.0,87.0,116.0,140.0,152.0,176.0,191.0,211.0,232.0,251.0,
Sudão,1.0,1.0,2.0,2.0,5.0,16.0,31.0,52.0,90.0,121.0,195.0,333.0,413.0,487.0,556.0,602.0,641.0,668.0,708.0,725.0,763.0,792.0,812.0,823.0,823.0,833.0,836.0,836.0,836.0,836.0,836.0,836.0,837.0,837.0,1116.0,1179.0,1215.0,1271.0,1319.0,1408.0,1468.0,1468.0,1468.0,1576.0,,,,,,,,
Suriname,0.0,0.0,1.0,1.0,1.0,1.0,1.0,1.0,1.0,1.0,1.0,1.0,3.0,8.0,10.0,13.0,18.0,19.0,23.0,26.0,29.0,41.0,56.0,66.0,75.0,93.0,96.0,102.0,105.0,106.0,109.0,109.0,111.0,112.0,114.0,116.0,117.0,117.0,117.0,117.0,119.0,123.0,131.0,139.0,,,,,,,,
Suécia,0.0,0.0,0.0,0.0,0.0,3.0,38.0,201.0,605.0,1258.0,1925.0,2484.0,3027.0,3540.0,3942.0,4316.0,4588.0,4850.0,5093.0,5299.0,5438.0,5553.0,5641.0,5705.0,5747.0,5766.0,5785.0,5804.0,5816.0,5821.0,5835.0,5846.0,5865.0,5880.0,5895.0,5895.0,5918.0,5933.0,5972.0,6022.0,6164.0,6406.0,6681.0,7067.0,7514.0,7993.0,8279.0,8727.0,9433.0,10185.0,,
Suíça,0.0,2.0,14.0,120.0,359.0,765.0,1138.0,1429.0,1665.0,1784.0,1845.0,1886.0,1913.0,1920.0,1923.0,1939.0,1956.0,1962.0,1965.0,1968.0,1971.0,1978.0,1981.0,1987.0,1991.0,2001.0,2006.0,2014.0,2025.0,2050.0,2065.0,2078.0,2096.0,2138.0,2145.0,2404.0,2902.0,3536.0,4222.0,4815.0,5495.0,6154.0,6781.0,7362.0,7918.0,8364.0,8586.0,,,,,
Síria,0.0,2.0,2.0,2.0,3.0,3.0,3.0,3.0,4.0,4.0,6.0,6.0,7.0,9.0,10.0,16.0,25.0,36.0,43.0,50.0,60.0,85.0,106.0,130.0,152.0,170.0,188.0,204.0,221.0,245.0,267.0,288.0,313.0,341.0,372.0,409.0,442.0,506.0,601.0,669.0,723.0,768.0,809.0,,,,,,,,,
Taiwan,0.0,0.0,0.0,1.0,1.0,1.0,1.0,1.0,2.0,5.0,5.0,6.0,6.0,6.0,6.0,7.0,7.0,7.0,7.0,7.0,7.0,7.0,7.0,7.0,7.0,7.0,7.0,7.0,7.0,7.0,7.0,7.0,7.0,7.0,7.0,7.0,7.0,7.0,7.0,7.0,7.0,7.0,7.0,7.0,7.0,7.0,7.0,7.0,7.0,7.0,7.0,7.0
Tajiquistão,8.0,23.0,41.0,47.0,48.0,48.0,51.0,52.0,52.0,54.0,56.0,58.0,60.0,61.0,63.0,65.0,67.0,69.0,71.0,73.0,74.0,76.0,78.0,79.0,80.0,82.0,83.0,84.0,86.0,86.0,87.0,88.0,89.0,89.0,90.0,90.0,90.0,90.0,,,,,,,,,,,,,,
Tanzânia,0.0,0.0,1.0,3.0,7.0,10.0,16.0,21.0,21.0,21.0,21.0,21.0,21.0,21.0,21.0,21.0,21.0,21.0,21.0,21.0,21.0,21.0,21.0,21.0,21.0,21.0,21.0,21.0,21.0,21.0,21.0,21.0,21.0,21.0,21.0,21.0,21.0,21.0,21.0,21.0,21.0,21.0,21.0,21.0,,,,,,,,
Tailândia,0.0,0.0,0.0,0.0,0.0,1.0,1.0,1.0,4.0,10.0,27.0,41.0,48.0,54.0,54.0,56.0,56.0,57.0,58.0,58.0,58.0,58.0,58.0,58.0,58.0,58.0,58.0,58.0,58.0,58.0,58.0,58.0,58.0,58.0,59.0,59.0,59.0,59.0,59.0,59.0,59.0,60.0,60.0,60.0,60.0,60.0,60.0,60.0,61.0,66.0,67.0,69.0
Timor-Leste,0.0,0.0,0.0,0.0,0.0,0.0,0.0,0.0,0.0,0.0,0.0,0.0,0.0,0.0,0.0,0.0,0.0,0.0,0.0,0.0,0.0,0.0,0.0,0.0,0.0,0.0,0.0,0.0,0.0,0.0,0.0,0.0,0.0,0.0,0.0,0.0,0.0,0.0,0.0,0.0,0.0,0.0,0.0,,,,,,,,,
Togo,0.0,0.0,0.0,2.0,3.0,5.0,6.0,9.0,9.0,11.0,12.0,13.0,13.0,13.0,13.0,14.0,14.0,15.0,15.0,16.0,18.0,22.0,26.0,27.0,27.0,31.0,37.0,41.0,44.0,48.0,49.0,51.0,52.0,55.0,57.0,60.0,63.0,64.0,65.0,66.0,66.0,68.0,68.0,72.0,73.0,,,,,,,
Trinidad e Tobago,0.0,2.0,6.0,8.0,8.0,8.0,8.0,8.0,8.0,8.0,8.0,8.0,8.0,8.0,8.0,8.0,8.0,8.0,8.0,8.0,8.0,10.0,12.0,19.0,31.0,50.0,60.0,70.0,76.0,89.0,95.0,104.0,107.0,111.0,111.0,113.0,118.0,121.0,122.0,123.0,125.0,127.0,127.0,130.0,,,,,,,,
Tunísia,0.0,0.0,4.0,10.0,23.0,34.0,38.0,40.0,43.0,45.0,47.0,48.0,48.0,49.0,49.0,50.0,50.0,50.0,50.0,50.0,50.0,51.0,52.0,57.0,71.0,80.0,96.0,123.0,164.0,246.0,321.0,478.0,711.0,983.0,1483.0,2006.0,2445.0,2935.0,3260.0,3668.0,3956.0,4237.0,4570.0,4934.0,5343.0,5478.0,,,,,,
Turquia,1.0,44.0,214.0,725.0,1403.0,2259.0,2992.0,3520.0,3894.0,4199.0,4397.0,4585.0,4729.0,4842.0,5001.0,5131.0,5260.0,5402.0,5526.0,5645.0,5765.0,5873.0,6016.0,6163.0,6417.0,6782.0,7186.0,7639.0,8130.0,8553.0,8957.0,9445.0,9950.0,10481.0,11059.0,11704.0,12672.0,13936.0,15314.0,16881.0,18602.0,20388.0,21879.0,23152.0,23495.0,,,,,,,
Estados Unidos,0.0,0.0,0.0,0.0,0.0,7.0,28.0,133.0,1004.0,5278.0,16900.0,31824.0,47318.0,61106.0,74350.0,85428.0,95333.0,102277.0,109576.0,115057.0,119916.0,124142.0,127893.0,132145.0,137351.0,143207.0,150569.0,157910.0,164972.0,172242.0,178832.0,185053.0,190043.0,196127.0,201298.0,206490.0,211424.0,216466.0,221758.0,227531.0,233962.0,240968.0,249074.0,260234.0,271003.0,286538.0,304007.0,322970.0,338722.0,357276.0,380805.0,388533.0
Uganda,0.0,0.0,0.0,0.0,0.0,0.0,0.0,0.0,0.0,0.0,0.0,0.0,0.0,0.0,0.0,0.0,0.0,1.0,3.0,6.0,12.0,19.0,28.0,35.0,49.0,61.0,71.0,79.0,86.0,96.0,99.0,110.0,131.0,144.0,168.0,197.0,206.0,220.0,230.0,245.0,265.0,300.0,304.0,,,,,,,,,
Ucrânia,0.0,1.0,3.0,13.0,38.0,93.0,151.0,220.0,303.0,408.0,535.0,623.0,724.0,805.0,911.0,1022.0,1161.0,1278.0,1415.0,1517.0,1636.0,1762.0,1950.0,2122.0,2335.0,2605.0,2930.0,3273.0,3652.0,4082.0,4530.0,5143.0,5834.0,6641.0,7584.0,8812.0,10002.0,11423.0,12731.0,14208.0,15792.0,17293.0,18555.0,19712.0,20719.0,21300.0,,,,,,
Emirados Árabes Unidos,0.0,0.0,0.0,0.0,0.0,0.0,0.0,2.0,6.0,12.0,28.0,46.0,89.0,146.0,203.0,227.0,253.0,269.0,283.0,293.0,305.0,315.0,326.0,335.0,341.0,347.0,351.0,358.0,366.0,377.0,384.0,391.0,401.0,405.0,416.0,435.0,448.0,470.0,482.0,503.0,518.0,538.0,559.0,576.0,596.0,622.0,642.0,662.0,685.0,717.0,726.0,
Reino Unido,0.0,0.0,0.0,0.0,0.0,9.0,163.0,886.0,3787.0,9706.0,16059.0,21855.0,26754.0,30395.0,33071.0,35149.0,37039.0,38247.0,39186.0,39777.0,40256.0,40617.0,40870.0,41034.0,41141.0,41254.0,41343.0,41432.0,41489.0,41564.0,41616.0,41697.0,41794.0,41991.0,42292.0,42682.0,43383.0,44437.0,46045.0,48210.0,51020.0,53870.0,57128.0,60210.0,63179.0,66150.0,69732.0,73622.0,78632.0,86163.0,,
Uruguai,0.0,0.0,4.0,7.0,9.0,12.0,17.0,17.0,19.0,20.0,22.0,23.0,23.0,24.0,26.0,28.0,29.0,32.0,34.0,35.0,37.0,37.0,41.0,43.0,44.0,45.0,46.0,47.0,48.0,49.0,51.0,53.0,57.0,61.0,63.0,69.0,74.0,80.0,90.0,105.0,135.0,181.0,231.0,280.0,,,,,,,,
Uzbequistão,0.0,2.0,2.0,4.0,5.0,8.0,9.0,10.0,11.0,13.0,14.0,17.0,19.0,19.0,20.0,31.0,57.0,83.0,111.0,147.0,187.0,225.0,267.0,307.0,343.0,384.0,427.0,452.0,477.0,502.0,522.0,544.0,566.0,581.0,594.0,603.0,608.0,611.0,612.0,612.0,612.0,614.0,616.0,618.0,,,,,,,,
Vanuatu,0.0,0.0,0.0,0.0,0.0,0.0,0.0,0.0,0.0,0.0,,,,,,,,,,,,,,,,,,,,,,,,,,,,,,,,,,,,,,,,,,
Venezuela,0.0,1.0,7.0,9.0,9.0,10.0,16.0,10.0,10.0,10.0,14.0,20.0,23.0,30.0,41.0,59.0,83.0,107.0,134.0,164.0,208.0,266.0,317.0,366.0,412.0,468.0,530.0,591.0,643.0,684.0,725.0,764.0,793.0,821.0,844.0,866.0,888.0,913.0,944.0,979.0,1010.0,1030.0,1056.0,1090.0,,,,,,,,
Vietnã,0.0,0.0,0.0,0.0,0.0,0.0,0.0,0.0,0.0,0.0,0.0,0.0,0.0,0.0,0.0,0.0,0.0,0.0,0.0,0.0,0.0,0.0,0.0,0.0,0.0,0.0,0.0,9.0,18.0,26.0,30.0,34.0,35.0,35.0,35.0,35.0,35.0,35.0,35.0,35.0,35.0,35.0,35.0,35.0,35.0,35.0,35.0,35.0,35.0,35.0,35.0,35.0
Cisjordânia e Faixa de Gaza,0.0,0.0,0.0,1.0,1.0,2.0,2.0,2.0,2.0,2.0,2.0,3.0,3.0,3.0,3.0,3.0,8.0,20.0,44.0,66.0,80.0,89.0,105.0,119.0,137.0,162.0,192.0,243.0,272.0,311.0,355.0,393.0,427.0,465.0,504.0,538.0,589.0,665.0,763.0,890.0,1048.0,1226.0,1371.0,1519.0,1658.0,1665.0,,,,,,
Iémen,0.0,0.0,2.0,5.0,12.0,33.0,57.0,103.0,136.0,248.0,288.0,325.0,361.0,438.0,461.0,487.0,508.0,528.0,541.0,562.0,571.0,580.0,585.0,586.0,587.0,593.0,596.0,597.0,599.0,601.0,602.0,604.0,604.0,606.0,606.0,606.0,606.0,610.0,610.0,612.0,,,,,,,,,,,,
Zâmbia,0.0,0.0,1.0,2.0,3.0,3.0,3.0,7.0,7.0,7.0,7.0,10.0,11.0,18.0,24.0,42.0,42.0,128.0,142.0,173.0,241.0,264.0,282.0,290.0,297.0,324.0,331.0,332.0,335.0,345.0,346.0,348.0,349.0,350.0,353.0,357.0,357.0,364.0,368.0,379.0,385.0,412.0,495.0,514.0,,,,,,,,
Zimbábue,1.0,1.0,3.0,3.0,4.0,4.0,4.0,4.0,4.0,4.0,4.0,4.0,4.0,6.0,7.0,9.0,23.0,28.0,53.0,84.0,128.0,151.0,189.0,206.0,222.0,224.0,227.0,228.0,229.0,231.0,236.0,242.0,248.0,255.0,265.0,274.0,280.0,305.0,314.0,339.0,363.0,446.0,636.0,,,,,,,,,
